-1.200000000000000000e+02,1.976875000000000071e+01
-1.199599999999999937e+02,1.975312500000000071e+01
-1.199200000000000017e+02,1.989687500000000142e+01
-1.198799999999999955e+02,1.957500000000000284e+01
-1.198400000000000034e+02,1.979062500000000213e+01
-1.197999999999999972e+02,1.993125000000000213e+01
-1.197600000000000051e+02,1.975312500000000071e+01
-1.197199999999999989e+02,1.998437500000000355e+01
-1.196800000000000068e+02,1.994687499999999858e+01
-1.196400000000000006e+02,1.970625000000000071e+01
-1.196000000000000085e+02,1.973125000000000284e+01
-1.195600000000000023e+02,2.000625000000000142e+01
-1.195200000000000102e+02,2.016250000000000142e+01
-1.194800000000000040e+02,1.968750000000000000e+01
-1.194400000000000119e+02,1.992500000000000071e+01
-1.194000000000000057e+02,2.005937499999999929e+01
-1.193600000000000136e+02,1.964687500000000142e+01
-1.193200000000000074e+02,1.977812499999999929e+01
-1.192800000000000011e+02,1.983125000000000071e+01
-1.192400000000000091e+02,1.984375000000000000e+01
-1.192000000000000028e+02,1.973750000000000071e+01
-1.191600000000000108e+02,1.976250000000000284e+01
-1.191200000000000045e+02,1.981250000000000000e+01
-1.190799999999999983e+02,1.996875000000000000e+01
-1.190399999999999920e+02,1.955000000000000071e+01
-1.190000000000000000e+02,1.969687500000000213e+01
-1.189599999999999937e+02,1.970000000000000284e+01
-1.189200000000000017e+02,1.970937500000000142e+01
-1.188799999999999955e+02,1.981874999999999787e+01
-1.188400000000000034e+02,1.994687499999999858e+01
-1.187999999999999972e+02,2.000000000000000000e+01
-1.187600000000000051e+02,1.980625000000000213e+01
-1.187199999999999989e+02,1.998750000000000071e+01
-1.186800000000000068e+02,1.984062499999999929e+01
-1.186400000000000006e+02,1.988437499999999858e+01
-1.186000000000000085e+02,1.995312500000000355e+01
-1.185600000000000023e+02,1.990937500000000071e+01
-1.185199999999999960e+02,1.979687500000000355e+01
-1.184800000000000040e+02,1.988437499999999858e+01
-1.184399999999999977e+02,2.005937499999999929e+01
-1.184000000000000057e+02,1.984687500000000071e+01
-1.183599999999999994e+02,1.984999999999999787e+01
-1.183200000000000074e+02,1.990000000000000213e+01
-1.182800000000000011e+02,1.992812500000000142e+01
-1.182400000000000091e+02,2.000000000000000000e+01
-1.182000000000000028e+02,1.986562500000000142e+01
-1.181600000000000108e+02,1.974062500000000142e+01
-1.181200000000000045e+02,1.996250000000000213e+01
-1.180800000000000125e+02,1.987500000000000000e+01
-1.180400000000000063e+02,1.971250000000000213e+01
-1.180000000000000142e+02,1.988750000000000284e+01
-1.179600000000000080e+02,2.018125000000000213e+01
-1.179200000000000159e+02,1.960937500000000355e+01
-1.178800000000000097e+02,1.985312499999999858e+01
-1.178400000000000034e+02,1.977187500000000142e+01
-1.177999999999999972e+02,2.004687500000000355e+01
-1.177599999999999909e+02,1.996250000000000213e+01
-1.177199999999999989e+02,1.993750000000000000e+01
-1.176799999999999926e+02,2.013437499999999858e+01
-1.176400000000000006e+02,1.989062500000000355e+01
-1.175999999999999943e+02,1.976562500000000355e+01
-1.175600000000000023e+02,1.975937500000000213e+01
-1.175199999999999960e+02,1.980000000000000071e+01
-1.174800000000000040e+02,1.977500000000000213e+01
-1.174399999999999977e+02,1.973125000000000284e+01
-1.174000000000000057e+02,1.997812499999999858e+01
-1.173599999999999994e+02,1.984062499999999929e+01
-1.173200000000000074e+02,2.001875000000000071e+01
-1.172800000000000011e+02,1.989687500000000142e+01
-1.172400000000000091e+02,1.973125000000000284e+01
-1.172000000000000028e+02,2.019687499999999858e+01
-1.171599999999999966e+02,1.985625000000000284e+01
-1.171200000000000045e+02,1.980625000000000213e+01
-1.170799999999999983e+02,1.990000000000000213e+01
-1.170400000000000063e+02,2.018750000000000000e+01
-1.170000000000000000e+02,1.981250000000000000e+01
-1.169600000000000080e+02,2.018750000000000000e+01
-1.169200000000000017e+02,1.999687499999999929e+01
-1.168800000000000097e+02,1.978125000000000000e+01
-1.168400000000000034e+02,2.012187499999999929e+01
-1.168000000000000114e+02,1.987500000000000000e+01
-1.167600000000000051e+02,1.981562500000000071e+01
-1.167200000000000131e+02,1.997812499999999858e+01
-1.166800000000000068e+02,1.993750000000000000e+01
-1.166400000000000148e+02,1.984687500000000071e+01
-1.166000000000000085e+02,1.995312500000000355e+01
-1.165600000000000023e+02,1.983125000000000071e+01
-1.165199999999999960e+02,1.979687500000000355e+01
-1.164799999999999898e+02,1.998437500000000355e+01
-1.164399999999999977e+02,1.980312500000000142e+01
-1.163999999999999915e+02,1.974687499999999929e+01
-1.163599999999999994e+02,1.996875000000000000e+01
-1.163199999999999932e+02,1.997500000000000142e+01
-1.162800000000000011e+02,1.979062500000000213e+01
-1.162399999999999949e+02,1.999375000000000213e+01
-1.162000000000000028e+02,1.982187499999999858e+01
-1.161599999999999966e+02,2.011562500000000142e+01
-1.161200000000000045e+02,1.993437499999999929e+01
-1.160799999999999983e+02,1.988124999999999787e+01
-1.160400000000000063e+02,1.975000000000000000e+01
-1.160000000000000000e+02,1.978437500000000071e+01
-1.159600000000000080e+02,1.982187499999999858e+01
-1.159200000000000017e+02,1.992812500000000142e+01
-1.158800000000000097e+02,1.987812500000000071e+01
-1.158400000000000034e+02,1.986875000000000213e+01
-1.157999999999999972e+02,1.985937500000000355e+01
-1.157600000000000051e+02,2.010000000000000142e+01
-1.157200000000000131e+02,2.005312500000000142e+01
-1.156800000000000068e+02,1.986875000000000213e+01
-1.156400000000000006e+02,1.984375000000000000e+01
-1.156000000000000085e+02,1.989375000000000071e+01
-1.155600000000000023e+02,1.988437499999999858e+01
-1.155200000000000102e+02,1.962187499999999929e+01
-1.154800000000000040e+02,1.988124999999999787e+01
-1.154400000000000119e+02,1.987500000000000000e+01
-1.154000000000000057e+02,1.976250000000000284e+01
-1.153600000000000136e+02,2.002500000000000213e+01
-1.153200000000000074e+02,1.990000000000000213e+01
-1.152800000000000011e+02,1.969374999999999787e+01
-1.152399999999999949e+02,1.966875000000000284e+01
-1.152000000000000028e+02,1.980000000000000071e+01
-1.151599999999999966e+02,1.977187500000000142e+01
-1.151200000000000045e+02,1.977187500000000142e+01
-1.150799999999999983e+02,1.994687499999999858e+01
-1.150400000000000063e+02,1.992187500000000355e+01
-1.150000000000000000e+02,2.007812500000000355e+01
-1.149599999999999937e+02,2.022187500000000071e+01
-1.149200000000000017e+02,1.998437500000000355e+01
-1.148799999999999955e+02,2.021875000000000000e+01
-1.148400000000000034e+02,1.984375000000000000e+01
-1.147999999999999972e+02,1.989062500000000355e+01
-1.147600000000000051e+02,1.984999999999999787e+01
-1.147199999999999989e+02,1.991250000000000142e+01
-1.146800000000000068e+02,1.993750000000000000e+01
-1.146400000000000006e+02,1.983750000000000213e+01
-1.146000000000000085e+02,2.014062500000000355e+01
-1.145600000000000023e+02,2.006562500000000071e+01
-1.145200000000000102e+02,1.994062500000000071e+01
-1.144800000000000040e+02,1.971562499999999929e+01
-1.144400000000000119e+02,1.998750000000000071e+01
-1.144000000000000057e+02,1.981874999999999787e+01
-1.143600000000000136e+02,1.990937500000000071e+01
-1.143200000000000074e+02,1.980937499999999929e+01
-1.142800000000000011e+02,1.980625000000000213e+01
-1.142400000000000091e+02,2.010937500000000355e+01
-1.142000000000000028e+02,2.002500000000000213e+01
-1.141600000000000108e+02,2.023437500000000355e+01
-1.141200000000000045e+02,2.013437499999999858e+01
-1.140800000000000125e+02,1.998750000000000071e+01
-1.140399999999999920e+02,1.979687500000000355e+01
-1.140000000000000000e+02,1.993750000000000000e+01
-1.139599999999999937e+02,1.975312500000000071e+01
-1.139200000000000017e+02,2.010000000000000142e+01
-1.138799999999999955e+02,1.982500000000000284e+01
-1.138400000000000034e+02,1.997187500000000071e+01
-1.137999999999999972e+02,1.992500000000000071e+01
-1.137600000000000051e+02,2.007812500000000355e+01
-1.137199999999999989e+02,1.991250000000000142e+01
-1.136800000000000068e+02,1.971250000000000213e+01
-1.136400000000000006e+02,1.993125000000000213e+01
-1.135999999999999943e+02,1.993437499999999929e+01
-1.135600000000000023e+02,2.005625000000000213e+01
-1.135199999999999960e+02,2.006250000000000000e+01
-1.134800000000000040e+02,1.998437500000000355e+01
-1.134399999999999977e+02,1.985312499999999858e+01
-1.134000000000000057e+02,1.990937500000000071e+01
-1.133599999999999994e+02,1.981250000000000000e+01
-1.133200000000000074e+02,1.985625000000000284e+01
-1.132800000000000011e+02,2.008437500000000142e+01
-1.132400000000000091e+02,1.998437500000000355e+01
-1.132000000000000028e+02,1.987187499999999929e+01
-1.131600000000000108e+02,2.019062500000000071e+01
-1.131200000000000045e+02,1.989375000000000071e+01
-1.130800000000000125e+02,1.984999999999999787e+01
-1.130400000000000063e+02,1.972812500000000213e+01
-1.130000000000000142e+02,1.996562499999999929e+01
-1.129600000000000080e+02,2.008750000000000213e+01
-1.129200000000000017e+02,1.986875000000000213e+01
-1.128800000000000097e+02,1.974687499999999929e+01
-1.128400000000000034e+02,1.982187499999999858e+01
-1.127999999999999972e+02,2.008125000000000071e+01
-1.127599999999999909e+02,1.977500000000000213e+01
-1.127199999999999989e+02,1.985312499999999858e+01
-1.126799999999999926e+02,2.005312500000000142e+01
-1.126400000000000006e+02,2.014062500000000355e+01
-1.125999999999999943e+02,1.994375000000000142e+01
-1.125600000000000023e+02,1.990000000000000213e+01
-1.125199999999999960e+02,1.980000000000000071e+01
-1.124800000000000040e+02,1.990312499999999929e+01
-1.124399999999999977e+02,1.996562499999999929e+01
-1.124000000000000057e+02,1.995312500000000355e+01
-1.123599999999999994e+02,1.989062500000000355e+01
-1.123200000000000074e+02,1.978125000000000000e+01
-1.122800000000000011e+02,2.000625000000000142e+01
-1.122399999999999949e+02,1.996562499999999929e+01
-1.122000000000000028e+02,1.995312500000000355e+01
-1.121600000000000108e+02,1.989687500000000142e+01
-1.121200000000000045e+02,1.986875000000000213e+01
-1.120799999999999983e+02,1.984999999999999787e+01
-1.120400000000000063e+02,1.991562499999999858e+01
-1.120000000000000000e+02,1.990000000000000213e+01
-1.119600000000000080e+02,1.998125000000000284e+01
-1.119200000000000017e+02,1.998437500000000355e+01
-1.118800000000000097e+02,2.014375000000000071e+01
-1.118400000000000034e+02,1.986875000000000213e+01
-1.118000000000000114e+02,2.016562499999999858e+01
-1.117600000000000051e+02,1.981874999999999787e+01
-1.117200000000000131e+02,1.984687500000000071e+01
-1.116800000000000068e+02,1.995000000000000284e+01
-1.116400000000000148e+02,1.998750000000000071e+01
-1.116000000000000085e+02,1.992187500000000355e+01
-1.115600000000000023e+02,1.988437499999999858e+01
-1.115199999999999960e+02,2.021875000000000000e+01
-1.114800000000000040e+02,1.991875000000000284e+01
-1.114399999999999977e+02,1.986250000000000071e+01
-1.113999999999999915e+02,1.978437500000000071e+01
-1.113599999999999994e+02,1.975937500000000213e+01
-1.113199999999999932e+02,1.958750000000000213e+01
-1.112800000000000011e+02,1.989687500000000142e+01
-1.112399999999999949e+02,1.996250000000000213e+01
-1.112000000000000028e+02,1.963124999999999787e+01
-1.111599999999999966e+02,1.989687500000000142e+01
-1.111200000000000045e+02,2.009062499999999929e+01
-1.110799999999999983e+02,1.983125000000000071e+01
-1.110400000000000063e+02,2.003437500000000071e+01
-1.110000000000000000e+02,2.009062499999999929e+01
-1.109600000000000080e+02,1.958437500000000142e+01
-1.109200000000000017e+02,1.991875000000000284e+01
-1.108799999999999955e+02,1.986250000000000071e+01
-1.108400000000000034e+02,1.986875000000000213e+01
-1.108000000000000114e+02,2.008125000000000071e+01
-1.107600000000000051e+02,1.996875000000000000e+01
-1.107199999999999989e+02,1.984062499999999929e+01
-1.106800000000000068e+02,2.013750000000000284e+01
-1.106400000000000006e+02,1.970625000000000071e+01
-1.106000000000000085e+02,2.001250000000000284e+01
-1.105600000000000023e+02,1.999062500000000142e+01
-1.105200000000000102e+02,1.967187500000000355e+01
-1.104800000000000040e+02,1.992500000000000071e+01
-1.104400000000000119e+02,1.989375000000000071e+01
-1.104000000000000057e+02,1.998750000000000071e+01
-1.103600000000000136e+02,1.974375000000000213e+01
-1.103200000000000074e+02,2.025312500000000071e+01
-1.102800000000000011e+02,2.008437500000000142e+01
-1.102399999999999949e+02,1.981250000000000000e+01
-1.101999999999999886e+02,2.001250000000000284e+01
-1.101599999999999966e+02,1.986250000000000071e+01
-1.101200000000000045e+02,1.976250000000000284e+01
-1.100799999999999983e+02,1.984062499999999929e+01
-1.100399999999999920e+02,1.980312500000000142e+01
-1.100000000000000000e+02,1.970000000000000284e+01
-1.099599999999999937e+02,2.020625000000000071e+01
-1.099200000000000017e+02,1.999687499999999929e+01
-1.098799999999999955e+02,2.008750000000000213e+01
-1.098400000000000034e+02,2.002812499999999929e+01
-1.097999999999999972e+02,1.974687499999999929e+01
-1.097600000000000051e+02,2.001562500000000355e+01
-1.097199999999999989e+02,2.001562500000000355e+01
-1.096800000000000068e+02,1.959375000000000000e+01
-1.096400000000000006e+02,1.981250000000000000e+01
-1.096000000000000085e+02,2.008437500000000142e+01
-1.095600000000000023e+02,1.996875000000000000e+01
-1.095200000000000102e+02,2.020937500000000142e+01
-1.094800000000000040e+02,1.976875000000000071e+01
-1.094400000000000119e+02,1.974687499999999929e+01
-1.094000000000000057e+02,1.999687499999999929e+01
-1.093599999999999994e+02,2.002187500000000142e+01
-1.093200000000000074e+02,2.003125000000000000e+01
-1.092800000000000011e+02,1.995000000000000284e+01
-1.092400000000000091e+02,1.976875000000000071e+01
-1.092000000000000028e+02,1.996562499999999929e+01
-1.091600000000000108e+02,2.002812499999999929e+01
-1.091200000000000045e+02,1.994375000000000142e+01
-1.090800000000000125e+02,1.981874999999999787e+01
-1.090400000000000063e+02,1.984375000000000000e+01
-1.090000000000000000e+02,1.987187499999999929e+01
-1.089599999999999937e+02,1.977812499999999929e+01
-1.089200000000000017e+02,1.998437500000000355e+01
-1.088799999999999955e+02,2.000000000000000000e+01
-1.088400000000000034e+02,1.985937500000000355e+01
-1.087999999999999972e+02,1.978437500000000071e+01
-1.087600000000000051e+02,1.996250000000000213e+01
-1.087199999999999989e+02,2.018750000000000000e+01
-1.086799999999999926e+02,1.979375000000000284e+01
-1.086400000000000006e+02,2.001875000000000071e+01
-1.085999999999999943e+02,1.999062500000000142e+01
-1.085600000000000023e+02,1.988750000000000284e+01
-1.085199999999999960e+02,1.992187500000000355e+01
-1.084800000000000040e+02,1.950624999999999787e+01
-1.084399999999999977e+02,1.977812499999999929e+01
-1.084000000000000057e+02,1.992187500000000355e+01
-1.083599999999999994e+02,1.994687499999999858e+01
-1.083200000000000074e+02,1.997187500000000071e+01
-1.082800000000000011e+02,1.984062499999999929e+01
-1.082400000000000091e+02,1.986250000000000071e+01
-1.082000000000000028e+02,1.989687500000000142e+01
-1.081600000000000108e+02,1.992187500000000355e+01
-1.081200000000000045e+02,1.981250000000000000e+01
-1.080800000000000125e+02,1.974687499999999929e+01
-1.080400000000000063e+02,1.979062500000000213e+01
-1.080000000000000000e+02,1.996875000000000000e+01
-1.079600000000000080e+02,1.996875000000000000e+01
-1.079200000000000159e+02,1.995937500000000142e+01
-1.078800000000000097e+02,1.979062500000000213e+01
-1.078400000000000034e+02,1.970312500000000355e+01
-1.078000000000000114e+02,1.974062500000000142e+01
-1.077600000000000051e+02,1.978749999999999787e+01
-1.077199999999999989e+02,2.000000000000000000e+01
-1.076799999999999926e+02,2.003750000000000142e+01
-1.076400000000000006e+02,1.974375000000000213e+01
-1.075999999999999943e+02,2.010000000000000142e+01
-1.075600000000000023e+02,1.999687499999999929e+01
-1.075199999999999960e+02,1.977187500000000142e+01
-1.074800000000000040e+02,1.974687499999999929e+01
-1.074399999999999977e+02,2.004687500000000355e+01
-1.074000000000000057e+02,1.999375000000000213e+01
-1.073599999999999994e+02,1.991875000000000284e+01
-1.073199999999999932e+02,1.975312500000000071e+01
-1.072800000000000011e+02,1.984062499999999929e+01
-1.072400000000000091e+02,1.989687500000000142e+01
-1.072000000000000028e+02,2.009687500000000071e+01
-1.071599999999999966e+02,2.012812500000000071e+01
-1.071200000000000045e+02,2.018750000000000000e+01
-1.070799999999999983e+02,1.961875000000000213e+01
-1.070400000000000063e+02,1.996250000000000213e+01
-1.070000000000000000e+02,1.998750000000000071e+01
-1.069600000000000080e+02,2.003437500000000071e+01
-1.069200000000000017e+02,1.992500000000000071e+01
-1.068800000000000097e+02,2.018750000000000000e+01
-1.068400000000000034e+02,1.975312500000000071e+01
-1.068000000000000114e+02,1.988750000000000284e+01
-1.067600000000000051e+02,1.986875000000000213e+01
-1.067200000000000131e+02,1.981562500000000071e+01
-1.066800000000000068e+02,2.008437500000000142e+01
-1.066400000000000006e+02,2.002812499999999929e+01
-1.066000000000000085e+02,2.006875000000000142e+01
-1.065600000000000165e+02,2.013125000000000142e+01
-1.065200000000000102e+02,1.987500000000000000e+01
-1.064800000000000040e+02,1.992500000000000071e+01
-1.064399999999999977e+02,1.981562500000000071e+01
-1.063999999999999915e+02,1.992812500000000142e+01
-1.063599999999999994e+02,1.983125000000000071e+01
-1.063199999999999932e+02,1.999687499999999929e+01
-1.062800000000000011e+02,1.996562499999999929e+01
-1.062399999999999949e+02,2.004062499999999858e+01
-1.062000000000000028e+02,2.012812500000000071e+01
-1.061599999999999966e+02,2.014375000000000071e+01
-1.061200000000000045e+02,1.995000000000000284e+01
-1.060799999999999983e+02,1.971875000000000000e+01
-1.060400000000000063e+02,1.968125000000000213e+01
-1.060000000000000000e+02,1.992500000000000071e+01
-1.059599999999999937e+02,1.987500000000000000e+01
-1.059200000000000017e+02,2.005000000000000071e+01
-1.058800000000000097e+02,2.011875000000000213e+01
-1.058400000000000034e+02,1.994687499999999858e+01
-1.057999999999999972e+02,1.978437500000000071e+01
-1.057600000000000051e+02,1.993125000000000213e+01
-1.057199999999999989e+02,1.970000000000000284e+01
-1.056800000000000068e+02,1.993750000000000000e+01
-1.056400000000000006e+02,1.978749999999999787e+01
-1.056000000000000085e+02,2.001250000000000284e+01
-1.055600000000000023e+02,2.024375000000000213e+01
-1.055200000000000102e+02,1.996562499999999929e+01
-1.054800000000000040e+02,2.013125000000000142e+01
-1.054400000000000119e+02,2.002812499999999929e+01
-1.054000000000000057e+02,1.997812499999999858e+01
-1.053600000000000136e+02,1.991562499999999858e+01
-1.053200000000000074e+02,2.003437500000000071e+01
-1.052800000000000153e+02,1.995312500000000355e+01
-1.052400000000000091e+02,2.021875000000000000e+01
-1.052000000000000028e+02,1.984999999999999787e+01
-1.051599999999999966e+02,1.984375000000000000e+01
-1.051199999999999903e+02,1.982187499999999858e+01
-1.050799999999999983e+02,2.001250000000000284e+01
-1.050399999999999920e+02,1.999375000000000213e+01
-1.050000000000000000e+02,1.984687500000000071e+01
-1.049599999999999937e+02,1.995625000000000071e+01
-1.049200000000000017e+02,2.009062499999999929e+01
-1.048799999999999955e+02,2.017500000000000071e+01
-1.048400000000000034e+02,1.977500000000000213e+01
-1.047999999999999972e+02,2.000000000000000000e+01
-1.047600000000000051e+02,1.992500000000000071e+01
-1.047199999999999989e+02,1.976875000000000071e+01
-1.046800000000000068e+02,1.983437500000000142e+01
-1.046400000000000006e+02,2.002187500000000142e+01
-1.045999999999999943e+02,1.971250000000000213e+01
-1.045600000000000023e+02,1.992187500000000355e+01
-1.045200000000000102e+02,1.989687500000000142e+01
-1.044800000000000040e+02,2.023750000000000071e+01
-1.044399999999999977e+02,2.020937500000000142e+01
-1.044000000000000057e+02,1.996875000000000000e+01
-1.043600000000000136e+02,2.013125000000000142e+01
-1.043200000000000074e+02,1.998437500000000355e+01
-1.042800000000000011e+02,1.992500000000000071e+01
-1.042400000000000091e+02,1.989062500000000355e+01
-1.042000000000000028e+02,1.991562499999999858e+01
-1.041600000000000108e+02,1.989062500000000355e+01
-1.041200000000000045e+02,2.000625000000000142e+01
-1.040800000000000125e+02,2.007812500000000355e+01
-1.040400000000000063e+02,2.011250000000000071e+01
-1.040000000000000142e+02,2.010312499999999858e+01
-1.039599999999999937e+02,1.995625000000000071e+01
-1.039199999999999875e+02,1.999687499999999929e+01
-1.038799999999999955e+02,1.998437500000000355e+01
-1.038400000000000034e+02,1.999375000000000213e+01
-1.037999999999999972e+02,1.978749999999999787e+01
-1.037599999999999909e+02,2.000312500000000071e+01
-1.037199999999999989e+02,1.989062500000000355e+01
-1.036800000000000068e+02,2.001875000000000071e+01
-1.036400000000000006e+02,2.003750000000000142e+01
-1.035999999999999943e+02,2.007187499999999858e+01
-1.035600000000000023e+02,1.989062500000000355e+01
-1.035199999999999960e+02,1.982812500000000355e+01
-1.034800000000000040e+02,2.026562500000000355e+01
-1.034399999999999977e+02,1.993750000000000000e+01
-1.034000000000000057e+02,2.006875000000000142e+01
-1.033599999999999994e+02,2.000312500000000071e+01
-1.033200000000000074e+02,1.968437499999999929e+01
-1.032800000000000011e+02,1.967500000000000071e+01
-1.032400000000000091e+02,2.003125000000000000e+01
-1.032000000000000028e+02,1.963750000000000284e+01
-1.031600000000000108e+02,1.984062499999999929e+01
-1.031200000000000045e+02,1.985312499999999858e+01
-1.030799999999999983e+02,1.978749999999999787e+01
-1.030400000000000063e+02,1.985937500000000355e+01
-1.030000000000000142e+02,1.987187499999999929e+01
-1.029600000000000080e+02,1.995000000000000284e+01
-1.029200000000000017e+02,1.990937500000000071e+01
-1.028800000000000097e+02,1.986875000000000213e+01
-1.028400000000000034e+02,1.982187499999999858e+01
-1.028000000000000114e+02,1.990937500000000071e+01
-1.027600000000000051e+02,2.001562500000000355e+01
-1.027199999999999989e+02,1.990312499999999929e+01
-1.026799999999999926e+02,1.981562500000000071e+01
-1.026400000000000006e+02,1.997187500000000071e+01
-1.025999999999999943e+02,1.973437500000000355e+01
-1.025600000000000023e+02,1.987187499999999929e+01
-1.025199999999999960e+02,2.008437500000000142e+01
-1.024800000000000040e+02,1.977500000000000213e+01
-1.024399999999999977e+02,2.004687500000000355e+01
-1.023999999999999915e+02,1.977500000000000213e+01
-1.023599999999999994e+02,1.994062500000000071e+01
-1.023200000000000074e+02,1.998437500000000355e+01
-1.022800000000000011e+02,1.990625000000000000e+01
-1.022399999999999949e+02,1.992187500000000355e+01
-1.022000000000000028e+02,1.964687500000000142e+01
-1.021599999999999966e+02,1.976875000000000071e+01
-1.021200000000000045e+02,1.992812500000000142e+01
-1.020799999999999983e+02,1.992812500000000142e+01
-1.020400000000000063e+02,1.978437500000000071e+01
-1.020000000000000000e+02,2.004375000000000284e+01
-1.019600000000000080e+02,2.003125000000000000e+01
-1.019200000000000017e+02,2.015625000000000000e+01
-1.018800000000000097e+02,1.994375000000000142e+01
-1.018400000000000034e+02,1.981562500000000071e+01
-1.018000000000000114e+02,1.996875000000000000e+01
-1.017600000000000051e+02,1.987812500000000071e+01
-1.017199999999999989e+02,1.998437500000000355e+01
-1.016800000000000068e+02,1.977812499999999929e+01
-1.016400000000000148e+02,1.974062500000000142e+01
-1.016000000000000085e+02,1.998437500000000355e+01
-1.015600000000000023e+02,2.002812499999999929e+01
-1.015200000000000102e+02,1.996250000000000213e+01
-1.014800000000000040e+02,1.988750000000000284e+01
-1.014399999999999977e+02,1.991875000000000284e+01
-1.013999999999999915e+02,2.012187499999999929e+01
-1.013599999999999994e+02,2.002812499999999929e+01
-1.013199999999999932e+02,2.004687500000000355e+01
-1.012800000000000011e+02,1.980000000000000071e+01
-1.012399999999999949e+02,1.982187499999999858e+01
-1.012000000000000028e+02,2.000625000000000142e+01
-1.011599999999999966e+02,1.990000000000000213e+01
-1.011200000000000045e+02,1.987187499999999929e+01
-1.010799999999999983e+02,2.005312500000000142e+01
-1.010399999999999920e+02,1.991250000000000142e+01
-1.010000000000000000e+02,1.980312500000000142e+01
-1.009600000000000080e+02,2.000937499999999858e+01
-1.009200000000000017e+02,1.981562500000000071e+01
-1.008799999999999955e+02,1.997812499999999858e+01
-1.008400000000000034e+02,1.968125000000000213e+01
-1.008000000000000114e+02,1.968750000000000000e+01
-1.007600000000000051e+02,1.974687499999999929e+01
-1.007199999999999989e+02,1.987500000000000000e+01
-1.006800000000000068e+02,1.985625000000000284e+01
-1.006400000000000006e+02,1.977812499999999929e+01
-1.006000000000000085e+02,1.990625000000000000e+01
-1.005600000000000023e+02,1.972812500000000213e+01
-1.005200000000000102e+02,1.995312500000000355e+01
-1.004800000000000040e+02,1.985312499999999858e+01
-1.004400000000000119e+02,1.987500000000000000e+01
-1.004000000000000057e+02,1.998437500000000355e+01
-1.003599999999999994e+02,1.981562500000000071e+01
-1.003200000000000074e+02,1.990625000000000000e+01
-1.002800000000000153e+02,1.985937500000000355e+01
-1.002400000000000091e+02,2.003750000000000142e+01
-1.002000000000000028e+02,1.967812500000000142e+01
-1.001599999999999966e+02,1.985937500000000355e+01
-1.001200000000000045e+02,2.001562500000000355e+01
-1.000799999999999983e+02,1.990625000000000000e+01
-1.000399999999999920e+02,1.993437499999999929e+01
-1.000000000000000000e+02,1.971562499999999929e+01
-9.995999999999999375e+01,1.963437500000000213e+01
-9.992000000000000171e+01,1.984062499999999929e+01
-9.987999999999999545e+01,1.976562500000000355e+01
-9.984000000000000341e+01,1.991562499999999858e+01
-9.979999999999999716e+01,1.980625000000000213e+01
-9.976000000000000512e+01,2.000312500000000071e+01
-9.971999999999999886e+01,2.002187500000000142e+01
-9.967999999999999261e+01,1.988124999999999787e+01
-9.964000000000000057e+01,2.004687500000000355e+01
-9.960000000000000853e+01,1.996250000000000213e+01
-9.956000000000000227e+01,1.975624999999999787e+01
-9.951999999999999602e+01,1.967187500000000355e+01
-9.948000000000000398e+01,1.990625000000000000e+01
-9.944000000000001194e+01,1.964062500000000355e+01
-9.940000000000000568e+01,1.977812499999999929e+01
-9.935999999999999943e+01,1.984062499999999929e+01
-9.932000000000000739e+01,1.988124999999999787e+01
-9.928000000000000114e+01,2.008437500000000142e+01
-9.924000000000000909e+01,1.994375000000000142e+01
-9.920000000000000284e+01,1.994687499999999858e+01
-9.916000000000001080e+01,2.015000000000000213e+01
-9.912000000000000455e+01,2.001562500000000355e+01
-9.908000000000001251e+01,1.975624999999999787e+01
-9.904000000000000625e+01,1.990625000000000000e+01
-9.900000000000001421e+01,1.980000000000000071e+01
-9.896000000000000796e+01,1.991562499999999858e+01
-9.892000000000000171e+01,2.005937499999999929e+01
-9.887999999999999545e+01,1.981562500000000071e+01
-9.883999999999998920e+01,2.017187500000000355e+01
-9.879999999999999716e+01,1.989062500000000355e+01
-9.876000000000000512e+01,1.990937500000000071e+01
-9.871999999999999886e+01,1.982500000000000284e+01
-9.867999999999999261e+01,2.000625000000000142e+01
-9.864000000000000057e+01,2.013125000000000142e+01
-9.859999999999999432e+01,2.008750000000000213e+01
-9.856000000000000227e+01,2.006875000000000142e+01
-9.851999999999999602e+01,2.029062499999999858e+01
-9.848000000000000398e+01,1.984999999999999787e+01
-9.843999999999999773e+01,1.989687500000000142e+01
-9.840000000000000568e+01,1.989375000000000071e+01
-9.835999999999999943e+01,1.978437500000000071e+01
-9.832000000000000739e+01,1.983437500000000142e+01
-9.828000000000000114e+01,2.008437500000000142e+01
-9.824000000000000909e+01,1.977187500000000142e+01
-9.820000000000000284e+01,2.005937499999999929e+01
-9.815999999999999659e+01,2.011562500000000142e+01
-9.812000000000000455e+01,1.992500000000000071e+01
-9.808000000000001251e+01,2.001562500000000355e+01
-9.804000000000000625e+01,1.987812500000000071e+01
-9.800000000000000000e+01,1.970000000000000284e+01
-9.796000000000000796e+01,1.978437500000000071e+01
-9.792000000000000171e+01,2.005937499999999929e+01
-9.788000000000000966e+01,1.989687500000000142e+01
-9.784000000000000341e+01,2.010000000000000142e+01
-9.780000000000001137e+01,1.986875000000000213e+01
-9.776000000000000512e+01,1.986562500000000142e+01
-9.772000000000001307e+01,2.011875000000000213e+01
-9.768000000000000682e+01,1.975937500000000213e+01
-9.764000000000000057e+01,2.027812499999999929e+01
-9.759999999999999432e+01,1.998125000000000284e+01
-9.756000000000000227e+01,1.985625000000000284e+01
-9.751999999999999602e+01,2.001562500000000355e+01
-9.747999999999998977e+01,2.008125000000000071e+01
-9.743999999999999773e+01,2.010312499999999858e+01
-9.740000000000000568e+01,1.991875000000000284e+01
-9.735999999999999943e+01,2.014375000000000071e+01
-9.731999999999999318e+01,2.001875000000000071e+01
-9.728000000000000114e+01,1.992812500000000142e+01
-9.724000000000000909e+01,1.978749999999999787e+01
-9.720000000000000284e+01,1.972499999999999787e+01
-9.715999999999999659e+01,1.993125000000000213e+01
-9.712000000000000455e+01,2.012500000000000000e+01
-9.707999999999999829e+01,2.035312499999999858e+01
-9.704000000000000625e+01,1.994687499999999858e+01
-9.700000000000000000e+01,2.005000000000000071e+01
-9.696000000000000796e+01,1.975312500000000071e+01
-9.692000000000000171e+01,1.975624999999999787e+01
-9.688000000000000966e+01,1.977500000000000213e+01
-9.684000000000000341e+01,1.998437500000000355e+01
-9.679999999999999716e+01,1.998125000000000284e+01
-9.676000000000000512e+01,2.001562500000000355e+01
-9.672000000000001307e+01,1.996250000000000213e+01
-9.668000000000000682e+01,2.030937499999999929e+01
-9.664000000000000057e+01,2.016562499999999858e+01
-9.660000000000000853e+01,2.012187499999999929e+01
-9.656000000000001648e+01,1.986562500000000142e+01
-9.652000000000001023e+01,1.992812500000000142e+01
-9.648000000000000398e+01,1.982500000000000284e+01
-9.644000000000001194e+01,1.988750000000000284e+01
-9.640000000000000568e+01,2.010937500000000355e+01
-9.635999999999999943e+01,1.993125000000000213e+01
-9.631999999999999318e+01,2.001250000000000284e+01
-9.628000000000000114e+01,1.995937500000000142e+01
-9.623999999999999488e+01,1.985312499999999858e+01
-9.620000000000000284e+01,1.985625000000000284e+01
-9.615999999999999659e+01,1.963750000000000284e+01
-9.611999999999999034e+01,1.974062500000000142e+01
-9.607999999999999829e+01,1.973125000000000284e+01
-9.604000000000000625e+01,2.008750000000000213e+01
-9.600000000000000000e+01,1.975312500000000071e+01
-9.595999999999999375e+01,1.986875000000000213e+01
-9.592000000000000171e+01,1.974375000000000213e+01
-9.588000000000000966e+01,2.006875000000000142e+01
-9.584000000000000341e+01,2.005937499999999929e+01
-9.579999999999999716e+01,1.993750000000000000e+01
-9.576000000000000512e+01,2.010937500000000355e+01
-9.571999999999999886e+01,1.996875000000000000e+01
-9.568000000000000682e+01,1.994375000000000142e+01
-9.564000000000000057e+01,2.009062499999999929e+01
-9.560000000000000853e+01,1.980625000000000213e+01
-9.556000000000000227e+01,2.000000000000000000e+01
-9.552000000000001023e+01,1.986875000000000213e+01
-9.548000000000000398e+01,1.998437500000000355e+01
-9.543999999999999773e+01,2.004687500000000355e+01
-9.540000000000000568e+01,2.000937499999999858e+01
-9.536000000000001364e+01,2.005000000000000071e+01
-9.532000000000000739e+01,1.969687500000000213e+01
-9.528000000000000114e+01,1.958125000000000071e+01
-9.524000000000000909e+01,1.990937500000000071e+01
-9.520000000000001705e+01,2.007500000000000284e+01
-9.516000000000001080e+01,1.993125000000000213e+01
-9.511999999999999034e+01,1.983750000000000213e+01
-9.507999999999999829e+01,2.019375000000000142e+01
-9.503999999999999204e+01,1.988437499999999858e+01
-9.500000000000000000e+01,1.995625000000000071e+01
-9.495999999999999375e+01,2.001562500000000355e+01
-9.492000000000000171e+01,1.985625000000000284e+01
-9.487999999999999545e+01,1.977500000000000213e+01
-9.484000000000000341e+01,2.014687500000000142e+01
-9.479999999999999716e+01,2.009687500000000071e+01
-9.476000000000000512e+01,2.011250000000000071e+01
-9.471999999999999886e+01,1.995625000000000071e+01
-9.468000000000000682e+01,1.970000000000000284e+01
-9.464000000000000057e+01,1.991250000000000142e+01
-9.459999999999999432e+01,1.995000000000000284e+01
-9.456000000000000227e+01,1.966875000000000284e+01
-9.452000000000001023e+01,1.998750000000000071e+01
-9.448000000000000398e+01,2.023750000000000071e+01
-9.443999999999999773e+01,1.985312499999999858e+01
-9.440000000000000568e+01,1.996250000000000213e+01
-9.435999999999999943e+01,2.001875000000000071e+01
-9.432000000000000739e+01,1.995000000000000284e+01
-9.428000000000000114e+01,1.982812500000000355e+01
-9.424000000000000909e+01,1.991875000000000284e+01
-9.420000000000000284e+01,1.965312499999999929e+01
-9.416000000000001080e+01,2.002187500000000142e+01
-9.412000000000000455e+01,1.988750000000000284e+01
-9.408000000000001251e+01,1.980000000000000071e+01
-9.404000000000000625e+01,1.982500000000000284e+01
-9.400000000000001421e+01,1.986875000000000213e+01
-9.396000000000000796e+01,2.025312500000000071e+01
-9.392000000000000171e+01,1.982187499999999858e+01
-9.387999999999999545e+01,2.000312500000000071e+01
-9.384000000000000341e+01,1.994375000000000142e+01
-9.379999999999999716e+01,2.013125000000000142e+01
-9.375999999999999091e+01,1.978125000000000000e+01
-9.371999999999999886e+01,1.996250000000000213e+01
-9.367999999999999261e+01,1.970625000000000071e+01
-9.364000000000000057e+01,1.978749999999999787e+01
-9.359999999999999432e+01,1.998125000000000284e+01
-9.356000000000000227e+01,2.012187499999999929e+01
-9.351999999999999602e+01,1.993750000000000000e+01
-9.348000000000000398e+01,2.020000000000000284e+01
-9.343999999999999773e+01,2.011562500000000142e+01
-9.340000000000000568e+01,1.971250000000000213e+01
-9.335999999999999943e+01,1.979062500000000213e+01
-9.332000000000000739e+01,1.988437499999999858e+01
-9.328000000000000114e+01,1.986250000000000071e+01
-9.323999999999999488e+01,1.979062500000000213e+01
-9.320000000000000284e+01,1.982187499999999858e+01
-9.316000000000001080e+01,2.000312500000000071e+01
-9.312000000000000455e+01,1.989062500000000355e+01
-9.307999999999999829e+01,1.997187500000000071e+01
-9.304000000000000625e+01,1.988437499999999858e+01
-9.300000000000001421e+01,1.971562499999999929e+01
-9.296000000000000796e+01,1.983437500000000142e+01
-9.292000000000000171e+01,1.954687500000000000e+01
-9.288000000000000966e+01,2.009375000000000000e+01
-9.284000000000000341e+01,1.989375000000000071e+01
-9.280000000000001137e+01,1.970000000000000284e+01
-9.276000000000000512e+01,1.992187500000000355e+01
-9.272000000000001307e+01,2.003125000000000000e+01
-9.268000000000000682e+01,1.966875000000000284e+01
-9.264000000000000057e+01,1.969062500000000071e+01
-9.259999999999999432e+01,1.999687499999999929e+01
-9.255999999999998806e+01,1.991250000000000142e+01
-9.251999999999999602e+01,1.995625000000000071e+01
-9.248000000000000398e+01,1.985312499999999858e+01
-9.243999999999999773e+01,2.011250000000000071e+01
-9.239999999999999147e+01,2.018750000000000000e+01
-9.235999999999999943e+01,2.022812499999999858e+01
-9.232000000000000739e+01,1.999375000000000213e+01
-9.228000000000000114e+01,2.006562500000000071e+01
-9.223999999999999488e+01,1.984687500000000071e+01
-9.220000000000000284e+01,1.958125000000000071e+01
-9.215999999999999659e+01,1.998437500000000355e+01
-9.212000000000000455e+01,2.016875000000000284e+01
-9.207999999999999829e+01,2.010625000000000284e+01
-9.204000000000000625e+01,2.012500000000000000e+01
-9.200000000000000000e+01,2.022187500000000071e+01
-9.196000000000000796e+01,1.998437500000000355e+01
-9.192000000000000171e+01,2.002500000000000213e+01
-9.187999999999999545e+01,2.009687500000000071e+01
-9.184000000000000341e+01,1.993750000000000000e+01
-9.180000000000001137e+01,1.983750000000000213e+01
-9.176000000000000512e+01,1.965625000000000000e+01
-9.171999999999999886e+01,1.990937500000000071e+01
-9.168000000000000682e+01,1.955625000000000213e+01
-9.164000000000001478e+01,2.003750000000000142e+01
-9.160000000000000853e+01,1.995312500000000355e+01
-9.156000000000000227e+01,2.018125000000000213e+01
-9.152000000000001023e+01,1.991250000000000142e+01
-9.148000000000000398e+01,1.986562500000000142e+01
-9.144000000000001194e+01,1.993125000000000213e+01
-9.140000000000000568e+01,1.983437500000000142e+01
-9.135999999999999943e+01,1.985312499999999858e+01
-9.131999999999999318e+01,1.985625000000000284e+01
-9.128000000000000114e+01,1.993437499999999929e+01
-9.123999999999999488e+01,1.988437499999999858e+01
-9.119999999999998863e+01,2.001562500000000355e+01
-9.115999999999999659e+01,2.006875000000000142e+01
-9.112000000000000455e+01,1.982812500000000355e+01
-9.107999999999999829e+01,1.971875000000000000e+01
-9.103999999999999204e+01,1.974062500000000142e+01
-9.100000000000000000e+01,1.970000000000000284e+01
-9.096000000000000796e+01,1.960312500000000213e+01
-9.092000000000000171e+01,1.980312500000000142e+01
-9.087999999999999545e+01,1.986250000000000071e+01
-9.084000000000000341e+01,2.007187499999999858e+01
-9.079999999999999716e+01,2.008750000000000213e+01
-9.076000000000000512e+01,1.988124999999999787e+01
-9.071999999999999886e+01,2.008750000000000213e+01
-9.068000000000000682e+01,1.989062500000000355e+01
-9.064000000000000057e+01,1.995625000000000071e+01
-9.060000000000000853e+01,1.997500000000000142e+01
-9.056000000000000227e+01,2.011562500000000142e+01
-9.052000000000001023e+01,2.000000000000000000e+01
-9.048000000000000398e+01,1.996250000000000213e+01
-9.044000000000001194e+01,1.995625000000000071e+01
-9.040000000000000568e+01,2.006250000000000000e+01
-9.035999999999999943e+01,1.986250000000000071e+01
-9.032000000000000739e+01,1.990937500000000071e+01
-9.028000000000001535e+01,2.006875000000000142e+01
-9.024000000000000909e+01,1.988750000000000284e+01
-9.020000000000000284e+01,1.995000000000000284e+01
-9.016000000000001080e+01,2.009062499999999929e+01
-9.012000000000000455e+01,2.003750000000000142e+01
-9.007999999999999829e+01,1.969062500000000071e+01
-9.003999999999999204e+01,1.976562500000000355e+01
-9.000000000000000000e+01,1.992812500000000142e+01
-8.995999999999999375e+01,1.992187500000000355e+01
-8.992000000000000171e+01,1.995312500000000355e+01
-8.987999999999999545e+01,1.991875000000000284e+01
-8.984000000000000341e+01,2.010000000000000142e+01
-8.979999999999999716e+01,2.000937499999999858e+01
-8.976000000000000512e+01,1.975312500000000071e+01
-8.971999999999999886e+01,1.995625000000000071e+01
-8.967999999999999261e+01,1.990312499999999929e+01
-8.964000000000000057e+01,2.003125000000000000e+01
-8.960000000000000853e+01,2.011875000000000213e+01
-8.956000000000000227e+01,1.998750000000000071e+01
-8.951999999999999602e+01,1.990625000000000000e+01
-8.948000000000000398e+01,2.001250000000000284e+01
-8.944000000000001194e+01,1.987812500000000071e+01
-8.940000000000000568e+01,1.999062500000000142e+01
-8.935999999999999943e+01,1.993750000000000000e+01
-8.932000000000000739e+01,1.977187500000000142e+01
-8.928000000000000114e+01,1.984687500000000071e+01
-8.924000000000000909e+01,1.990312499999999929e+01
-8.920000000000000284e+01,1.988750000000000284e+01
-8.915999999999999659e+01,1.987812500000000071e+01
-8.912000000000000455e+01,1.967500000000000071e+01
-8.908000000000001251e+01,2.034687500000000071e+01
-8.904000000000000625e+01,2.020625000000000071e+01
-8.900000000000000000e+01,1.998437500000000355e+01
-8.896000000000000796e+01,2.001250000000000284e+01
-8.892000000000001592e+01,1.992812500000000142e+01
-8.888000000000000966e+01,1.964062500000000355e+01
-8.884000000000000341e+01,1.988124999999999787e+01
-8.879999999999999716e+01,1.990625000000000000e+01
-8.876000000000000512e+01,1.980625000000000213e+01
-8.871999999999999886e+01,2.004687500000000355e+01
-8.867999999999999261e+01,2.011250000000000071e+01
-8.864000000000000057e+01,1.998437500000000355e+01
-8.860000000000000853e+01,2.015937500000000071e+01
-8.856000000000000227e+01,2.003437500000000071e+01
-8.851999999999999602e+01,2.000625000000000142e+01
-8.847999999999998977e+01,2.009375000000000000e+01
-8.843999999999999773e+01,2.003437500000000071e+01
-8.840000000000000568e+01,1.969687500000000213e+01
-8.835999999999999943e+01,2.000000000000000000e+01
-8.831999999999999318e+01,1.996250000000000213e+01
-8.828000000000000114e+01,1.985625000000000284e+01
-8.824000000000000909e+01,1.970000000000000284e+01
-8.820000000000000284e+01,1.966249999999999787e+01
-8.815999999999999659e+01,2.006562500000000071e+01
-8.812000000000000455e+01,1.987187499999999929e+01
-8.808000000000001251e+01,1.983750000000000213e+01
-8.804000000000000625e+01,2.007187499999999858e+01
-8.800000000000000000e+01,2.006875000000000142e+01
-8.796000000000000796e+01,1.999062500000000142e+01
-8.792000000000001592e+01,2.009687500000000071e+01
-8.788000000000000966e+01,2.001875000000000071e+01
-8.784000000000000341e+01,1.985625000000000284e+01
-8.779999999999999716e+01,1.987812500000000071e+01
-8.776000000000000512e+01,1.997500000000000142e+01
-8.772000000000001307e+01,2.008437500000000142e+01
-8.768000000000000682e+01,1.993437499999999929e+01
-8.764000000000000057e+01,1.984999999999999787e+01
-8.760000000000000853e+01,1.994062500000000071e+01
-8.756000000000000227e+01,1.988437499999999858e+01
-8.751999999999999602e+01,1.971875000000000000e+01
-8.747999999999998977e+01,1.987187499999999929e+01
-8.743999999999999773e+01,1.994062500000000071e+01
-8.740000000000000568e+01,2.000625000000000142e+01
-8.735999999999999943e+01,1.981562500000000071e+01
-8.731999999999999318e+01,1.978437500000000071e+01
-8.728000000000000114e+01,1.983437500000000142e+01
-8.724000000000000909e+01,1.982187499999999858e+01
-8.720000000000000284e+01,1.980312500000000142e+01
-8.715999999999999659e+01,2.004062499999999858e+01
-8.711999999999999034e+01,1.983125000000000071e+01
-8.707999999999999829e+01,1.984375000000000000e+01
-8.704000000000000625e+01,1.988437499999999858e+01
-8.700000000000000000e+01,1.983125000000000071e+01
-8.695999999999999375e+01,1.998750000000000071e+01
-8.692000000000000171e+01,1.979687500000000355e+01
-8.688000000000000966e+01,2.029062499999999858e+01
-8.684000000000000341e+01,1.977812499999999929e+01
-8.679999999999999716e+01,2.013125000000000142e+01
-8.676000000000000512e+01,1.996250000000000213e+01
-8.672000000000001307e+01,1.986875000000000213e+01
-8.668000000000000682e+01,1.975937500000000213e+01
-8.664000000000000057e+01,1.989062500000000355e+01
-8.660000000000000853e+01,1.999062500000000142e+01
-8.656000000000001648e+01,2.003125000000000000e+01
-8.652000000000001023e+01,1.980312500000000142e+01
-8.648000000000000398e+01,1.984687500000000071e+01
-8.643999999999999773e+01,1.998437500000000355e+01
-8.640000000000000568e+01,1.994062500000000071e+01
-8.636000000000001364e+01,1.994687499999999858e+01
-8.631999999999999318e+01,2.000625000000000142e+01
-8.627999999999998693e+01,1.996875000000000000e+01
-8.623999999999999488e+01,1.979687500000000355e+01
-8.620000000000000284e+01,1.992500000000000071e+01
-8.615999999999999659e+01,1.996562499999999929e+01
-8.611999999999999034e+01,2.019062500000000071e+01
-8.607999999999999829e+01,1.990000000000000213e+01
-8.604000000000000625e+01,1.986875000000000213e+01
-8.600000000000000000e+01,1.998437500000000355e+01
-8.595999999999999375e+01,1.986875000000000213e+01
-8.592000000000000171e+01,1.972499999999999787e+01
-8.588000000000000966e+01,1.980312500000000142e+01
-8.584000000000000341e+01,1.983750000000000213e+01
-8.579999999999999716e+01,1.977812499999999929e+01
-8.576000000000000512e+01,1.976250000000000284e+01
-8.571999999999999886e+01,2.013125000000000142e+01
-8.568000000000000682e+01,1.970937500000000142e+01
-8.564000000000000057e+01,1.991250000000000142e+01
-8.559999999999999432e+01,1.965937500000000071e+01
-8.556000000000000227e+01,1.995000000000000284e+01
-8.552000000000001023e+01,1.972812500000000213e+01
-8.548000000000000398e+01,1.995312500000000355e+01
-8.543999999999999773e+01,1.997812499999999858e+01
-8.540000000000000568e+01,1.984999999999999787e+01
-8.536000000000001364e+01,1.972499999999999787e+01
-8.532000000000000739e+01,2.009375000000000000e+01
-8.528000000000000114e+01,1.984375000000000000e+01
-8.524000000000000909e+01,1.980625000000000213e+01
-8.520000000000001705e+01,1.995937500000000142e+01
-8.516000000000001080e+01,1.980000000000000071e+01
-8.512000000000000455e+01,2.019375000000000142e+01
-8.507999999999999829e+01,1.999062500000000142e+01
-8.503999999999999204e+01,1.970312500000000355e+01
-8.500000000000000000e+01,2.007812500000000355e+01
-8.495999999999999375e+01,2.000625000000000142e+01
-8.491999999999998749e+01,1.976250000000000284e+01
-8.487999999999999545e+01,1.989687500000000142e+01
-8.484000000000000341e+01,1.979062500000000213e+01
-8.479999999999999716e+01,1.988750000000000284e+01
-8.475999999999999091e+01,2.009375000000000000e+01
-8.471999999999999886e+01,1.977187500000000142e+01
-8.468000000000000682e+01,2.005937499999999929e+01
-8.464000000000000057e+01,2.007812500000000355e+01
-8.459999999999999432e+01,2.007500000000000284e+01
-8.456000000000000227e+01,2.017812500000000142e+01
-8.452000000000001023e+01,2.022187500000000071e+01
-8.448000000000000398e+01,1.993125000000000213e+01
-8.443999999999999773e+01,2.023437500000000355e+01
-8.440000000000000568e+01,2.020937500000000142e+01
-8.436000000000001364e+01,1.993437499999999929e+01
-8.432000000000000739e+01,2.012500000000000000e+01
-8.428000000000000114e+01,1.985937500000000355e+01
-8.423999999999999488e+01,1.981874999999999787e+01
-8.420000000000000284e+01,1.989375000000000071e+01
-8.416000000000001080e+01,1.996250000000000213e+01
-8.412000000000000455e+01,1.988124999999999787e+01
-8.407999999999999829e+01,2.016250000000000142e+01
-8.404000000000000625e+01,1.989062500000000355e+01
-8.400000000000001421e+01,1.978437500000000071e+01
-8.396000000000000796e+01,1.995000000000000284e+01
-8.392000000000000171e+01,2.013750000000000284e+01
-8.388000000000000966e+01,1.985937500000000355e+01
-8.384000000000000341e+01,1.996250000000000213e+01
-8.379999999999999716e+01,1.988124999999999787e+01
-8.375999999999999091e+01,1.987812500000000071e+01
-8.371999999999999886e+01,1.984687500000000071e+01
-8.368000000000000682e+01,2.001875000000000071e+01
-8.364000000000000057e+01,1.988124999999999787e+01
-8.359999999999999432e+01,1.976875000000000071e+01
-8.355999999999998806e+01,1.991875000000000284e+01
-8.351999999999999602e+01,1.983750000000000213e+01
-8.348000000000000398e+01,1.967187500000000355e+01
-8.343999999999999773e+01,1.997187500000000071e+01
-8.339999999999999147e+01,1.980312500000000142e+01
-8.335999999999999943e+01,1.992812500000000142e+01
-8.332000000000000739e+01,1.988750000000000284e+01
-8.328000000000000114e+01,1.998437500000000355e+01
-8.323999999999999488e+01,1.980000000000000071e+01
-8.320000000000000284e+01,2.024375000000000213e+01
-8.316000000000001080e+01,1.987187499999999929e+01
-8.312000000000000455e+01,2.008437500000000142e+01
-8.307999999999999829e+01,1.971250000000000213e+01
-8.304000000000000625e+01,1.987187499999999929e+01
-8.300000000000001421e+01,1.997812499999999858e+01
-8.296000000000000796e+01,1.964062500000000355e+01
-8.292000000000000171e+01,1.992500000000000071e+01
-8.287999999999999545e+01,1.978125000000000000e+01
-8.284000000000000341e+01,1.979375000000000284e+01
-8.280000000000001137e+01,1.989687500000000142e+01
-8.276000000000000512e+01,1.997812499999999858e+01
-8.271999999999999886e+01,2.006250000000000000e+01
-8.268000000000000682e+01,2.001250000000000284e+01
-8.264000000000001478e+01,1.998125000000000284e+01
-8.260000000000000853e+01,1.994062500000000071e+01
-8.256000000000000227e+01,2.012187499999999929e+01
-8.251999999999999602e+01,1.995000000000000284e+01
-8.248000000000000398e+01,2.008750000000000213e+01
-8.243999999999999773e+01,2.021250000000000213e+01
-8.239999999999999147e+01,1.995312500000000355e+01
-8.235999999999999943e+01,1.999062500000000142e+01
-8.232000000000000739e+01,2.004687500000000355e+01
-8.228000000000000114e+01,1.989062500000000355e+01
-8.223999999999999488e+01,2.022187500000000071e+01
-8.219999999999998863e+01,2.000000000000000000e+01
-8.215999999999999659e+01,1.994375000000000142e+01
-8.212000000000000455e+01,1.991562499999999858e+01
-8.207999999999999829e+01,1.990000000000000213e+01
-8.203999999999999204e+01,2.016562499999999858e+01
-8.200000000000000000e+01,1.992500000000000071e+01
-8.196000000000000796e+01,1.992812500000000142e+01
-8.192000000000000171e+01,1.998437500000000355e+01
-8.187999999999999545e+01,1.992500000000000071e+01
-8.184000000000000341e+01,2.000000000000000000e+01
-8.180000000000001137e+01,1.994375000000000142e+01
-8.176000000000000512e+01,1.991562499999999858e+01
-8.171999999999999886e+01,2.000000000000000000e+01
-8.168000000000000682e+01,2.000000000000000000e+01
-8.164000000000001478e+01,2.001875000000000071e+01
-8.160000000000000853e+01,1.984999999999999787e+01
-8.156000000000000227e+01,1.993437499999999929e+01
-8.152000000000001023e+01,2.014062500000000355e+01
-8.148000000000000398e+01,2.011875000000000213e+01
-8.144000000000001194e+01,1.994062500000000071e+01
-8.140000000000000568e+01,2.017812500000000142e+01
-8.135999999999999943e+01,1.995625000000000071e+01
-8.132000000000000739e+01,1.972812500000000213e+01
-8.128000000000000114e+01,1.986250000000000071e+01
-8.123999999999999488e+01,2.025625000000000142e+01
-8.119999999999998863e+01,1.990000000000000213e+01
-8.115999999999999659e+01,1.993125000000000213e+01
-8.112000000000000455e+01,1.988437499999999858e+01
-8.107999999999999829e+01,1.997500000000000142e+01
-8.103999999999999204e+01,1.977500000000000213e+01
-8.100000000000000000e+01,2.001875000000000071e+01
-8.096000000000000796e+01,1.986875000000000213e+01
-8.092000000000000171e+01,2.000625000000000142e+01
-8.087999999999999545e+01,1.972187500000000071e+01
-8.084000000000000341e+01,1.996250000000000213e+01
-8.079999999999999716e+01,1.993125000000000213e+01
-8.076000000000000512e+01,1.999687499999999929e+01
-8.071999999999999886e+01,1.982187499999999858e+01
-8.067999999999999261e+01,2.009062499999999929e+01
-8.064000000000000057e+01,2.021250000000000213e+01
-8.060000000000000853e+01,1.969687500000000213e+01
-8.056000000000000227e+01,2.014062500000000355e+01
-8.051999999999999602e+01,2.010625000000000284e+01
-8.048000000000000398e+01,1.971875000000000000e+01
-8.044000000000001194e+01,2.004375000000000284e+01
-8.040000000000000568e+01,1.998437500000000355e+01
-8.035999999999999943e+01,1.980312500000000142e+01
-8.032000000000000739e+01,1.993125000000000213e+01
-8.028000000000001535e+01,1.988124999999999787e+01
-8.024000000000000909e+01,2.020625000000000071e+01
-8.020000000000000284e+01,1.980625000000000213e+01
-8.016000000000001080e+01,1.989375000000000071e+01
-8.012000000000001876e+01,1.968750000000000000e+01
-8.008000000000001251e+01,1.984999999999999787e+01
-8.004000000000000625e+01,1.979375000000000284e+01
-8.000000000000000000e+01,1.990000000000000213e+01
-7.995999999999999375e+01,2.006562500000000071e+01
-7.992000000000000171e+01,2.003750000000000142e+01
-7.987999999999999545e+01,2.000625000000000142e+01
-7.983999999999998920e+01,2.012812500000000071e+01
-7.979999999999999716e+01,2.014687500000000142e+01
-7.976000000000000512e+01,1.988750000000000284e+01
-7.971999999999999886e+01,2.006875000000000142e+01
-7.967999999999999261e+01,1.976562500000000355e+01
-7.964000000000000057e+01,1.977812499999999929e+01
-7.960000000000000853e+01,1.995937500000000142e+01
-7.956000000000000227e+01,1.980312500000000142e+01
-7.951999999999999602e+01,2.000312500000000071e+01
-7.948000000000000398e+01,1.998750000000000071e+01
-7.944000000000001194e+01,2.000312500000000071e+01
-7.940000000000000568e+01,1.999375000000000213e+01
-7.935999999999999943e+01,2.011875000000000213e+01
-7.931999999999999318e+01,1.985625000000000284e+01
-7.928000000000000114e+01,1.990625000000000000e+01
-7.924000000000000909e+01,2.004062499999999858e+01
-7.920000000000000284e+01,1.978437500000000071e+01
-7.915999999999999659e+01,2.008125000000000071e+01
-7.912000000000000455e+01,2.004062499999999858e+01
-7.908000000000001251e+01,2.003437500000000071e+01
-7.904000000000000625e+01,2.002187500000000142e+01
-7.900000000000000000e+01,2.000937499999999858e+01
-7.896000000000000796e+01,1.977187500000000142e+01
-7.892000000000001592e+01,1.992812500000000142e+01
-7.888000000000000966e+01,1.994062500000000071e+01
-7.884000000000000341e+01,1.979062500000000213e+01
-7.880000000000001137e+01,1.970625000000000071e+01
-7.876000000000000512e+01,2.009375000000000000e+01
-7.871999999999999886e+01,1.980937499999999929e+01
-7.867999999999999261e+01,1.996875000000000000e+01
-7.863999999999998636e+01,1.986562500000000142e+01
-7.859999999999999432e+01,2.004375000000000284e+01
-7.856000000000000227e+01,1.990625000000000000e+01
-7.851999999999999602e+01,2.017812500000000142e+01
-7.847999999999998977e+01,2.014375000000000071e+01
-7.843999999999999773e+01,1.977187500000000142e+01
-7.840000000000000568e+01,2.002812499999999929e+01
-7.835999999999999943e+01,2.005937499999999929e+01
-7.831999999999999318e+01,1.981874999999999787e+01
-7.828000000000000114e+01,1.985937500000000355e+01
-7.824000000000000909e+01,2.003750000000000142e+01
-7.820000000000000284e+01,2.005000000000000071e+01
-7.815999999999999659e+01,2.003437500000000071e+01
-7.812000000000000455e+01,1.987500000000000000e+01
-7.808000000000001251e+01,1.975000000000000000e+01
-7.804000000000000625e+01,1.996250000000000213e+01
-7.800000000000000000e+01,1.969374999999999787e+01
-7.795999999999999375e+01,1.992187500000000355e+01
-7.792000000000000171e+01,1.993125000000000213e+01
-7.788000000000000966e+01,2.009375000000000000e+01
-7.784000000000000341e+01,1.984062499999999929e+01
-7.779999999999999716e+01,1.997187500000000071e+01
-7.776000000000000512e+01,1.996562499999999929e+01
-7.772000000000001307e+01,1.995937500000000142e+01
-7.768000000000000682e+01,1.960937500000000355e+01
-7.764000000000000057e+01,1.990937500000000071e+01
-7.760000000000000853e+01,2.010625000000000284e+01
-7.756000000000001648e+01,2.016250000000000142e+01
-7.752000000000001023e+01,1.982187499999999858e+01
-7.747999999999998977e+01,2.007187499999999858e+01
-7.743999999999999773e+01,2.003437500000000071e+01
-7.740000000000000568e+01,1.971875000000000000e+01
-7.735999999999999943e+01,1.995625000000000071e+01
-7.731999999999999318e+01,1.981874999999999787e+01
-7.728000000000000114e+01,1.983437500000000142e+01
-7.723999999999999488e+01,1.993437499999999929e+01
-7.720000000000000284e+01,1.994062500000000071e+01
-7.715999999999999659e+01,1.987812500000000071e+01
-7.711999999999999034e+01,1.996250000000000213e+01
-7.707999999999999829e+01,1.990000000000000213e+01
-7.704000000000000625e+01,1.991250000000000142e+01
-7.700000000000000000e+01,1.983437500000000142e+01
-7.695999999999999375e+01,1.967812500000000142e+01
-7.692000000000000171e+01,1.967812500000000142e+01
-7.688000000000000966e+01,2.000312500000000071e+01
-7.684000000000000341e+01,2.002187500000000142e+01
-7.679999999999999716e+01,1.992500000000000071e+01
-7.676000000000000512e+01,2.013125000000000142e+01
-7.672000000000001307e+01,1.981874999999999787e+01
-7.668000000000000682e+01,1.982812500000000355e+01
-7.664000000000000057e+01,1.979062500000000213e+01
-7.660000000000000853e+01,1.995000000000000284e+01
-7.656000000000000227e+01,1.967187500000000355e+01
-7.652000000000001023e+01,2.021250000000000213e+01
-7.648000000000000398e+01,2.011562500000000142e+01
-7.643999999999999773e+01,1.993437499999999929e+01
-7.640000000000000568e+01,2.017812500000000142e+01
-7.636000000000001364e+01,2.005937499999999929e+01
-7.632000000000000739e+01,1.983125000000000071e+01
-7.628000000000000114e+01,1.995312500000000355e+01
-7.623999999999999488e+01,1.972499999999999787e+01
-7.620000000000000284e+01,1.994062500000000071e+01
-7.615999999999999659e+01,1.995312500000000355e+01
-7.611999999999999034e+01,1.986562500000000142e+01
-7.607999999999999829e+01,1.983437500000000142e+01
-7.604000000000000625e+01,1.994375000000000142e+01
-7.600000000000000000e+01,1.984687500000000071e+01
-7.595999999999999375e+01,1.965625000000000000e+01
-7.592000000000000171e+01,2.000312500000000071e+01
-7.588000000000000966e+01,1.999062500000000142e+01
-7.584000000000000341e+01,2.018437499999999929e+01
-7.579999999999999716e+01,1.988437499999999858e+01
-7.575999999999999091e+01,2.009062499999999929e+01
-7.571999999999999886e+01,1.991875000000000284e+01
-7.568000000000000682e+01,1.975624999999999787e+01
-7.564000000000000057e+01,1.975937500000000213e+01
-7.559999999999999432e+01,1.987187499999999929e+01
-7.556000000000000227e+01,1.989687500000000142e+01
-7.552000000000001023e+01,2.022500000000000142e+01
-7.548000000000000398e+01,1.996250000000000213e+01
-7.543999999999999773e+01,2.015000000000000213e+01
-7.540000000000000568e+01,1.985937500000000355e+01
-7.536000000000001364e+01,2.006250000000000000e+01
-7.532000000000000739e+01,2.012500000000000000e+01
-7.528000000000000114e+01,1.986562500000000142e+01
-7.524000000000000909e+01,1.975312500000000071e+01
-7.520000000000001705e+01,1.990312499999999929e+01
-7.516000000000001080e+01,1.974062500000000142e+01
-7.512000000000000455e+01,2.006875000000000142e+01
-7.507999999999999829e+01,1.995312500000000355e+01
-7.504000000000000625e+01,1.975937500000000213e+01
-7.500000000000000000e+01,2.001562500000000355e+01
-7.495999999999999375e+01,1.977187500000000142e+01
-7.491999999999998749e+01,1.985625000000000284e+01
-7.487999999999999545e+01,1.974375000000000213e+01
-7.484000000000000341e+01,1.998437500000000355e+01
-7.479999999999999716e+01,1.984062499999999929e+01
-7.475999999999999091e+01,1.985937500000000355e+01
-7.471999999999999886e+01,2.001250000000000284e+01
-7.468000000000000682e+01,2.000000000000000000e+01
-7.464000000000000057e+01,2.024062500000000142e+01
-7.459999999999999432e+01,2.005937499999999929e+01
-7.456000000000000227e+01,2.007812500000000355e+01
-7.452000000000001023e+01,1.993437499999999929e+01
-7.448000000000000398e+01,1.984375000000000000e+01
-7.443999999999999773e+01,1.990312499999999929e+01
-7.439999999999999147e+01,2.013437499999999858e+01
-7.435999999999999943e+01,1.999687499999999929e+01
-7.432000000000000739e+01,2.000312500000000071e+01
-7.428000000000000114e+01,1.994375000000000142e+01
-7.423999999999999488e+01,2.000000000000000000e+01
-7.420000000000000284e+01,1.985312499999999858e+01
-7.416000000000001080e+01,2.001562500000000355e+01
-7.412000000000000455e+01,2.027500000000000213e+01
-7.407999999999999829e+01,1.980937499999999929e+01
-7.404000000000000625e+01,1.983125000000000071e+01
-7.400000000000001421e+01,2.015937500000000071e+01
-7.396000000000000796e+01,1.994375000000000142e+01
-7.392000000000000171e+01,1.983125000000000071e+01
-7.388000000000000966e+01,1.996562499999999929e+01
-7.384000000000001762e+01,1.979375000000000284e+01
-7.380000000000001137e+01,1.986250000000000071e+01
-7.376000000000000512e+01,2.004687500000000355e+01
-7.371999999999999886e+01,2.012187499999999929e+01
-7.367999999999999261e+01,1.990937500000000071e+01
-7.364000000000000057e+01,1.995625000000000071e+01
-7.359999999999999432e+01,1.998750000000000071e+01
-7.355999999999998806e+01,1.999375000000000213e+01
-7.351999999999999602e+01,1.983437500000000142e+01
-7.348000000000000398e+01,1.981250000000000000e+01
-7.343999999999999773e+01,1.988124999999999787e+01
-7.339999999999999147e+01,2.001250000000000284e+01
-7.335999999999999943e+01,2.020000000000000284e+01
-7.332000000000000739e+01,2.001562500000000355e+01
-7.328000000000000114e+01,1.995000000000000284e+01
-7.323999999999999488e+01,2.004687500000000355e+01
-7.320000000000000284e+01,1.999062500000000142e+01
-7.316000000000001080e+01,1.987500000000000000e+01
-7.312000000000000455e+01,1.988124999999999787e+01
-7.307999999999999829e+01,1.989687500000000142e+01
-7.304000000000000625e+01,1.995937500000000142e+01
-7.300000000000000000e+01,2.010625000000000284e+01
-7.296000000000000796e+01,1.990625000000000000e+01
-7.292000000000000171e+01,1.963750000000000284e+01
-7.287999999999999545e+01,2.006875000000000142e+01
-7.284000000000000341e+01,2.002812499999999929e+01
-7.280000000000001137e+01,2.000312500000000071e+01
-7.276000000000000512e+01,2.027812499999999929e+01
-7.271999999999999886e+01,1.995000000000000284e+01
-7.268000000000000682e+01,1.987187499999999929e+01
-7.264000000000001478e+01,2.005625000000000213e+01
-7.260000000000000853e+01,2.000625000000000142e+01
-7.256000000000000227e+01,1.966249999999999787e+01
-7.252000000000001023e+01,1.989375000000000071e+01
-7.248000000000000398e+01,1.989687500000000142e+01
-7.243999999999999773e+01,1.978437500000000071e+01
-7.239999999999999147e+01,1.985937500000000355e+01
-7.235999999999999943e+01,1.979687500000000355e+01
-7.231999999999999318e+01,1.989062500000000355e+01
-7.228000000000000114e+01,2.016562499999999858e+01
-7.223999999999999488e+01,1.995000000000000284e+01
-7.219999999999998863e+01,1.990625000000000000e+01
-7.215999999999999659e+01,1.996562499999999929e+01
-7.212000000000000455e+01,1.982500000000000284e+01
-7.207999999999999829e+01,2.003125000000000000e+01
-7.203999999999999204e+01,2.016562499999999858e+01
-7.200000000000000000e+01,2.006875000000000142e+01
-7.196000000000000796e+01,1.996562499999999929e+01
-7.192000000000000171e+01,1.995625000000000071e+01
-7.187999999999999545e+01,1.988437499999999858e+01
-7.184000000000000341e+01,1.965937500000000071e+01
-7.180000000000001137e+01,1.983750000000000213e+01
-7.176000000000000512e+01,2.024062500000000142e+01
-7.171999999999999886e+01,1.979062500000000213e+01
-7.168000000000000682e+01,1.989687500000000142e+01
-7.164000000000001478e+01,2.015625000000000000e+01
-7.160000000000000853e+01,2.008437500000000142e+01
-7.156000000000000227e+01,2.000625000000000142e+01
-7.151999999999999602e+01,1.958437500000000142e+01
-7.148000000000000398e+01,1.999375000000000213e+01
-7.144000000000001194e+01,1.984062499999999929e+01
-7.140000000000000568e+01,1.994375000000000142e+01
-7.135999999999999943e+01,1.992500000000000071e+01
-7.132000000000000739e+01,1.985312499999999858e+01
-7.128000000000001535e+01,2.000625000000000142e+01
-7.124000000000000909e+01,1.983125000000000071e+01
-7.120000000000000284e+01,2.013750000000000284e+01
-7.115999999999999659e+01,2.004375000000000284e+01
-7.112000000000000455e+01,1.959999999999999787e+01
-7.107999999999999829e+01,1.995000000000000284e+01
-7.103999999999999204e+01,2.008125000000000071e+01
-7.100000000000000000e+01,2.001250000000000284e+01
-7.096000000000000796e+01,1.978749999999999787e+01
-7.092000000000000171e+01,2.013437499999999858e+01
-7.087999999999999545e+01,1.999375000000000213e+01
-7.083999999999998920e+01,2.006875000000000142e+01
-7.079999999999999716e+01,2.002187500000000142e+01
-7.076000000000000512e+01,1.999062500000000142e+01
-7.071999999999999886e+01,2.007187499999999858e+01
-7.067999999999999261e+01,1.978437500000000071e+01
-7.064000000000000057e+01,1.982812500000000355e+01
-7.060000000000000853e+01,1.996562499999999929e+01
-7.056000000000000227e+01,2.005000000000000071e+01
-7.051999999999999602e+01,2.000937499999999858e+01
-7.048000000000000398e+01,2.014687500000000142e+01
-7.044000000000001194e+01,1.985625000000000284e+01
-7.040000000000000568e+01,1.999687499999999929e+01
-7.035999999999999943e+01,1.976875000000000071e+01
-7.032000000000000739e+01,1.991875000000000284e+01
-7.028000000000001535e+01,1.992500000000000071e+01
-7.024000000000000909e+01,2.012187499999999929e+01
-7.020000000000000284e+01,1.995937500000000142e+01
-7.015999999999999659e+01,2.010312499999999858e+01
-7.012000000000000455e+01,2.000312500000000071e+01
-7.008000000000001251e+01,1.979375000000000284e+01
-7.004000000000000625e+01,1.975937500000000213e+01
-7.000000000000000000e+01,1.991250000000000142e+01
-6.996000000000000796e+01,1.976875000000000071e+01
-6.992000000000000171e+01,1.975000000000000000e+01
-6.987999999999999545e+01,1.988437499999999858e+01
-6.983999999999998920e+01,1.999687499999999929e+01
-6.979999999999999716e+01,2.009375000000000000e+01
-6.976000000000000512e+01,2.008750000000000213e+01
-6.971999999999999886e+01,2.015625000000000000e+01
-6.967999999999999261e+01,2.008125000000000071e+01
-6.964000000000000057e+01,2.002187500000000142e+01
-6.960000000000000853e+01,1.989375000000000071e+01
-6.956000000000000227e+01,1.975937500000000213e+01
-6.951999999999999602e+01,2.000625000000000142e+01
-6.947999999999998977e+01,1.983750000000000213e+01
-6.943999999999999773e+01,1.985937500000000355e+01
-6.940000000000000568e+01,1.991250000000000142e+01
-6.935999999999999943e+01,1.985937500000000355e+01
-6.931999999999999318e+01,2.004375000000000284e+01
-6.928000000000000114e+01,2.002500000000000213e+01
-6.924000000000000909e+01,2.002187500000000142e+01
-6.920000000000000284e+01,1.984375000000000000e+01
-6.915999999999999659e+01,1.988437499999999858e+01
-6.912000000000000455e+01,1.980000000000000071e+01
-6.908000000000001251e+01,1.989062500000000355e+01
-6.904000000000000625e+01,2.020312500000000355e+01
-6.900000000000000000e+01,1.987812500000000071e+01
-6.896000000000000796e+01,2.010937500000000355e+01
-6.892000000000001592e+01,2.009062499999999929e+01
-6.888000000000000966e+01,1.977500000000000213e+01
-6.884000000000000341e+01,2.021250000000000213e+01
-6.880000000000001137e+01,1.990625000000000000e+01
-6.876000000000000512e+01,1.958437500000000142e+01
-6.872000000000001307e+01,1.960312500000000213e+01
-6.868000000000000682e+01,1.983750000000000213e+01
-6.863999999999998636e+01,1.993750000000000000e+01
-6.859999999999999432e+01,1.994375000000000142e+01
-6.856000000000000227e+01,2.014062500000000355e+01
-6.851999999999999602e+01,1.997812499999999858e+01
-6.847999999999998977e+01,1.992500000000000071e+01
-6.843999999999999773e+01,1.979687500000000355e+01
-6.840000000000000568e+01,1.970625000000000071e+01
-6.835999999999999943e+01,2.015312499999999929e+01
-6.831999999999999318e+01,1.996250000000000213e+01
-6.828000000000000114e+01,2.015000000000000213e+01
-6.824000000000000909e+01,1.992500000000000071e+01
-6.820000000000000284e+01,2.010625000000000284e+01
-6.815999999999999659e+01,1.956562500000000071e+01
-6.812000000000000455e+01,1.982812500000000355e+01
-6.807999999999999829e+01,1.988437499999999858e+01
-6.804000000000000625e+01,2.013125000000000142e+01
-6.800000000000000000e+01,2.008437500000000142e+01
-6.795999999999999375e+01,2.000312500000000071e+01
-6.792000000000000171e+01,2.008125000000000071e+01
-6.788000000000000966e+01,1.993750000000000000e+01
-6.784000000000000341e+01,1.994375000000000142e+01
-6.779999999999999716e+01,2.003437500000000071e+01
-6.776000000000000512e+01,1.995000000000000284e+01
-6.772000000000001307e+01,1.986250000000000071e+01
-6.768000000000000682e+01,1.995312500000000355e+01
-6.764000000000000057e+01,2.011250000000000071e+01
-6.760000000000000853e+01,2.017812500000000142e+01
-6.756000000000001648e+01,1.993437499999999929e+01
-6.752000000000001023e+01,2.021562499999999929e+01
-6.748000000000000398e+01,2.017812500000000142e+01
-6.743999999999999773e+01,2.011875000000000213e+01
-6.740000000000000568e+01,1.987500000000000000e+01
-6.735999999999999943e+01,2.006562500000000071e+01
-6.731999999999999318e+01,1.977812499999999929e+01
-6.727999999999998693e+01,2.016562499999999858e+01
-6.723999999999999488e+01,2.009687500000000071e+01
-6.720000000000000284e+01,2.006250000000000000e+01
-6.715999999999999659e+01,2.000625000000000142e+01
-6.711999999999999034e+01,1.990000000000000213e+01
-6.707999999999999829e+01,2.008125000000000071e+01
-6.704000000000000625e+01,1.987812500000000071e+01
-6.700000000000000000e+01,1.989375000000000071e+01
-6.695999999999999375e+01,2.004687500000000355e+01
-6.692000000000000171e+01,1.983750000000000213e+01
-6.688000000000000966e+01,1.978125000000000000e+01
-6.684000000000000341e+01,2.020937500000000142e+01
-6.679999999999999716e+01,2.000625000000000142e+01
-6.676000000000000512e+01,1.990000000000000213e+01
-6.672000000000001307e+01,1.977187500000000142e+01
-6.668000000000000682e+01,1.986875000000000213e+01
-6.664000000000000057e+01,2.011562500000000142e+01
-6.659999999999999432e+01,2.017187500000000355e+01
-6.656000000000000227e+01,1.981562500000000071e+01
-6.652000000000001023e+01,1.965312499999999929e+01
-6.648000000000000398e+01,1.991562499999999858e+01
-6.643999999999999773e+01,1.973437500000000355e+01
-6.640000000000000568e+01,2.007187499999999858e+01
-6.636000000000001364e+01,2.000625000000000142e+01
-6.632000000000000739e+01,1.986562500000000142e+01
-6.628000000000000114e+01,1.991250000000000142e+01
-6.624000000000000909e+01,2.005625000000000213e+01
-6.620000000000000284e+01,1.996875000000000000e+01
-6.615999999999999659e+01,1.988750000000000284e+01
-6.611999999999999034e+01,1.988124999999999787e+01
-6.607999999999999829e+01,2.010000000000000142e+01
-6.604000000000000625e+01,1.996562499999999929e+01
-6.600000000000000000e+01,2.009687500000000071e+01
-6.595999999999999375e+01,2.004375000000000284e+01
-6.591999999999998749e+01,1.997500000000000142e+01
-6.587999999999999545e+01,1.996875000000000000e+01
-6.584000000000000341e+01,1.984375000000000000e+01
-6.579999999999999716e+01,1.995937500000000142e+01
-6.575999999999999091e+01,1.990000000000000213e+01
-6.571999999999999886e+01,1.999687499999999929e+01
-6.568000000000000682e+01,2.000937499999999858e+01
-6.564000000000000057e+01,2.031250000000000000e+01
-6.559999999999999432e+01,2.017187500000000355e+01
-6.556000000000000227e+01,2.000000000000000000e+01
-6.552000000000001023e+01,1.990000000000000213e+01
-6.548000000000000398e+01,2.014687500000000142e+01
-6.543999999999999773e+01,1.994375000000000142e+01
-6.540000000000000568e+01,2.011250000000000071e+01
-6.536000000000001364e+01,1.975624999999999787e+01
-6.532000000000000739e+01,2.007500000000000284e+01
-6.528000000000000114e+01,1.979375000000000284e+01
-6.523999999999999488e+01,1.978125000000000000e+01
-6.520000000000000284e+01,1.962500000000000000e+01
-6.516000000000001080e+01,1.973750000000000071e+01
-6.512000000000000455e+01,1.998437500000000355e+01
-6.507999999999999829e+01,1.987187499999999929e+01
-6.504000000000000625e+01,1.986562500000000142e+01
-6.500000000000001421e+01,2.010000000000000142e+01
-6.496000000000000796e+01,1.991875000000000284e+01
-6.492000000000000171e+01,2.001250000000000284e+01
-6.487999999999999545e+01,1.969687500000000213e+01
-6.484000000000000341e+01,2.000312500000000071e+01
-6.479999999999999716e+01,2.008750000000000213e+01
-6.475999999999999091e+01,1.979062500000000213e+01
-6.471999999999999886e+01,2.015625000000000000e+01
-6.468000000000000682e+01,2.001250000000000284e+01
-6.464000000000000057e+01,2.001250000000000284e+01
-6.459999999999999432e+01,2.017187500000000355e+01
-6.455999999999998806e+01,2.025625000000000142e+01
-6.451999999999999602e+01,1.978749999999999787e+01
-6.448000000000000398e+01,2.003437500000000071e+01
-6.443999999999999773e+01,1.990312499999999929e+01
-6.439999999999999147e+01,2.005625000000000213e+01
-6.435999999999999943e+01,2.018437499999999929e+01
-6.432000000000000739e+01,1.994375000000000142e+01
-6.428000000000000114e+01,1.989375000000000071e+01
-6.423999999999999488e+01,1.984062499999999929e+01
-6.420000000000000284e+01,2.006875000000000142e+01
-6.416000000000001080e+01,1.997187500000000071e+01
-6.412000000000000455e+01,2.004062499999999858e+01
-6.407999999999999829e+01,2.003750000000000142e+01
-6.404000000000000625e+01,1.980312500000000142e+01
-6.400000000000001421e+01,2.011875000000000213e+01
-6.396000000000000085e+01,2.016250000000000142e+01
-6.391999999999999460e+01,2.010000000000000142e+01
-6.388000000000000256e+01,2.019375000000000142e+01
-6.383999999999999631e+01,1.988750000000000284e+01
-6.380000000000000426e+01,2.000000000000000000e+01
-6.375999999999999801e+01,1.994375000000000142e+01
-6.371999999999999176e+01,1.971562499999999929e+01
-6.367999999999999972e+01,1.983437500000000142e+01
-6.364000000000000767e+01,1.973750000000000071e+01
-6.360000000000000142e+01,2.006250000000000000e+01
-6.355999999999999517e+01,2.002187500000000142e+01
-6.352000000000000313e+01,2.010625000000000284e+01
-6.348000000000001108e+01,2.012812500000000071e+01
-6.344000000000000483e+01,1.993125000000000213e+01
-6.339999999999999858e+01,2.000000000000000000e+01
-6.336000000000000654e+01,1.977812499999999929e+01
-6.332000000000000739e+01,1.983750000000000213e+01
-6.328000000000000114e+01,1.994687499999999858e+01
-6.323999999999999488e+01,1.978125000000000000e+01
-6.320000000000000284e+01,1.993750000000000000e+01
-6.316000000000001080e+01,2.025937499999999858e+01
-6.312000000000000455e+01,2.010000000000000142e+01
-6.307999999999999829e+01,2.028437500000000071e+01
-6.303999999999999204e+01,2.009687500000000071e+01
-6.300000000000000000e+01,1.993750000000000000e+01
-6.296000000000000796e+01,1.982812500000000355e+01
-6.292000000000000171e+01,2.005937499999999929e+01
-6.287999999999999545e+01,1.993125000000000213e+01
-6.284000000000000341e+01,1.997500000000000142e+01
-6.280000000000001137e+01,1.987812500000000071e+01
-6.276000000000000512e+01,1.976875000000000071e+01
-6.271999999999999886e+01,2.000625000000000142e+01
-6.267999999999999972e+01,2.003125000000000000e+01
-6.264000000000000767e+01,1.999375000000000213e+01
-6.260000000000000142e+01,1.988124999999999787e+01
-6.255999999999999517e+01,2.014375000000000071e+01
-6.252000000000000313e+01,2.000000000000000000e+01
-6.248000000000001108e+01,2.005937499999999929e+01
-6.244000000000000483e+01,1.994687499999999858e+01
-6.239999999999999858e+01,1.989062500000000355e+01
-6.235999999999999233e+01,2.002500000000000213e+01
-6.232000000000000028e+01,1.986875000000000213e+01
-6.228000000000000824e+01,2.000312500000000071e+01
-6.224000000000000199e+01,1.996562499999999929e+01
-6.219999999999999574e+01,2.019062500000000071e+01
-6.216000000000000369e+01,1.992187500000000355e+01
-6.212000000000001165e+01,1.997812499999999858e+01
-6.208000000000000540e+01,1.990625000000000000e+01
-6.203999999999999204e+01,1.985937500000000355e+01
-6.200000000000000000e+01,2.001250000000000284e+01
-6.196000000000000796e+01,2.008437500000000142e+01
-6.192000000000000171e+01,2.005625000000000213e+01
-6.187999999999999545e+01,1.956250000000000000e+01
-6.184000000000000341e+01,1.987500000000000000e+01
-6.180000000000001137e+01,1.988124999999999787e+01
-6.176000000000000512e+01,1.990625000000000000e+01
-6.171999999999999886e+01,1.968437499999999929e+01
-6.167999999999999261e+01,1.985937500000000355e+01
-6.164000000000000057e+01,1.969374999999999787e+01
-6.160000000000000853e+01,1.986250000000000071e+01
-6.156000000000000227e+01,2.016250000000000142e+01
-6.151999999999999602e+01,1.984999999999999787e+01
-6.148000000000000398e+01,2.000000000000000000e+01
-6.144000000000000483e+01,1.984999999999999787e+01
-6.139999999999999858e+01,1.980312500000000142e+01
-6.135999999999999233e+01,2.004062499999999858e+01
-6.132000000000000028e+01,2.001562500000000355e+01
-6.128000000000000824e+01,2.004062499999999858e+01
-6.124000000000000199e+01,2.004062499999999858e+01
-6.119999999999999574e+01,2.012187499999999929e+01
-6.116000000000000369e+01,1.977187500000000142e+01
-6.112000000000001165e+01,1.990625000000000000e+01
-6.108000000000000540e+01,1.973437500000000355e+01
-6.103999999999999915e+01,1.978125000000000000e+01
-6.100000000000000000e+01,1.983750000000000213e+01
-6.096000000000000085e+01,2.000000000000000000e+01
-6.092000000000000171e+01,1.976250000000000284e+01
-6.088000000000000256e+01,2.002187500000000142e+01
-6.084000000000000341e+01,2.005312500000000142e+01
-6.079999999999999716e+01,1.997187500000000071e+01
-6.075999999999999801e+01,1.989062500000000355e+01
-6.071999999999999886e+01,1.970625000000000071e+01
-6.067999999999999972e+01,2.002500000000000213e+01
-6.064000000000000057e+01,2.023750000000000071e+01
-6.060000000000000142e+01,1.983437500000000142e+01
-6.056000000000000227e+01,2.016562499999999858e+01
-6.052000000000000313e+01,2.001875000000000071e+01
-6.048000000000000398e+01,2.001250000000000284e+01
-6.044000000000000483e+01,1.987812500000000071e+01
-6.040000000000000568e+01,1.980000000000000071e+01
-6.036000000000000654e+01,1.988750000000000284e+01
-6.032000000000000028e+01,2.001875000000000071e+01
-6.028000000000000114e+01,2.005937499999999929e+01
-6.024000000000000199e+01,2.005312500000000142e+01
-6.020000000000000284e+01,2.018125000000000213e+01
-6.015999999999999659e+01,2.012187499999999929e+01
-6.011999999999999744e+01,1.965625000000000000e+01
-6.007999999999999829e+01,1.984687500000000071e+01
-6.003999999999999915e+01,1.972187500000000071e+01
-6.000000000000000000e+01,1.975624999999999787e+01
-5.996000000000000085e+01,1.987187499999999929e+01
-5.992000000000000171e+01,2.008125000000000071e+01
-5.988000000000000256e+01,2.003750000000000142e+01
-5.984000000000000341e+01,2.008125000000000071e+01
-5.980000000000000426e+01,1.992187500000000355e+01
-5.976000000000000512e+01,2.000625000000000142e+01
-5.972000000000000597e+01,2.011250000000000071e+01
-5.968000000000000682e+01,1.979062500000000213e+01
-5.964000000000000767e+01,2.004687500000000355e+01
-5.960000000000000142e+01,2.000625000000000142e+01
-5.956000000000000227e+01,2.002187500000000142e+01
-5.951999999999999602e+01,1.984375000000000000e+01
-5.947999999999999687e+01,1.989375000000000071e+01
-5.943999999999999773e+01,1.999375000000000213e+01
-5.939999999999999858e+01,1.989062500000000355e+01
-5.935999999999999943e+01,2.010625000000000284e+01
-5.932000000000000028e+01,2.011562500000000142e+01
-5.928000000000000114e+01,1.999687499999999929e+01
-5.924000000000000199e+01,2.009375000000000000e+01
-5.920000000000000284e+01,1.991562499999999858e+01
-5.916000000000000369e+01,2.008437500000000142e+01
-5.912000000000000455e+01,2.008750000000000213e+01
-5.908000000000000540e+01,1.998125000000000284e+01
-5.904000000000000625e+01,1.990625000000000000e+01
-5.900000000000000711e+01,1.986562500000000142e+01
-5.896000000000000796e+01,1.975624999999999787e+01
-5.892000000000000171e+01,1.970312500000000355e+01
-5.888000000000000256e+01,1.997187500000000071e+01
-5.883999999999999631e+01,2.024062500000000142e+01
-5.880000000000000426e+01,2.011562500000000142e+01
-5.875999999999999801e+01,1.985312499999999858e+01
-5.872000000000000597e+01,2.005625000000000213e+01
-5.867999999999999972e+01,2.024375000000000213e+01
-5.864000000000000767e+01,1.978125000000000000e+01
-5.860000000000000142e+01,1.999062500000000142e+01
-5.855999999999999517e+01,2.013750000000000284e+01
-5.852000000000000313e+01,1.992812500000000142e+01
-5.847999999999999687e+01,2.018125000000000213e+01
-5.844000000000000483e+01,1.991562499999999858e+01
-5.839999999999999858e+01,2.003750000000000142e+01
-5.836000000000000654e+01,1.996875000000000000e+01
-5.832000000000000028e+01,1.983125000000000071e+01
-5.828000000000000114e+01,1.975937500000000213e+01
-5.823999999999999488e+01,1.980937499999999929e+01
-5.820000000000000284e+01,1.995937500000000142e+01
-5.815999999999999659e+01,2.002812499999999929e+01
-5.812000000000000455e+01,2.003437500000000071e+01
-5.807999999999999829e+01,1.994062500000000071e+01
-5.804000000000000625e+01,2.014375000000000071e+01
-5.800000000000000000e+01,2.001875000000000071e+01
-5.796000000000000796e+01,2.002187500000000142e+01
-5.792000000000000171e+01,1.991250000000000142e+01
-5.788000000000000966e+01,2.013437499999999858e+01
-5.784000000000000341e+01,1.982187499999999858e+01
-5.779999999999999716e+01,2.005625000000000213e+01
-5.776000000000000512e+01,1.985312499999999858e+01
-5.771999999999999886e+01,1.985625000000000284e+01
-5.768000000000000682e+01,1.995000000000000284e+01
-5.763999999999999346e+01,1.992812500000000142e+01
-5.760000000000000142e+01,2.016562499999999858e+01
-5.755999999999999517e+01,2.026562500000000355e+01
-5.752000000000000313e+01,1.982812500000000355e+01
-5.747999999999999687e+01,1.985625000000000284e+01
-5.744000000000000483e+01,1.996250000000000213e+01
-5.739999999999999858e+01,1.992187500000000355e+01
-5.736000000000000654e+01,1.998437500000000355e+01
-5.732000000000000028e+01,1.964375000000000071e+01
-5.728000000000000824e+01,1.988437499999999858e+01
-5.724000000000000199e+01,1.992500000000000071e+01
-5.720000000000000995e+01,2.016562499999999858e+01
-5.716000000000000369e+01,2.017187500000000355e+01
-5.711999999999999744e+01,1.998125000000000284e+01
-5.708000000000000540e+01,2.002500000000000213e+01
-5.703999999999999915e+01,1.995625000000000071e+01
-5.700000000000000000e+01,1.981874999999999787e+01
-5.695999999999999375e+01,1.983125000000000071e+01
-5.692000000000000171e+01,1.988437499999999858e+01
-5.687999999999999545e+01,1.964375000000000071e+01
-5.684000000000000341e+01,2.000625000000000142e+01
-5.679999999999999716e+01,1.994062500000000071e+01
-5.676000000000000512e+01,2.006562500000000071e+01
-5.671999999999999886e+01,1.987812500000000071e+01
-5.668000000000000682e+01,2.010937500000000355e+01
-5.664000000000000057e+01,1.994375000000000142e+01
-5.660000000000000853e+01,1.990312499999999929e+01
-5.656000000000000227e+01,1.985312499999999858e+01
-5.652000000000001023e+01,1.995625000000000071e+01
-5.648000000000000398e+01,1.999375000000000213e+01
-5.643999999999999773e+01,2.010312499999999858e+01
-5.639999999999999858e+01,1.995312500000000355e+01
-5.635999999999999233e+01,1.994062500000000071e+01
-5.632000000000000028e+01,1.996875000000000000e+01
-5.627999999999999403e+01,1.981562500000000071e+01
-5.624000000000000199e+01,2.000937499999999858e+01
-5.619999999999999574e+01,2.016250000000000142e+01
-5.616000000000000369e+01,1.995312500000000355e+01
-5.611999999999999744e+01,2.000000000000000000e+01
-5.608000000000000540e+01,1.981250000000000000e+01
-5.603999999999999915e+01,2.023125000000000284e+01
-5.600000000000000711e+01,1.991875000000000284e+01
-5.596000000000000085e+01,2.006250000000000000e+01
-5.592000000000000881e+01,1.992187500000000355e+01
-5.588000000000000256e+01,1.995937500000000142e+01
-5.584000000000001052e+01,1.989375000000000071e+01
-5.580000000000000426e+01,1.982812500000000355e+01
-5.576000000000000512e+01,1.984062499999999929e+01
-5.571999999999999886e+01,1.966249999999999787e+01
-5.567999999999999261e+01,1.995937500000000142e+01
-5.564000000000000057e+01,1.996250000000000213e+01
-5.559999999999999432e+01,1.997187500000000071e+01
-5.556000000000000227e+01,1.990937500000000071e+01
-5.551999999999999602e+01,1.984062499999999929e+01
-5.548000000000000398e+01,2.009687500000000071e+01
-5.543999999999999773e+01,1.992812500000000142e+01
-5.540000000000000568e+01,1.978437500000000071e+01
-5.535999999999999943e+01,2.022500000000000142e+01
-5.532000000000000739e+01,1.981874999999999787e+01
-5.528000000000000114e+01,1.986875000000000213e+01
-5.524000000000000909e+01,1.998125000000000284e+01
-5.520000000000000284e+01,1.994687499999999858e+01
-5.516000000000000369e+01,2.000625000000000142e+01
-5.511999999999999744e+01,2.002812499999999929e+01
-5.508000000000000540e+01,1.996562499999999929e+01
-5.503999999999999915e+01,1.988750000000000284e+01
-5.499999999999999289e+01,1.990937500000000071e+01
-5.496000000000000085e+01,1.987812500000000071e+01
-5.491999999999999460e+01,2.010312499999999858e+01
-5.488000000000000256e+01,2.007812500000000355e+01
-5.483999999999999631e+01,1.994687499999999858e+01
-5.480000000000000426e+01,2.012187499999999929e+01
-5.475999999999999801e+01,1.990937500000000071e+01
-5.472000000000000597e+01,2.001250000000000284e+01
-5.467999999999999972e+01,1.981874999999999787e+01
-5.464000000000000767e+01,2.001250000000000284e+01
-5.460000000000000142e+01,2.007187499999999858e+01
-5.456000000000000938e+01,1.982812500000000355e+01
-5.452000000000000313e+01,1.983750000000000213e+01
-5.448000000000000398e+01,1.996875000000000000e+01
-5.443999999999999773e+01,2.002812499999999929e+01
-5.440000000000000568e+01,2.004687500000000355e+01
-5.435999999999999943e+01,1.973125000000000284e+01
-5.431999999999999318e+01,1.995625000000000071e+01
-5.428000000000000114e+01,2.010625000000000284e+01
-5.423999999999999488e+01,1.991562499999999858e+01
-5.420000000000000284e+01,1.992812500000000142e+01
-5.415999999999999659e+01,1.996875000000000000e+01
-5.412000000000000455e+01,1.994375000000000142e+01
-5.407999999999999829e+01,2.008750000000000213e+01
-5.404000000000000625e+01,2.009062499999999929e+01
-5.400000000000000000e+01,1.985312499999999858e+01
-5.396000000000000796e+01,1.973437500000000355e+01
-5.392000000000000171e+01,1.994062500000000071e+01
-5.388000000000000256e+01,1.994375000000000142e+01
-5.383999999999999631e+01,1.995937500000000142e+01
-5.380000000000000426e+01,1.997500000000000142e+01
-5.375999999999999801e+01,1.992187500000000355e+01
-5.372000000000000597e+01,1.980625000000000213e+01
-5.367999999999999972e+01,1.975937500000000213e+01
-5.364000000000000767e+01,1.995000000000000284e+01
-5.360000000000000142e+01,1.996250000000000213e+01
-5.355999999999999517e+01,1.990000000000000213e+01
-5.352000000000000313e+01,1.991562499999999858e+01
-5.347999999999999687e+01,2.012500000000000000e+01
-5.344000000000000483e+01,2.001250000000000284e+01
-5.339999999999999858e+01,1.997187500000000071e+01
-5.336000000000000654e+01,1.995625000000000071e+01
-5.332000000000000028e+01,2.000937499999999858e+01
-5.328000000000000824e+01,2.011562500000000142e+01
-5.324000000000000199e+01,1.991250000000000142e+01
-5.320000000000000284e+01,2.006250000000000000e+01
-5.315999999999999659e+01,1.980312500000000142e+01
-5.312000000000000455e+01,1.985625000000000284e+01
-5.307999999999999829e+01,2.005000000000000071e+01
-5.304000000000000625e+01,1.991562499999999858e+01
-5.300000000000000000e+01,2.000937499999999858e+01
-5.296000000000000796e+01,1.995625000000000071e+01
-5.292000000000000171e+01,1.970937500000000142e+01
-5.287999999999999545e+01,1.982500000000000284e+01
-5.284000000000000341e+01,2.000625000000000142e+01
-5.279999999999999716e+01,2.000312500000000071e+01
-5.276000000000000512e+01,2.001562500000000355e+01
-5.271999999999999886e+01,2.034062500000000284e+01
-5.268000000000000682e+01,1.980625000000000213e+01
-5.264000000000000057e+01,1.998437500000000355e+01
-5.260000000000000142e+01,1.975312500000000071e+01
-5.255999999999999517e+01,1.994375000000000142e+01
-5.252000000000000313e+01,2.004375000000000284e+01
-5.247999999999999687e+01,1.999375000000000213e+01
-5.244000000000000483e+01,2.009062499999999929e+01
-5.239999999999999858e+01,2.013437499999999858e+01
-5.236000000000000654e+01,1.999062500000000142e+01
-5.232000000000000028e+01,1.982187499999999858e+01
-5.228000000000000824e+01,1.988437499999999858e+01
-5.224000000000000199e+01,1.998750000000000071e+01
-5.219999999999999574e+01,1.976250000000000284e+01
-5.216000000000000369e+01,1.977500000000000213e+01
-5.211999999999999744e+01,1.992812500000000142e+01
-5.208000000000000540e+01,1.974062500000000142e+01
-5.203999999999999915e+01,2.015937500000000071e+01
-5.200000000000000711e+01,2.002500000000000213e+01
-5.195999999999999375e+01,2.016562499999999858e+01
-5.192000000000000171e+01,2.003437500000000071e+01
-5.187999999999999545e+01,2.001250000000000284e+01
-5.184000000000000341e+01,1.998437500000000355e+01
-5.179999999999999716e+01,1.990625000000000000e+01
-5.176000000000000512e+01,1.991562499999999858e+01
-5.171999999999999886e+01,2.015000000000000213e+01
-5.168000000000000682e+01,2.015937500000000071e+01
-5.164000000000000057e+01,2.018750000000000000e+01
-5.160000000000000853e+01,2.010937500000000355e+01
-5.156000000000000227e+01,1.981874999999999787e+01
-5.152000000000001023e+01,1.995625000000000071e+01
-5.148000000000000398e+01,1.993750000000000000e+01
-5.143999999999999773e+01,2.002812499999999929e+01
-5.140000000000000568e+01,2.000312500000000071e+01
-5.135999999999999943e+01,2.004687500000000355e+01
-5.132000000000000028e+01,1.965937500000000071e+01
-5.127999999999999403e+01,1.999375000000000213e+01
-5.124000000000000199e+01,1.997187500000000071e+01
-5.119999999999999574e+01,1.979375000000000284e+01
-5.116000000000000369e+01,1.983750000000000213e+01
-5.111999999999999744e+01,2.016250000000000142e+01
-5.108000000000000540e+01,2.012187499999999929e+01
-5.103999999999999915e+01,2.002187500000000142e+01
-5.100000000000000711e+01,2.015625000000000000e+01
-5.096000000000000085e+01,1.983125000000000071e+01
-5.092000000000000881e+01,1.988437499999999858e+01
-5.088000000000000256e+01,1.994687499999999858e+01
-5.084000000000001052e+01,1.987812500000000071e+01
-5.080000000000000426e+01,1.989062500000000355e+01
-5.075999999999999801e+01,1.998750000000000071e+01
-5.071999999999999886e+01,2.013437499999999858e+01
-5.067999999999999261e+01,1.997500000000000142e+01
-5.064000000000000057e+01,2.000312500000000071e+01
-5.059999999999999432e+01,1.976250000000000284e+01
-5.056000000000000227e+01,1.993125000000000213e+01
-5.051999999999999602e+01,2.011875000000000213e+01
-5.048000000000000398e+01,1.994062500000000071e+01
-5.043999999999999773e+01,2.001250000000000284e+01
-5.040000000000000568e+01,2.009062499999999929e+01
-5.035999999999999943e+01,1.987812500000000071e+01
-5.032000000000000739e+01,1.991562499999999858e+01
-5.028000000000000114e+01,2.018437499999999929e+01
-5.024000000000000909e+01,1.973437500000000355e+01
-5.020000000000000284e+01,1.986875000000000213e+01
-5.016000000000001080e+01,1.991250000000000142e+01
-5.012000000000000455e+01,2.001250000000000284e+01
-5.007999999999999829e+01,1.986250000000000071e+01
-5.003999999999999915e+01,2.020312500000000355e+01
-4.999999999999999289e+01,2.000625000000000142e+01
-4.996000000000000085e+01,2.015312499999999929e+01
-4.991999999999999460e+01,2.019375000000000142e+01
-4.988000000000000256e+01,1.998750000000000071e+01
-4.983999999999999631e+01,2.005937499999999929e+01
-4.980000000000000426e+01,1.998750000000000071e+01
-4.975999999999999801e+01,1.988750000000000284e+01
-4.972000000000000597e+01,1.997500000000000142e+01
-4.967999999999999972e+01,1.985937500000000355e+01
-4.964000000000000767e+01,2.012187499999999929e+01
-4.960000000000000142e+01,2.023437500000000355e+01
-4.956000000000000938e+01,2.003125000000000000e+01
-4.952000000000000313e+01,1.975000000000000000e+01
-4.948000000000000398e+01,2.015937500000000071e+01
-4.943999999999999773e+01,1.980000000000000071e+01
-4.940000000000000568e+01,1.973437500000000355e+01
-4.935999999999999943e+01,1.963750000000000284e+01
-4.931999999999999318e+01,1.988437499999999858e+01
-4.928000000000000114e+01,1.980937499999999929e+01
-4.923999999999999488e+01,1.975000000000000000e+01
-4.920000000000000284e+01,2.006875000000000142e+01
-4.915999999999999659e+01,1.997812499999999858e+01
-4.912000000000000455e+01,2.001250000000000284e+01
-4.907999999999999829e+01,2.025000000000000000e+01
-4.904000000000000625e+01,1.998437500000000355e+01
-4.900000000000000000e+01,1.988437499999999858e+01
-4.896000000000000796e+01,1.979062500000000213e+01
-4.892000000000000171e+01,2.009375000000000000e+01
-4.888000000000000966e+01,1.982187499999999858e+01
-4.884000000000000341e+01,2.003437500000000071e+01
-4.880000000000000426e+01,1.990000000000000213e+01
-4.875999999999999801e+01,2.014375000000000071e+01
-4.872000000000000597e+01,2.013125000000000142e+01
-4.867999999999999972e+01,2.004687500000000355e+01
-4.863999999999999346e+01,2.001250000000000284e+01
-4.860000000000000142e+01,1.984375000000000000e+01
-4.855999999999999517e+01,2.000000000000000000e+01
-4.852000000000000313e+01,2.029687500000000355e+01
-4.847999999999999687e+01,2.009062499999999929e+01
-4.844000000000000483e+01,1.994687499999999858e+01
-4.839999999999999858e+01,1.999062500000000142e+01
-4.836000000000000654e+01,1.989062500000000355e+01
-4.832000000000000028e+01,2.007187499999999858e+01
-4.828000000000000824e+01,1.980625000000000213e+01
-4.824000000000000199e+01,2.020312500000000355e+01
-4.820000000000000284e+01,2.008125000000000071e+01
-4.815999999999999659e+01,2.001875000000000071e+01
-4.812000000000000455e+01,1.995312500000000355e+01
-4.807999999999999829e+01,2.000625000000000142e+01
-4.804000000000000625e+01,2.007812500000000355e+01
-4.800000000000000000e+01,2.022812499999999858e+01
-4.795999999999999375e+01,1.965312499999999929e+01
-4.792000000000000171e+01,1.997812499999999858e+01
-4.787999999999999545e+01,1.987500000000000000e+01
-4.784000000000000341e+01,1.998437500000000355e+01
-4.779999999999999716e+01,2.004375000000000284e+01
-4.776000000000000512e+01,1.968750000000000000e+01
-4.771999999999999886e+01,2.005312500000000142e+01
-4.768000000000000682e+01,1.993125000000000213e+01
-4.764000000000000057e+01,2.014687500000000142e+01
-4.760000000000000853e+01,1.975000000000000000e+01
-4.755999999999999517e+01,1.999375000000000213e+01
-4.752000000000000313e+01,1.990937500000000071e+01
-4.747999999999999687e+01,1.990000000000000213e+01
-4.744000000000000483e+01,1.989687500000000142e+01
-4.739999999999999858e+01,2.000312500000000071e+01
-4.736000000000000654e+01,1.979062500000000213e+01
-4.732000000000000028e+01,2.008750000000000213e+01
-4.728000000000000824e+01,2.004062499999999858e+01
-4.724000000000000199e+01,1.998125000000000284e+01
-4.719999999999999574e+01,1.989062500000000355e+01
-4.716000000000000369e+01,1.984375000000000000e+01
-4.711999999999999744e+01,1.974062500000000142e+01
-4.708000000000000540e+01,2.003125000000000000e+01
-4.703999999999999915e+01,1.995625000000000071e+01
-4.700000000000000711e+01,1.981562500000000071e+01
-4.696000000000000085e+01,2.005937499999999929e+01
-4.692000000000000171e+01,1.977500000000000213e+01
-4.687999999999999545e+01,1.990625000000000000e+01
-4.684000000000000341e+01,2.007812500000000355e+01
-4.679999999999999716e+01,1.993750000000000000e+01
-4.676000000000000512e+01,1.995000000000000284e+01
-4.671999999999999886e+01,2.015000000000000213e+01
-4.668000000000000682e+01,1.990312499999999929e+01
-4.664000000000000057e+01,2.007187499999999858e+01
-4.660000000000000853e+01,1.999062500000000142e+01
-4.656000000000000227e+01,2.007500000000000284e+01
-4.651999999999999602e+01,2.005937499999999929e+01
-4.648000000000000398e+01,2.002500000000000213e+01
-4.643999999999999773e+01,2.009062499999999929e+01
-4.640000000000000568e+01,2.005000000000000071e+01
-4.635999999999999943e+01,2.007500000000000284e+01
-4.632000000000000028e+01,1.980625000000000213e+01
-4.627999999999999403e+01,1.991250000000000142e+01
-4.624000000000000199e+01,2.009687500000000071e+01
-4.619999999999999574e+01,2.007187499999999858e+01
-4.616000000000000369e+01,2.012500000000000000e+01
-4.611999999999999744e+01,2.004375000000000284e+01
-4.608000000000000540e+01,1.998125000000000284e+01
-4.603999999999999915e+01,2.000625000000000142e+01
-4.600000000000000711e+01,1.976875000000000071e+01
-4.596000000000000085e+01,1.994687499999999858e+01
-4.592000000000000881e+01,2.002187500000000142e+01
-4.588000000000000256e+01,1.987500000000000000e+01
-4.583999999999999631e+01,1.979375000000000284e+01
-4.580000000000000426e+01,2.011875000000000213e+01
-4.575999999999999801e+01,1.991250000000000142e+01
-4.572000000000000597e+01,1.981250000000000000e+01
-4.567999999999999972e+01,2.008750000000000213e+01
-4.564000000000000057e+01,1.995937500000000142e+01
-4.559999999999999432e+01,2.015937500000000071e+01
-4.556000000000000227e+01,2.000000000000000000e+01
-4.551999999999999602e+01,2.004375000000000284e+01
-4.548000000000000398e+01,1.983125000000000071e+01
-4.543999999999999773e+01,2.002812499999999929e+01
-4.540000000000000568e+01,2.004062499999999858e+01
-4.535999999999999943e+01,2.010312499999999858e+01
-4.532000000000000739e+01,1.978749999999999787e+01
-4.528000000000000114e+01,2.004687500000000355e+01
-4.524000000000000909e+01,1.978437500000000071e+01
-4.520000000000000284e+01,1.992187500000000355e+01
-4.516000000000001080e+01,2.001562500000000355e+01
-4.512000000000000455e+01,2.004375000000000284e+01
-4.507999999999999829e+01,1.998125000000000284e+01
-4.503999999999999915e+01,2.025312500000000071e+01
-4.499999999999999289e+01,2.009062499999999929e+01
-4.496000000000000085e+01,2.029374999999999929e+01
-4.491999999999999460e+01,1.998125000000000284e+01
-4.488000000000000256e+01,1.998125000000000284e+01
-4.483999999999999631e+01,1.991250000000000142e+01
-4.480000000000000426e+01,1.995000000000000284e+01
-4.475999999999999801e+01,1.980000000000000071e+01
-4.472000000000000597e+01,1.990625000000000000e+01
-4.467999999999999972e+01,1.995000000000000284e+01
-4.464000000000000767e+01,1.993125000000000213e+01
-4.460000000000000142e+01,2.006250000000000000e+01
-4.456000000000000938e+01,1.995625000000000071e+01
-4.452000000000000313e+01,1.997812499999999858e+01
-4.448000000000001108e+01,1.976562500000000355e+01
-4.444000000000000483e+01,1.972187500000000071e+01
-4.439999999999999147e+01,1.990937500000000071e+01
-4.435999999999999943e+01,1.995937500000000142e+01
-4.431999999999999318e+01,1.999062500000000142e+01
-4.428000000000000114e+01,1.997500000000000142e+01
-4.423999999999999488e+01,2.015625000000000000e+01
-4.420000000000000284e+01,2.006250000000000000e+01
-4.415999999999999659e+01,1.976250000000000284e+01
-4.412000000000000455e+01,1.970312500000000355e+01
-4.407999999999999829e+01,1.980312500000000142e+01
-4.404000000000000625e+01,2.028125000000000000e+01
-4.400000000000000000e+01,1.989062500000000355e+01
-4.396000000000000796e+01,2.002187500000000142e+01
-4.392000000000000171e+01,1.997187500000000071e+01
-4.388000000000000966e+01,1.984687500000000071e+01
-4.384000000000000341e+01,1.980625000000000213e+01
-4.380000000000000426e+01,1.988124999999999787e+01
-4.375999999999999801e+01,1.989375000000000071e+01
-4.371999999999999176e+01,2.000937499999999858e+01
-4.367999999999999972e+01,2.013125000000000142e+01
-4.363999999999999346e+01,2.008437500000000142e+01
-4.360000000000000142e+01,1.988124999999999787e+01
-4.355999999999999517e+01,2.002500000000000213e+01
-4.352000000000000313e+01,1.980937499999999929e+01
-4.347999999999999687e+01,1.985312499999999858e+01
-4.344000000000000483e+01,1.982812500000000355e+01
-4.339999999999999858e+01,1.967500000000000071e+01
-4.336000000000000654e+01,2.001562500000000355e+01
-4.332000000000000028e+01,2.023437500000000355e+01
-4.328000000000000824e+01,2.000937499999999858e+01
-4.324000000000000199e+01,1.980937499999999929e+01
-4.320000000000000995e+01,2.006875000000000142e+01
-4.315999999999999659e+01,1.975624999999999787e+01
-4.312000000000000455e+01,1.980937499999999929e+01
-4.307999999999999829e+01,1.964062500000000355e+01
-4.304000000000000625e+01,2.004062499999999858e+01
-4.300000000000000000e+01,1.983125000000000071e+01
-4.295999999999999375e+01,1.999687499999999929e+01
-4.292000000000000171e+01,1.998125000000000284e+01
-4.287999999999999545e+01,2.001875000000000071e+01
-4.284000000000000341e+01,1.980312500000000142e+01
-4.279999999999999716e+01,1.955000000000000071e+01
-4.276000000000000512e+01,1.988124999999999787e+01
-4.271999999999999886e+01,1.982812500000000355e+01
-4.268000000000000682e+01,1.973437500000000355e+01
-4.264000000000000057e+01,1.982500000000000284e+01
-4.260000000000000853e+01,1.995625000000000071e+01
-4.256000000000000227e+01,2.006875000000000142e+01
-4.252000000000000313e+01,1.999062500000000142e+01
-4.247999999999999687e+01,2.015312499999999929e+01
-4.244000000000000483e+01,2.008437500000000142e+01
-4.239999999999999858e+01,1.996250000000000213e+01
-4.236000000000000654e+01,1.985312499999999858e+01
-4.232000000000000028e+01,1.984062499999999929e+01
-4.227999999999999403e+01,1.994062500000000071e+01
-4.224000000000000199e+01,1.985625000000000284e+01
-4.219999999999999574e+01,1.987500000000000000e+01
-4.216000000000000369e+01,2.008125000000000071e+01
-4.211999999999999744e+01,2.027812499999999929e+01
-4.208000000000000540e+01,1.995312500000000355e+01
-4.203999999999999915e+01,2.021250000000000213e+01
-4.200000000000000711e+01,1.987500000000000000e+01
-4.196000000000000085e+01,1.978749999999999787e+01
-4.192000000000000171e+01,1.981250000000000000e+01
-4.187999999999999545e+01,2.010312499999999858e+01
-4.184000000000000341e+01,1.993125000000000213e+01
-4.179999999999999716e+01,1.992187500000000355e+01
-4.176000000000000512e+01,2.003125000000000000e+01
-4.171999999999999886e+01,2.004687500000000355e+01
-4.168000000000000682e+01,2.019062500000000071e+01
-4.164000000000000057e+01,2.010937500000000355e+01
-4.159999999999999432e+01,2.007500000000000284e+01
-4.156000000000000227e+01,2.006875000000000142e+01
-4.151999999999999602e+01,2.008750000000000213e+01
-4.148000000000000398e+01,1.975312500000000071e+01
-4.143999999999999773e+01,1.982187499999999858e+01
-4.140000000000000568e+01,1.980000000000000071e+01
-4.135999999999999943e+01,1.979062500000000213e+01
-4.132000000000000739e+01,1.998125000000000284e+01
-4.128000000000000114e+01,1.992187500000000355e+01
-4.124000000000000199e+01,1.993125000000000213e+01
-4.119999999999999574e+01,2.002500000000000213e+01
-4.116000000000000369e+01,1.970312500000000355e+01
-4.111999999999999744e+01,1.982187499999999858e+01
-4.108000000000000540e+01,2.027500000000000213e+01
-4.103999999999999915e+01,1.982187499999999858e+01
-4.100000000000000711e+01,1.994062500000000071e+01
-4.096000000000000085e+01,2.010625000000000284e+01
-4.092000000000000881e+01,2.000000000000000000e+01
-4.088000000000000256e+01,1.976875000000000071e+01
-4.083999999999999631e+01,1.991875000000000284e+01
-4.080000000000000426e+01,1.992812500000000142e+01
-4.075999999999999801e+01,1.984375000000000000e+01
-4.072000000000000597e+01,2.018437499999999929e+01
-4.067999999999999972e+01,2.001562500000000355e+01
-4.064000000000000057e+01,1.990625000000000000e+01
-4.059999999999999432e+01,1.974687499999999929e+01
-4.056000000000000227e+01,2.012812500000000071e+01
-4.051999999999999602e+01,1.988437499999999858e+01
-4.048000000000000398e+01,2.002812499999999929e+01
-4.043999999999999773e+01,1.982187499999999858e+01
-4.040000000000000568e+01,2.009375000000000000e+01
-4.035999999999999943e+01,1.991250000000000142e+01
-4.032000000000000739e+01,1.986875000000000213e+01
-4.028000000000000114e+01,1.972812500000000213e+01
-4.024000000000000909e+01,1.978749999999999787e+01
-4.020000000000000284e+01,1.986562500000000142e+01
-4.015999999999999659e+01,1.986562500000000142e+01
-4.012000000000000455e+01,1.998125000000000284e+01
-4.007999999999999829e+01,2.019062500000000071e+01
-4.004000000000000625e+01,1.979687500000000355e+01
-4.000000000000000000e+01,2.008437500000000142e+01
-3.996000000000000085e+01,2.001250000000000284e+01
-3.991999999999999460e+01,1.993437499999999929e+01
-3.988000000000000256e+01,1.968750000000000000e+01
-3.983999999999999631e+01,1.988124999999999787e+01
-3.980000000000000426e+01,1.980937499999999929e+01
-3.975999999999999801e+01,2.010312499999999858e+01
-3.972000000000000597e+01,1.999062500000000142e+01
-3.967999999999999972e+01,1.984062499999999929e+01
-3.964000000000000767e+01,2.020312500000000355e+01
-3.960000000000000142e+01,2.002812499999999929e+01
-3.956000000000000938e+01,1.986250000000000071e+01
-3.952000000000000313e+01,2.000312500000000071e+01
-3.947999999999999687e+01,1.986562500000000142e+01
-3.944000000000000483e+01,1.991562499999999858e+01
-3.939999999999999858e+01,1.986250000000000071e+01
-3.935999999999999943e+01,2.020000000000000284e+01
-3.931999999999999318e+01,2.000312500000000071e+01
-3.928000000000000114e+01,1.997187500000000071e+01
-3.923999999999999488e+01,2.003125000000000000e+01
-3.920000000000000284e+01,1.970937500000000142e+01
-3.915999999999999659e+01,1.990625000000000000e+01
-3.912000000000000455e+01,1.987187499999999929e+01
-3.907999999999999829e+01,1.990937500000000071e+01
-3.904000000000000625e+01,2.017500000000000071e+01
-3.900000000000000000e+01,1.987500000000000000e+01
-3.896000000000000796e+01,1.991875000000000284e+01
-3.892000000000000171e+01,2.000312500000000071e+01
-3.888000000000000966e+01,2.016875000000000284e+01
-3.884000000000000341e+01,1.982187499999999858e+01
-3.880000000000001137e+01,2.000625000000000142e+01
-3.876000000000000512e+01,1.987500000000000000e+01
-3.871999999999999176e+01,1.983125000000000071e+01
-3.867999999999999972e+01,1.986250000000000071e+01
-3.863999999999999346e+01,2.001250000000000284e+01
-3.860000000000000142e+01,1.989687500000000142e+01
-3.855999999999999517e+01,1.993125000000000213e+01
-3.852000000000000313e+01,1.988124999999999787e+01
-3.847999999999999687e+01,2.016875000000000284e+01
-3.844000000000000483e+01,2.012812500000000071e+01
-3.839999999999999858e+01,1.982500000000000284e+01
-3.836000000000000654e+01,2.010312499999999858e+01
-3.832000000000000028e+01,1.976562500000000355e+01
-3.828000000000000824e+01,1.989687500000000142e+01
-3.824000000000000199e+01,1.953749999999999787e+01
-3.820000000000000995e+01,1.980937499999999929e+01
-3.816000000000000369e+01,1.996562499999999929e+01
-3.812000000000000455e+01,1.996250000000000213e+01
-3.807999999999999829e+01,2.013125000000000142e+01
-3.803999999999999204e+01,1.992500000000000071e+01
-3.800000000000000000e+01,2.001562500000000355e+01
-3.795999999999999375e+01,1.993750000000000000e+01
-3.792000000000000171e+01,2.000937499999999858e+01
-3.787999999999999545e+01,1.993750000000000000e+01
-3.784000000000000341e+01,1.998125000000000284e+01
-3.779999999999999716e+01,1.993750000000000000e+01
-3.776000000000000512e+01,2.015312499999999929e+01
-3.771999999999999886e+01,2.006875000000000142e+01
-3.768000000000000682e+01,2.004375000000000284e+01
-3.764000000000000057e+01,1.996250000000000213e+01
-3.760000000000000853e+01,2.005625000000000213e+01
-3.756000000000000227e+01,2.001562500000000355e+01
-3.752000000000001023e+01,1.981874999999999787e+01
-3.747999999999999687e+01,2.008750000000000213e+01
-3.744000000000000483e+01,2.014062500000000355e+01
-3.739999999999999858e+01,2.009375000000000000e+01
-3.735999999999999233e+01,1.986875000000000213e+01
-3.732000000000000028e+01,2.007812500000000355e+01
-3.727999999999999403e+01,2.005937499999999929e+01
-3.724000000000000199e+01,2.002500000000000213e+01
-3.719999999999999574e+01,1.986562500000000142e+01
-3.716000000000000369e+01,1.991875000000000284e+01
-3.711999999999999744e+01,1.991562499999999858e+01
-3.708000000000000540e+01,1.988437499999999858e+01
-3.703999999999999915e+01,1.994687499999999858e+01
-3.700000000000000711e+01,2.004062499999999858e+01
-3.696000000000000085e+01,1.981250000000000000e+01
-3.692000000000000881e+01,2.014687500000000142e+01
-3.688000000000000256e+01,1.980312500000000142e+01
-3.684000000000000341e+01,1.985625000000000284e+01
-3.679999999999999716e+01,1.998750000000000071e+01
-3.676000000000000512e+01,2.000937499999999858e+01
-3.671999999999999886e+01,2.004687500000000355e+01
-3.668000000000000682e+01,2.001875000000000071e+01
-3.664000000000000057e+01,2.000000000000000000e+01
-3.659999999999999432e+01,1.990312499999999929e+01
-3.656000000000000227e+01,1.983437500000000142e+01
-3.651999999999999602e+01,2.004687500000000355e+01
-3.648000000000000398e+01,2.005937499999999929e+01
-3.643999999999999773e+01,2.002812499999999929e+01
-3.640000000000000568e+01,2.002187500000000142e+01
-3.635999999999999943e+01,1.998437500000000355e+01
-3.632000000000000739e+01,1.977812499999999929e+01
-3.628000000000000114e+01,1.997500000000000142e+01
-3.624000000000000199e+01,1.976250000000000284e+01
-3.619999999999999574e+01,1.962500000000000000e+01
-3.616000000000000369e+01,1.992187500000000355e+01
-3.611999999999999744e+01,1.989062500000000355e+01
-3.608000000000000540e+01,1.993437499999999929e+01
-3.603999999999999915e+01,1.980937499999999929e+01
-3.600000000000000711e+01,2.006250000000000000e+01
-3.596000000000000085e+01,1.970000000000000284e+01
-3.591999999999999460e+01,1.999375000000000213e+01
-3.588000000000000256e+01,1.975937500000000213e+01
-3.583999999999999631e+01,1.995000000000000284e+01
-3.580000000000000426e+01,2.000625000000000142e+01
-3.575999999999999801e+01,2.010625000000000284e+01
-3.572000000000000597e+01,1.984375000000000000e+01
-3.567999999999999972e+01,2.001875000000000071e+01
-3.564000000000000767e+01,1.993125000000000213e+01
-3.560000000000000142e+01,2.007500000000000284e+01
-3.556000000000000227e+01,2.000937499999999858e+01
-3.551999999999999602e+01,1.978749999999999787e+01
-3.548000000000000398e+01,1.991562499999999858e+01
-3.543999999999999773e+01,1.980000000000000071e+01
-3.540000000000000568e+01,2.034375000000000000e+01
-3.535999999999999943e+01,1.988437499999999858e+01
-3.532000000000000739e+01,1.990625000000000000e+01
-3.528000000000000114e+01,2.015625000000000000e+01
-3.523999999999999488e+01,2.006875000000000142e+01
-3.520000000000000284e+01,1.990312499999999929e+01
-3.515999999999999659e+01,2.000312500000000071e+01
-3.512000000000000455e+01,2.002812499999999929e+01
-3.507999999999999829e+01,1.995937500000000142e+01
-3.504000000000000625e+01,1.999062500000000142e+01
-3.500000000000000000e+01,1.975312500000000071e+01
-3.496000000000000085e+01,1.996562499999999929e+01
-3.491999999999999460e+01,2.005625000000000213e+01
-3.488000000000000256e+01,2.005000000000000071e+01
-3.483999999999999631e+01,2.005937499999999929e+01
-3.480000000000000426e+01,1.991250000000000142e+01
-3.475999999999999801e+01,1.992812500000000142e+01
-3.472000000000000597e+01,1.970625000000000071e+01
-3.467999999999999972e+01,1.986562500000000142e+01
-3.464000000000000767e+01,1.988437499999999858e+01
-3.460000000000000142e+01,2.002500000000000213e+01
-3.456000000000000938e+01,1.982500000000000284e+01
-3.452000000000000313e+01,1.982500000000000284e+01
-3.447999999999999687e+01,1.997500000000000142e+01
-3.444000000000000483e+01,2.006250000000000000e+01
-3.439999999999999858e+01,2.006562500000000071e+01
-3.436000000000000654e+01,1.998437500000000355e+01
-3.431999999999999318e+01,1.990937500000000071e+01
-3.428000000000000114e+01,1.988750000000000284e+01
-3.423999999999999488e+01,1.999687499999999929e+01
-3.420000000000000284e+01,2.006875000000000142e+01
-3.415999999999999659e+01,2.005937499999999929e+01
-3.412000000000000455e+01,2.008437500000000142e+01
-3.407999999999999829e+01,2.004687500000000355e+01
-3.404000000000000625e+01,2.000312500000000071e+01
-3.400000000000000000e+01,1.966562500000000213e+01
-3.396000000000000796e+01,2.007812500000000355e+01
-3.392000000000000171e+01,1.982500000000000284e+01
-3.388000000000000966e+01,1.997812499999999858e+01
-3.384000000000000341e+01,2.011250000000000071e+01
-3.379999999999999716e+01,1.990000000000000213e+01
-3.376000000000000512e+01,2.014687500000000142e+01
-3.371999999999999886e+01,2.009062499999999929e+01
-3.367999999999999972e+01,1.989062500000000355e+01
-3.363999999999999346e+01,2.003437500000000071e+01
-3.360000000000000142e+01,2.003125000000000000e+01
-3.355999999999999517e+01,1.998437500000000355e+01
-3.352000000000000313e+01,1.978749999999999787e+01
-3.347999999999999687e+01,1.998437500000000355e+01
-3.344000000000000483e+01,1.997500000000000142e+01
-3.339999999999999858e+01,2.010312499999999858e+01
-3.336000000000000654e+01,1.966875000000000284e+01
-3.332000000000000028e+01,1.997812499999999858e+01
-3.328000000000000824e+01,2.013750000000000284e+01
-3.324000000000000199e+01,2.004062499999999858e+01
-3.320000000000000995e+01,2.004375000000000284e+01
-3.316000000000000369e+01,2.036250000000000071e+01
-3.311999999999999744e+01,2.004375000000000284e+01
-3.307999999999999829e+01,1.986562500000000142e+01
-3.303999999999999204e+01,2.010625000000000284e+01
-3.300000000000000000e+01,1.981562500000000071e+01
-3.295999999999999375e+01,1.983437500000000142e+01
-3.292000000000000171e+01,2.000000000000000000e+01
-3.287999999999999545e+01,1.998750000000000071e+01
-3.284000000000000341e+01,2.009062499999999929e+01
-3.279999999999999716e+01,1.985625000000000284e+01
-3.276000000000000512e+01,1.995000000000000284e+01
-3.271999999999999886e+01,2.017187500000000355e+01
-3.268000000000000682e+01,1.990000000000000213e+01
-3.264000000000000057e+01,1.988750000000000284e+01
-3.260000000000000853e+01,2.003750000000000142e+01
-3.256000000000000227e+01,2.003437500000000071e+01
-3.252000000000001023e+01,1.962500000000000000e+01
-3.248000000000000398e+01,1.980625000000000213e+01
-3.244000000000000483e+01,1.981874999999999787e+01
-3.239999999999999858e+01,1.997812499999999858e+01
-3.235999999999999233e+01,2.013750000000000284e+01
-3.232000000000000028e+01,2.018750000000000000e+01
-3.227999999999999403e+01,2.017812500000000142e+01
-3.224000000000000199e+01,1.969062500000000071e+01
-3.219999999999999574e+01,2.009687500000000071e+01
-3.216000000000000369e+01,2.005000000000000071e+01
-3.211999999999999744e+01,1.978125000000000000e+01
-3.208000000000000540e+01,1.978437500000000071e+01
-3.203999999999999915e+01,2.001250000000000284e+01
-3.200000000000000711e+01,1.989375000000000071e+01
-3.195999999999999730e+01,2.001562500000000355e+01
-3.192000000000000526e+01,1.976250000000000284e+01
-3.187999999999999901e+01,1.985625000000000284e+01
-3.184000000000000696e+01,1.993750000000000000e+01
-3.180000000000000071e+01,1.990312499999999929e+01
-3.176000000000000867e+01,1.979687500000000355e+01
-3.172000000000000242e+01,2.006250000000000000e+01
-3.167999999999999616e+01,1.969374999999999787e+01
-3.164000000000000057e+01,1.976562500000000355e+01
-3.159999999999999432e+01,2.015312499999999929e+01
-3.156000000000000227e+01,1.986562500000000142e+01
-3.151999999999999602e+01,1.978437500000000071e+01
-3.148000000000000398e+01,1.984999999999999787e+01
-3.143999999999999773e+01,1.990625000000000000e+01
-3.140000000000000568e+01,1.977500000000000213e+01
-3.135999999999999943e+01,1.999062500000000142e+01
-3.132000000000000384e+01,1.988437499999999858e+01
-3.127999999999999758e+01,2.005937499999999929e+01
-3.124000000000000554e+01,2.011562500000000142e+01
-3.119999999999999929e+01,1.979062500000000213e+01
-3.116000000000000725e+01,2.007187499999999858e+01
-3.112000000000000099e+01,1.998750000000000071e+01
-3.108000000000000895e+01,1.996250000000000213e+01
-3.104000000000000270e+01,1.968125000000000213e+01
-3.099999999999999289e+01,2.001875000000000071e+01
-3.096000000000000085e+01,2.000937499999999858e+01
-3.091999999999999460e+01,1.993750000000000000e+01
-3.088000000000000256e+01,2.005312500000000142e+01
-3.083999999999999631e+01,1.985625000000000284e+01
-3.080000000000000426e+01,1.966249999999999787e+01
-3.075999999999999801e+01,1.986250000000000071e+01
-3.072000000000000242e+01,2.002187500000000142e+01
-3.067999999999999616e+01,1.996562499999999929e+01
-3.064000000000000412e+01,2.004687500000000355e+01
-3.059999999999999787e+01,1.998125000000000284e+01
-3.056000000000000583e+01,1.992812500000000142e+01
-3.051999999999999957e+01,2.023437500000000355e+01
-3.048000000000000753e+01,1.979687500000000355e+01
-3.044000000000000128e+01,1.995000000000000284e+01
-3.040000000000000568e+01,2.001250000000000284e+01
-3.035999999999999943e+01,1.996562499999999929e+01
-3.032000000000000739e+01,1.988437499999999858e+01
-3.028000000000000114e+01,1.980937499999999929e+01
-3.023999999999999488e+01,1.981874999999999787e+01
-3.020000000000000284e+01,1.994375000000000142e+01
-3.015999999999999659e+01,1.971875000000000000e+01
-3.012000000000000455e+01,1.967812500000000142e+01
-3.007999999999999829e+01,2.003750000000000142e+01
-3.004000000000000270e+01,1.985625000000000284e+01
-2.999999999999999645e+01,1.980000000000000071e+01
-2.996000000000000441e+01,2.005000000000000071e+01
-2.991999999999999815e+01,2.001562500000000355e+01
-2.988000000000000611e+01,1.972812500000000213e+01
-2.983999999999999986e+01,1.992500000000000071e+01
-2.980000000000000782e+01,2.005937499999999929e+01
-2.975999999999999801e+01,1.998125000000000284e+01
-2.972000000000000597e+01,2.017500000000000071e+01
-2.967999999999999972e+01,1.985625000000000284e+01
-2.964000000000000767e+01,1.978437500000000071e+01
-2.960000000000000142e+01,1.978125000000000000e+01
-2.955999999999999517e+01,1.993437499999999929e+01
-2.952000000000000313e+01,1.979375000000000284e+01
-2.947999999999999687e+01,1.983750000000000213e+01
-2.944000000000000128e+01,2.001875000000000071e+01
-2.939999999999999503e+01,1.997812499999999858e+01
-2.936000000000000298e+01,2.007500000000000284e+01
-2.931999999999999673e+01,2.000312500000000071e+01
-2.928000000000000469e+01,1.984687500000000071e+01
-2.923999999999999844e+01,1.989062500000000355e+01
-2.920000000000000639e+01,1.991875000000000284e+01
-2.916000000000000014e+01,1.985625000000000284e+01
-2.912000000000000455e+01,2.012500000000000000e+01
-2.907999999999999829e+01,1.990625000000000000e+01
-2.904000000000000625e+01,2.015000000000000213e+01
-2.900000000000000000e+01,2.029374999999999929e+01
-2.896000000000000796e+01,2.001250000000000284e+01
-2.892000000000000171e+01,1.969687500000000213e+01
-2.887999999999999545e+01,1.979687500000000355e+01
-2.884000000000000341e+01,1.987812500000000071e+01
-2.879999999999999361e+01,2.007812500000000355e+01
-2.876000000000000156e+01,1.989687500000000142e+01
-2.871999999999999531e+01,1.985312499999999858e+01
-2.868000000000000327e+01,2.003125000000000000e+01
-2.863999999999999702e+01,1.987500000000000000e+01
-2.860000000000000497e+01,2.005937499999999929e+01
-2.855999999999999872e+01,1.981874999999999787e+01
-2.852000000000000313e+01,1.987500000000000000e+01
-2.847999999999999687e+01,1.992500000000000071e+01
-2.844000000000000483e+01,1.986562500000000142e+01
-2.839999999999999858e+01,1.987500000000000000e+01
-2.836000000000000654e+01,1.981250000000000000e+01
-2.832000000000000028e+01,1.983437500000000142e+01
-2.828000000000000824e+01,1.981874999999999787e+01
-2.824000000000000199e+01,1.975312500000000071e+01
-2.820000000000000639e+01,2.003437500000000071e+01
-2.816000000000000014e+01,1.995625000000000071e+01
-2.811999999999999389e+01,1.975000000000000000e+01
-2.808000000000000185e+01,1.979062500000000213e+01
-2.803999999999999559e+01,1.991562499999999858e+01
-2.800000000000000355e+01,1.995000000000000284e+01
-2.795999999999999730e+01,1.977500000000000213e+01
-2.792000000000000526e+01,1.996562499999999929e+01
-2.787999999999999901e+01,2.010625000000000284e+01
-2.784000000000000341e+01,1.991250000000000142e+01
-2.779999999999999716e+01,1.995937500000000142e+01
-2.776000000000000512e+01,2.009375000000000000e+01
-2.771999999999999886e+01,1.999687499999999929e+01
-2.768000000000000682e+01,1.964375000000000071e+01
-2.764000000000000057e+01,1.987187499999999929e+01
-2.760000000000000853e+01,1.996562499999999929e+01
-2.755999999999999872e+01,2.003750000000000142e+01
-2.752000000000000668e+01,1.977500000000000213e+01
-2.748000000000000043e+01,1.988124999999999787e+01
-2.743999999999999417e+01,1.998437500000000355e+01
-2.740000000000000213e+01,1.981874999999999787e+01
-2.735999999999999588e+01,1.995000000000000284e+01
-2.732000000000000384e+01,1.984062499999999929e+01
-2.727999999999999758e+01,1.996562499999999929e+01
-2.724000000000000199e+01,1.998125000000000284e+01
-2.719999999999999574e+01,2.001875000000000071e+01
-2.716000000000000369e+01,1.992500000000000071e+01
-2.711999999999999744e+01,1.982187499999999858e+01
-2.708000000000000540e+01,1.976875000000000071e+01
-2.703999999999999915e+01,2.010937500000000355e+01
-2.700000000000000711e+01,2.001250000000000284e+01
-2.696000000000000085e+01,1.986250000000000071e+01
-2.692000000000000526e+01,2.006875000000000142e+01
-2.687999999999999901e+01,1.981874999999999787e+01
-2.684000000000000696e+01,1.979375000000000284e+01
-2.680000000000000071e+01,1.984999999999999787e+01
-2.675999999999999446e+01,2.004687500000000355e+01
-2.672000000000000242e+01,2.001875000000000071e+01
-2.667999999999999616e+01,1.982187499999999858e+01
-2.664000000000000412e+01,1.989687500000000142e+01
-2.659999999999999432e+01,1.978437500000000071e+01
-2.656000000000000227e+01,2.000000000000000000e+01
-2.651999999999999602e+01,2.005625000000000213e+01
-2.648000000000000398e+01,1.990000000000000213e+01
-2.643999999999999773e+01,2.032499999999999929e+01
-2.640000000000000568e+01,1.981874999999999787e+01
-2.635999999999999943e+01,1.993125000000000213e+01
-2.632000000000000384e+01,1.990937500000000071e+01
-2.627999999999999758e+01,1.979375000000000284e+01
-2.624000000000000554e+01,1.969062500000000071e+01
-2.619999999999999929e+01,2.010312499999999858e+01
-2.616000000000000725e+01,2.013437499999999858e+01
-2.612000000000000099e+01,1.991562499999999858e+01
-2.608000000000000895e+01,1.974062500000000142e+01
-2.604000000000000270e+01,1.984687500000000071e+01
-2.599999999999999645e+01,2.010000000000000142e+01
-2.596000000000000085e+01,1.995625000000000071e+01
-2.591999999999999460e+01,2.005312500000000142e+01
-2.588000000000000256e+01,2.021562499999999929e+01
-2.583999999999999631e+01,1.996875000000000000e+01
-2.580000000000000426e+01,1.978437500000000071e+01
-2.575999999999999801e+01,1.979375000000000284e+01
-2.572000000000000597e+01,1.976875000000000071e+01
-2.567999999999999972e+01,1.989375000000000071e+01
-2.564000000000000412e+01,1.969374999999999787e+01
-2.559999999999999787e+01,1.964062500000000355e+01
-2.556000000000000583e+01,1.982187499999999858e+01
-2.551999999999999957e+01,1.997500000000000142e+01
-2.548000000000000753e+01,2.026875000000000071e+01
-2.544000000000000128e+01,1.993125000000000213e+01
-2.540000000000000924e+01,2.003750000000000142e+01
-2.535999999999999943e+01,2.003437500000000071e+01
-2.531999999999999318e+01,2.002500000000000213e+01
-2.528000000000000114e+01,1.984999999999999787e+01
-2.523999999999999488e+01,1.995625000000000071e+01
-2.520000000000000284e+01,1.993437499999999929e+01
-2.515999999999999659e+01,1.997812499999999858e+01
-2.512000000000000455e+01,2.001875000000000071e+01
-2.507999999999999829e+01,1.993437499999999929e+01
-2.504000000000000270e+01,2.000000000000000000e+01
-2.499999999999999645e+01,2.011875000000000213e+01
-2.496000000000000441e+01,1.994687499999999858e+01
-2.491999999999999815e+01,1.979375000000000284e+01
-2.488000000000000611e+01,2.008437500000000142e+01
-2.483999999999999986e+01,2.010937500000000355e+01
-2.480000000000000782e+01,2.015312499999999929e+01
-2.476000000000000156e+01,1.962500000000000000e+01
-2.472000000000000597e+01,1.968125000000000213e+01
-2.467999999999999972e+01,1.991250000000000142e+01
-2.463999999999999346e+01,2.008750000000000213e+01
-2.460000000000000142e+01,1.978749999999999787e+01
-2.455999999999999517e+01,2.006562500000000071e+01
-2.452000000000000313e+01,2.011875000000000213e+01
-2.447999999999999687e+01,1.999375000000000213e+01
-2.444000000000000483e+01,2.013437499999999858e+01
-2.439999999999999503e+01,2.033125000000000071e+01
-2.436000000000000298e+01,2.002500000000000213e+01
-2.431999999999999673e+01,1.989062500000000355e+01
-2.428000000000000469e+01,1.994375000000000142e+01
-2.423999999999999844e+01,1.989375000000000071e+01
-2.420000000000000639e+01,2.000000000000000000e+01
-2.416000000000000014e+01,1.995937500000000142e+01
-2.412000000000000455e+01,2.007500000000000284e+01
-2.407999999999999829e+01,1.985312499999999858e+01
-2.404000000000000625e+01,2.001562500000000355e+01
-2.400000000000000000e+01,1.960312500000000213e+01
-2.396000000000000796e+01,1.981874999999999787e+01
-2.392000000000000171e+01,2.004375000000000284e+01
-2.387999999999999545e+01,1.990625000000000000e+01
-2.384000000000000341e+01,1.994062500000000071e+01
-2.379999999999999716e+01,1.998750000000000071e+01
-2.376000000000000156e+01,1.992812500000000142e+01
-2.371999999999999531e+01,1.988124999999999787e+01
-2.368000000000000327e+01,2.021250000000000213e+01
-2.363999999999999702e+01,1.990000000000000213e+01
-2.360000000000000497e+01,1.980000000000000071e+01
-2.355999999999999872e+01,1.997187500000000071e+01
-2.352000000000000668e+01,2.006562500000000071e+01
-2.348000000000000043e+01,1.982500000000000284e+01
-2.344000000000000483e+01,1.980625000000000213e+01
-2.339999999999999858e+01,1.998437500000000355e+01
-2.336000000000000654e+01,2.002187500000000142e+01
-2.332000000000000028e+01,2.014687500000000142e+01
-2.328000000000000824e+01,1.988437499999999858e+01
-2.324000000000000199e+01,1.985625000000000284e+01
-2.319999999999999574e+01,1.999375000000000213e+01
-2.316000000000000014e+01,1.975312500000000071e+01
-2.311999999999999389e+01,1.982500000000000284e+01
-2.308000000000000185e+01,2.023125000000000284e+01
-2.303999999999999559e+01,1.992187500000000355e+01
-2.300000000000000355e+01,2.000312500000000071e+01
-2.295999999999999730e+01,2.001562500000000355e+01
-2.292000000000000526e+01,1.975937500000000213e+01
-2.287999999999999901e+01,1.962187499999999929e+01
-2.284000000000000341e+01,1.976562500000000355e+01
-2.279999999999999716e+01,1.993125000000000213e+01
-2.276000000000000512e+01,1.993125000000000213e+01
-2.271999999999999886e+01,2.012500000000000000e+01
-2.268000000000000682e+01,1.998750000000000071e+01
-2.264000000000000057e+01,2.006250000000000000e+01
-2.260000000000000853e+01,1.988750000000000284e+01
-2.256000000000000227e+01,1.969687500000000213e+01
-2.251999999999999602e+01,1.982812500000000355e+01
-2.248000000000000043e+01,1.977187500000000142e+01
-2.243999999999999417e+01,1.982812500000000355e+01
-2.240000000000000213e+01,1.980625000000000213e+01
-2.235999999999999588e+01,1.992500000000000071e+01
-2.232000000000000384e+01,1.994687499999999858e+01
-2.227999999999999758e+01,1.989687500000000142e+01
-2.224000000000000554e+01,2.005625000000000213e+01
-2.219999999999999574e+01,1.994062500000000071e+01
-2.216000000000000369e+01,1.986562500000000142e+01
-2.211999999999999744e+01,1.978749999999999787e+01
-2.208000000000000540e+01,1.999687499999999929e+01
-2.203999999999999915e+01,1.977500000000000213e+01
-2.200000000000000711e+01,1.985312499999999858e+01
-2.196000000000000085e+01,1.973750000000000071e+01
-2.192000000000000526e+01,1.973437500000000355e+01
-2.187999999999999901e+01,2.000937499999999858e+01
-2.184000000000000696e+01,1.981562500000000071e+01
-2.180000000000000071e+01,1.996562499999999929e+01
-2.175999999999999446e+01,1.994375000000000142e+01
-2.172000000000000242e+01,1.985937500000000355e+01
-2.167999999999999616e+01,1.980000000000000071e+01
-2.164000000000000412e+01,2.003750000000000142e+01
-2.159999999999999787e+01,2.011875000000000213e+01
-2.156000000000000227e+01,1.980000000000000071e+01
-2.151999999999999602e+01,1.988750000000000284e+01
-2.148000000000000398e+01,2.000625000000000142e+01
-2.143999999999999773e+01,1.983125000000000071e+01
-2.140000000000000568e+01,1.988437499999999858e+01
-2.135999999999999943e+01,1.979062500000000213e+01
-2.132000000000000739e+01,1.994375000000000142e+01
-2.128000000000000114e+01,1.995000000000000284e+01
-2.124000000000000554e+01,1.980937499999999929e+01
-2.119999999999999929e+01,1.970312500000000355e+01
-2.116000000000000725e+01,1.985312499999999858e+01
-2.112000000000000099e+01,1.988437499999999858e+01
-2.107999999999999474e+01,1.994375000000000142e+01
-2.104000000000000270e+01,2.002187500000000142e+01
-2.099999999999999645e+01,1.985937500000000355e+01
-2.096000000000000085e+01,1.995625000000000071e+01
-2.091999999999999460e+01,1.981562500000000071e+01
-2.088000000000000256e+01,1.994062500000000071e+01
-2.083999999999999631e+01,1.980937499999999929e+01
-2.080000000000000426e+01,1.997812499999999858e+01
-2.075999999999999801e+01,1.990000000000000213e+01
-2.072000000000000597e+01,1.999375000000000213e+01
-2.067999999999999972e+01,1.988124999999999787e+01
-2.064000000000000412e+01,1.990312499999999929e+01
-2.059999999999999787e+01,1.981250000000000000e+01
-2.056000000000000583e+01,1.999375000000000213e+01
-2.051999999999999957e+01,1.990625000000000000e+01
-2.048000000000000753e+01,1.998437500000000355e+01
-2.044000000000000128e+01,2.002500000000000213e+01
-2.039999999999999503e+01,1.947812500000000213e+01
-2.036000000000000298e+01,1.965000000000000213e+01
-2.031999999999999673e+01,2.000000000000000000e+01
-2.028000000000000114e+01,2.005000000000000071e+01
-2.023999999999999488e+01,1.989375000000000071e+01
-2.020000000000000284e+01,1.989375000000000071e+01
-2.015999999999999659e+01,1.990312499999999929e+01
-2.012000000000000455e+01,2.010000000000000142e+01
-2.007999999999999829e+01,2.017812500000000142e+01
-2.004000000000000625e+01,1.984062499999999929e+01
-2.000000000000000000e+01,2.009062499999999929e+01
-1.996000000000000441e+01,1.979687500000000355e+01
-1.991999999999999815e+01,1.987187499999999929e+01
-1.988000000000000611e+01,2.000937499999999858e+01
-1.983999999999999986e+01,1.981874999999999787e+01
-1.980000000000000782e+01,1.991875000000000284e+01
-1.976000000000000156e+01,1.990625000000000000e+01
-1.972000000000000597e+01,1.982187499999999858e+01
-1.967999999999999972e+01,1.995312500000000355e+01
-1.963999999999999346e+01,1.997500000000000142e+01
-1.960000000000000142e+01,1.972187500000000071e+01
-1.955999999999999517e+01,1.994375000000000142e+01
-1.952000000000000313e+01,2.006875000000000142e+01
-1.947999999999999687e+01,1.990625000000000000e+01
-1.944000000000000483e+01,2.001562500000000355e+01
-1.939999999999999858e+01,2.015625000000000000e+01
-1.936000000000000298e+01,1.981250000000000000e+01
-1.931999999999999673e+01,1.989687500000000142e+01
-1.928000000000000469e+01,1.999062500000000142e+01
-1.923999999999999844e+01,1.990937500000000071e+01
-1.920000000000000639e+01,2.004687500000000355e+01
-1.916000000000000014e+01,2.009687500000000071e+01
-1.912000000000000810e+01,2.019687499999999858e+01
-1.908000000000000185e+01,2.005937499999999929e+01
-1.904000000000000625e+01,2.017812500000000142e+01
-1.900000000000000000e+01,2.004687500000000355e+01
-1.895999999999999375e+01,1.986250000000000071e+01
-1.892000000000000171e+01,1.960937500000000355e+01
-1.887999999999999545e+01,1.986250000000000071e+01
-1.884000000000000341e+01,1.975312500000000071e+01
-1.879999999999999716e+01,1.993750000000000000e+01
-1.876000000000000512e+01,2.013750000000000284e+01
-1.871999999999999531e+01,2.010000000000000142e+01
-1.868000000000000327e+01,1.997187500000000071e+01
-1.863999999999999702e+01,2.000937499999999858e+01
-1.860000000000000497e+01,1.999687499999999929e+01
-1.855999999999999872e+01,1.996250000000000213e+01
-1.852000000000000668e+01,1.990000000000000213e+01
-1.848000000000000043e+01,1.987187499999999929e+01
-1.844000000000000483e+01,1.976562500000000355e+01
-1.839999999999999858e+01,1.993125000000000213e+01
-1.836000000000000654e+01,2.005625000000000213e+01
-1.832000000000000028e+01,2.010937500000000355e+01
-1.827999999999999403e+01,1.997187500000000071e+01
-1.824000000000000199e+01,1.985937500000000355e+01
-1.819999999999999574e+01,1.965312499999999929e+01
-1.816000000000000369e+01,1.979375000000000284e+01
-1.811999999999999744e+01,1.978749999999999787e+01
-1.808000000000000185e+01,1.973750000000000071e+01
-1.803999999999999559e+01,1.996250000000000213e+01
-1.800000000000000355e+01,2.008125000000000071e+01
-1.795999999999999730e+01,2.020937500000000142e+01
-1.792000000000000526e+01,1.985312499999999858e+01
-1.787999999999999901e+01,1.984062499999999929e+01
-1.784000000000000696e+01,2.000312500000000071e+01
-1.780000000000000071e+01,1.983437500000000142e+01
-1.776000000000000512e+01,1.992500000000000071e+01
-1.771999999999999886e+01,2.003125000000000000e+01
-1.768000000000000682e+01,1.985625000000000284e+01
-1.764000000000000057e+01,2.007187499999999858e+01
-1.760000000000000853e+01,2.013437499999999858e+01
-1.756000000000000227e+01,1.981874999999999787e+01
-1.751999999999999602e+01,1.994375000000000142e+01
-1.748000000000000043e+01,1.995000000000000284e+01
-1.743999999999999417e+01,1.995000000000000284e+01
-1.740000000000000213e+01,2.013125000000000142e+01
-1.735999999999999588e+01,2.001562500000000355e+01
-1.732000000000000384e+01,1.991562499999999858e+01
-1.727999999999999758e+01,1.995937500000000142e+01
-1.724000000000000554e+01,2.000312500000000071e+01
-1.719999999999999929e+01,2.007500000000000284e+01
-1.716000000000000369e+01,1.986875000000000213e+01
-1.711999999999999744e+01,1.984062499999999929e+01
-1.708000000000000540e+01,2.000625000000000142e+01
-1.703999999999999915e+01,1.975000000000000000e+01
-1.700000000000000711e+01,1.984999999999999787e+01
-1.696000000000000085e+01,1.989375000000000071e+01
-1.692000000000000881e+01,1.983125000000000071e+01
-1.688000000000000256e+01,2.009062499999999929e+01
-1.683999999999999631e+01,2.007812500000000355e+01
-1.680000000000000071e+01,2.004375000000000284e+01
-1.675999999999999446e+01,2.004375000000000284e+01
-1.672000000000000242e+01,1.972812500000000213e+01
-1.667999999999999616e+01,1.979062500000000213e+01
-1.664000000000000412e+01,1.999687499999999929e+01
-1.659999999999999787e+01,2.002187500000000142e+01
-1.656000000000000583e+01,2.015000000000000213e+01
-1.651999999999999602e+01,1.980625000000000213e+01
-1.648000000000000398e+01,2.005312500000000142e+01
-1.643999999999999773e+01,2.003750000000000142e+01
-1.640000000000000568e+01,2.015625000000000000e+01
-1.635999999999999943e+01,1.986875000000000213e+01
-1.632000000000000739e+01,1.985937500000000355e+01
-1.628000000000000114e+01,1.975000000000000000e+01
-1.624000000000000554e+01,1.973125000000000284e+01
-1.619999999999999929e+01,2.006875000000000142e+01
-1.615999999999999304e+01,1.989687500000000142e+01
-1.612000000000000099e+01,2.010000000000000142e+01
-1.607999999999999474e+01,1.965937500000000071e+01
-1.604000000000000270e+01,2.000937499999999858e+01
-1.599999999999999645e+01,2.010000000000000142e+01
-1.596000000000000263e+01,1.993750000000000000e+01
-1.591999999999999638e+01,1.994062500000000071e+01
-1.588000000000000433e+01,1.976562500000000355e+01
-1.583999999999999808e+01,1.990625000000000000e+01
-1.580000000000000426e+01,1.973437500000000355e+01
-1.575999999999999801e+01,1.995000000000000284e+01
-1.572000000000000597e+01,2.000625000000000142e+01
-1.567999999999999972e+01,1.965000000000000213e+01
-1.564000000000000590e+01,1.995000000000000284e+01
-1.559999999999999964e+01,1.992812500000000142e+01
-1.556000000000000760e+01,2.016875000000000284e+01
-1.552000000000000135e+01,1.996562499999999929e+01
-1.547999999999999332e+01,1.987812500000000071e+01
-1.544000000000000128e+01,1.975624999999999787e+01
-1.539999999999999503e+01,1.994687499999999858e+01
-1.536000000000000121e+01,1.976875000000000071e+01
-1.531999999999999496e+01,1.973750000000000071e+01
-1.528000000000000291e+01,1.999375000000000213e+01
-1.523999999999999666e+01,2.002812499999999929e+01
-1.520000000000000284e+01,2.011562500000000142e+01
-1.515999999999999659e+01,2.002812499999999929e+01
-1.512000000000000455e+01,1.991875000000000284e+01
-1.507999999999999829e+01,1.983437500000000142e+01
-1.504000000000000448e+01,2.000312500000000071e+01
-1.499999999999999822e+01,2.003437500000000071e+01
-1.496000000000000618e+01,1.982812500000000355e+01
-1.491999999999999993e+01,1.991875000000000284e+01
-1.488000000000000611e+01,2.005312500000000142e+01
-1.483999999999999986e+01,2.006562500000000071e+01
-1.480000000000000782e+01,2.004687500000000355e+01
-1.476000000000000156e+01,2.010000000000000142e+01
-1.471999999999999531e+01,2.000937499999999858e+01
-1.468000000000000149e+01,2.018750000000000000e+01
-1.463999999999999524e+01,1.972499999999999787e+01
-1.460000000000000320e+01,1.980312500000000142e+01
-1.455999999999999694e+01,1.986250000000000071e+01
-1.452000000000000313e+01,1.991562499999999858e+01
-1.447999999999999687e+01,2.007500000000000284e+01
-1.444000000000000483e+01,1.972812500000000213e+01
-1.439999999999999680e+01,2.009687500000000071e+01
-1.436000000000000476e+01,1.989375000000000071e+01
-1.431999999999999851e+01,2.009062499999999929e+01
-1.428000000000000647e+01,1.999062500000000142e+01
-1.423999999999999844e+01,1.993125000000000213e+01
-1.420000000000000639e+01,1.978749999999999787e+01
-1.416000000000000014e+01,1.964687500000000142e+01
-1.412000000000000632e+01,1.972187500000000071e+01
-1.408000000000000007e+01,1.984999999999999787e+01
-1.403999999999999382e+01,2.000937499999999858e+01
-1.400000000000000178e+01,1.990625000000000000e+01
-1.395999999999999552e+01,2.003750000000000142e+01
-1.392000000000000171e+01,1.995000000000000284e+01
-1.387999999999999545e+01,1.987812500000000071e+01
-1.384000000000000341e+01,2.000000000000000000e+01
-1.379999999999999716e+01,1.990000000000000213e+01
-1.376000000000000334e+01,1.974375000000000213e+01
-1.371999999999999709e+01,1.991250000000000142e+01
-1.368000000000000504e+01,1.983750000000000213e+01
-1.363999999999999879e+01,1.994687499999999858e+01
-1.360000000000000497e+01,2.014375000000000071e+01
-1.355999999999999872e+01,1.977812499999999929e+01
-1.352000000000000668e+01,1.973437500000000355e+01
-1.348000000000000043e+01,1.972187500000000071e+01
-1.344000000000000661e+01,1.993750000000000000e+01
-1.340000000000000036e+01,2.015312499999999929e+01
-1.335999999999999410e+01,1.993125000000000213e+01
-1.332000000000000206e+01,1.989687500000000142e+01
-1.327999999999999403e+01,2.002812499999999929e+01
-1.324000000000000199e+01,2.002187500000000142e+01
-1.319999999999999574e+01,1.974687499999999929e+01
-1.316000000000000192e+01,1.996875000000000000e+01
-1.311999999999999567e+01,1.968125000000000213e+01
-1.308000000000000362e+01,1.989687500000000142e+01
-1.303999999999999737e+01,1.997187500000000071e+01
-1.300000000000000355e+01,2.011875000000000213e+01
-1.295999999999999730e+01,1.993125000000000213e+01
-1.292000000000000526e+01,1.988437499999999858e+01
-1.287999999999999901e+01,1.959375000000000000e+01
-1.284000000000000519e+01,1.986250000000000071e+01
-1.279999999999999893e+01,1.984062499999999929e+01
-1.276000000000000689e+01,1.994687499999999858e+01
-1.272000000000000064e+01,2.014062500000000355e+01
-1.268000000000000682e+01,2.001562500000000355e+01
-1.264000000000000057e+01,2.009375000000000000e+01
-1.259999999999999432e+01,1.998125000000000284e+01
-1.256000000000000227e+01,1.999375000000000213e+01
-1.251999999999999602e+01,1.996562499999999929e+01
-1.248000000000000220e+01,2.003750000000000142e+01
-1.243999999999999595e+01,1.992812500000000142e+01
-1.240000000000000391e+01,2.001875000000000071e+01
-1.235999999999999766e+01,1.999062500000000142e+01
-1.232000000000000384e+01,2.005000000000000071e+01
-1.227999999999999758e+01,1.974687499999999929e+01
-1.224000000000000554e+01,1.985937500000000355e+01
-1.219999999999999751e+01,1.973437500000000355e+01
-1.216000000000000547e+01,1.995625000000000071e+01
-1.211999999999999922e+01,1.992500000000000071e+01
-1.208000000000000718e+01,2.010312499999999858e+01
-1.203999999999999915e+01,1.997500000000000142e+01
-1.200000000000000711e+01,1.987812500000000071e+01
-1.196000000000000085e+01,1.990312499999999929e+01
-1.191999999999999460e+01,1.978437500000000071e+01
-1.188000000000000078e+01,1.975624999999999787e+01
-1.183999999999999453e+01,1.971562499999999929e+01
-1.180000000000000249e+01,1.978125000000000000e+01
-1.175999999999999623e+01,1.990312499999999929e+01
-1.172000000000000242e+01,2.016875000000000284e+01
-1.167999999999999616e+01,1.972499999999999787e+01
-1.164000000000000412e+01,1.993750000000000000e+01
-1.159999999999999787e+01,1.997500000000000142e+01
-1.156000000000000405e+01,1.985312499999999858e+01
-1.151999999999999780e+01,1.998437500000000355e+01
-1.148000000000000576e+01,1.978125000000000000e+01
-1.143999999999999950e+01,1.995312500000000355e+01
-1.140000000000000568e+01,1.993750000000000000e+01
-1.135999999999999943e+01,1.993125000000000213e+01
-1.132000000000000739e+01,1.998437500000000355e+01
-1.128000000000000114e+01,2.006562500000000071e+01
-1.123999999999999488e+01,2.014375000000000071e+01
-1.120000000000000107e+01,2.002500000000000213e+01
-1.115999999999999481e+01,1.991875000000000284e+01
-1.112000000000000277e+01,1.970625000000000071e+01
-1.107999999999999474e+01,1.995625000000000071e+01
-1.104000000000000270e+01,1.996875000000000000e+01
-1.099999999999999645e+01,1.993437499999999929e+01
-1.096000000000000263e+01,1.999062500000000142e+01
-1.091999999999999638e+01,1.973125000000000284e+01
-1.088000000000000433e+01,1.990937500000000071e+01
-1.083999999999999808e+01,2.008125000000000071e+01
-1.080000000000000426e+01,1.990000000000000213e+01
-1.075999999999999801e+01,1.989062500000000355e+01
-1.072000000000000597e+01,1.988750000000000284e+01
-1.067999999999999972e+01,1.958750000000000213e+01
-1.064000000000000590e+01,1.960937500000000355e+01
-1.059999999999999964e+01,1.989375000000000071e+01
-1.056000000000000760e+01,2.005625000000000213e+01
-1.052000000000000135e+01,1.995000000000000284e+01
-1.047999999999999510e+01,2.005625000000000213e+01
-1.044000000000000128e+01,2.011875000000000213e+01
-1.039999999999999503e+01,1.971875000000000000e+01
-1.036000000000000298e+01,1.985937500000000355e+01
-1.031999999999999673e+01,1.988124999999999787e+01
-1.028000000000000291e+01,1.990000000000000213e+01
-1.023999999999999666e+01,2.030312500000000142e+01
-1.020000000000000462e+01,2.003750000000000142e+01
-1.015999999999999837e+01,1.984687500000000071e+01
-1.012000000000000455e+01,2.010000000000000142e+01
-1.007999999999999829e+01,2.003125000000000000e+01
-1.004000000000000625e+01,1.986250000000000071e+01
-1.000000000000000000e+01,2.024375000000000213e+01
-9.960000000000006182e+00,2.000937499999999858e+01
-9.919999999999999929e+00,1.965937500000000071e+01
-9.880000000000007887e+00,2.002500000000000213e+01
-9.839999999999999858e+00,1.992500000000000071e+01
-9.799999999999993605e+00,1.978437500000000071e+01
-9.760000000000001563e+00,1.989062500000000355e+01
-9.719999999999995310e+00,1.973437500000000355e+01
-9.680000000000001492e+00,1.989062500000000355e+01
-9.639999999999995239e+00,2.005625000000000213e+01
-9.600000000000003197e+00,2.005937499999999929e+01
-9.559999999999996945e+00,2.013437499999999858e+01
-9.520000000000003126e+00,2.001875000000000071e+01
-9.479999999999996874e+00,2.003437500000000071e+01
-9.440000000000004832e+00,1.994687499999999858e+01
-9.399999999999998579e+00,1.989062500000000355e+01
-9.360000000000004761e+00,1.969687500000000213e+01
-9.319999999999998508e+00,1.991875000000000284e+01
-9.280000000000006466e+00,2.008437500000000142e+01
-9.240000000000000213e+00,1.970312500000000355e+01
-9.200000000000006395e+00,1.989375000000000071e+01
-9.160000000000000142e+00,2.009062499999999929e+01
-9.119999999999993889e+00,2.009375000000000000e+01
-9.080000000000001847e+00,1.991250000000000142e+01
-9.039999999999995595e+00,2.001562500000000355e+01
-9.000000000000001776e+00,1.980625000000000213e+01
-8.959999999999995524e+00,1.996875000000000000e+01
-8.920000000000003482e+00,1.984062499999999929e+01
-8.879999999999995453e+00,1.971250000000000213e+01
-8.840000000000003411e+00,2.003750000000000142e+01
-8.799999999999997158e+00,2.003437500000000071e+01
-8.760000000000003340e+00,1.998750000000000071e+01
-8.719999999999997087e+00,1.998437500000000355e+01
-8.680000000000005045e+00,2.001875000000000071e+01
-8.639999999999998792e+00,2.019687499999999858e+01
-8.600000000000004974e+00,2.019687499999999858e+01
-8.559999999999998721e+00,1.994375000000000142e+01
-8.520000000000006679e+00,2.012500000000000000e+01
-8.480000000000000426e+00,1.969687500000000213e+01
-8.440000000000006608e+00,1.980312500000000142e+01
-8.400000000000000355e+00,2.014375000000000071e+01
-8.359999999999994102e+00,1.974375000000000213e+01
-8.320000000000002061e+00,2.013125000000000142e+01
-8.279999999999995808e+00,1.993750000000000000e+01
-8.240000000000001990e+00,2.003437500000000071e+01
-8.199999999999995737e+00,2.003125000000000000e+01
-8.160000000000003695e+00,1.998125000000000284e+01
-8.119999999999997442e+00,1.984999999999999787e+01
-8.080000000000003624e+00,1.984375000000000000e+01
-8.039999999999997371e+00,1.977812499999999929e+01
-8.000000000000005329e+00,1.952187500000000142e+01
-7.959999999999998188e+00,1.979687500000000355e+01
-7.920000000000005258e+00,1.969374999999999787e+01
-7.879999999999999005e+00,1.971562499999999929e+01
-7.840000000000006075e+00,1.995000000000000284e+01
-7.799999999999999822e+00,1.988750000000000284e+01
-7.760000000000006892e+00,1.999062500000000142e+01
-7.720000000000000639e+00,2.000937499999999858e+01
-7.679999999999994387e+00,1.977812499999999929e+01
-7.640000000000001457e+00,1.992812500000000142e+01
-7.599999999999995204e+00,1.996562499999999929e+01
-7.560000000000002274e+00,2.011875000000000213e+01
-7.519999999999996021e+00,1.995625000000000071e+01
-7.480000000000003091e+00,1.996250000000000213e+01
-7.439999999999996838e+00,1.977500000000000213e+01
-7.400000000000003908e+00,1.975312500000000071e+01
-7.359999999999997655e+00,1.966562500000000213e+01
-7.320000000000004725e+00,1.975000000000000000e+01
-7.279999999999998472e+00,1.994062500000000071e+01
-7.240000000000005542e+00,1.983125000000000071e+01
-7.199999999999998401e+00,1.977500000000000213e+01
-7.160000000000006359e+00,1.992500000000000071e+01
-7.119999999999999218e+00,1.996875000000000000e+01
-7.080000000000007176e+00,1.987500000000000000e+01
-7.040000000000000036e+00,1.993437499999999929e+01
-6.999999999999993783e+00,1.999375000000000213e+01
-6.960000000000000853e+00,1.994687499999999858e+01
-6.919999999999994600e+00,2.016562499999999858e+01
-6.880000000000001670e+00,2.017187500000000355e+01
-6.839999999999995417e+00,2.006875000000000142e+01
-6.800000000000002487e+00,1.989687500000000142e+01
-6.759999999999996234e+00,2.002500000000000213e+01
-6.720000000000003304e+00,1.984375000000000000e+01
-6.679999999999997051e+00,1.982812500000000355e+01
-6.640000000000004121e+00,1.981874999999999787e+01
-6.599999999999997868e+00,1.992812500000000142e+01
-6.560000000000004938e+00,1.996250000000000213e+01
-6.519999999999998685e+00,2.003125000000000000e+01
-6.480000000000005755e+00,1.986562500000000142e+01
-6.439999999999999503e+00,1.989687500000000142e+01
-6.400000000000006573e+00,2.011562500000000142e+01
-6.360000000000000320e+00,2.005937499999999929e+01
-6.320000000000007390e+00,1.960937500000000355e+01
-6.280000000000001137e+00,1.984062499999999929e+01
-6.239999999999994884e+00,1.999375000000000213e+01
-6.200000000000001954e+00,1.987812500000000071e+01
-6.159999999999994813e+00,1.999062500000000142e+01
-6.120000000000002771e+00,1.986875000000000213e+01
-6.079999999999995630e+00,1.983750000000000213e+01
-6.040000000000003588e+00,1.991250000000000142e+01
-5.999999999999996447e+00,1.997187500000000071e+01
-5.960000000000003517e+00,1.983125000000000071e+01
-5.919999999999997264e+00,2.007812500000000355e+01
-5.880000000000004334e+00,1.983750000000000213e+01
-5.839999999999998082e+00,1.996875000000000000e+01
-5.800000000000005151e+00,1.974375000000000213e+01
-5.759999999999998899e+00,1.995000000000000284e+01
-5.720000000000005969e+00,1.979375000000000284e+01
-5.679999999999999716e+00,1.998437500000000355e+01
-5.640000000000006786e+00,1.978125000000000000e+01
-5.600000000000000533e+00,1.977812499999999929e+01
-5.559999999999994280e+00,1.989375000000000071e+01
-5.520000000000001350e+00,1.979687500000000355e+01
-5.479999999999995097e+00,1.982500000000000284e+01
-5.440000000000002167e+00,1.963437500000000213e+01
-5.399999999999995914e+00,1.975624999999999787e+01
-5.360000000000002984e+00,2.008750000000000213e+01
-5.319999999999996732e+00,2.003750000000000142e+01
-5.280000000000003801e+00,2.002812499999999929e+01
-5.239999999999997549e+00,2.014375000000000071e+01
-5.200000000000004619e+00,1.963124999999999787e+01
-5.159999999999998366e+00,1.987500000000000000e+01
-5.120000000000005436e+00,1.987812500000000071e+01
-5.079999999999999183e+00,1.986875000000000213e+01
-5.040000000000006253e+00,1.992187500000000355e+01
-5.000000000000000000e+00,1.974375000000000213e+01
-4.960000000000007070e+00,1.995625000000000071e+01
-4.919999999999999929e+00,1.982812500000000355e+01
-4.879999999999993676e+00,1.997500000000000142e+01
-4.840000000000000746e+00,1.980625000000000213e+01
-4.799999999999994493e+00,1.987187499999999929e+01
-4.760000000000001563e+00,1.990312499999999929e+01
-4.719999999999995310e+00,1.983437500000000142e+01
-4.680000000000002380e+00,1.992500000000000071e+01
-4.639999999999996128e+00,2.027187500000000142e+01
-4.600000000000003197e+00,1.991562499999999858e+01
-4.559999999999996945e+00,1.990937500000000071e+01
-4.520000000000004015e+00,1.984999999999999787e+01
-4.479999999999997762e+00,1.963124999999999787e+01
-4.440000000000004832e+00,1.995312500000000355e+01
-4.399999999999998579e+00,1.995000000000000284e+01
-4.360000000000005649e+00,1.987500000000000000e+01
-4.319999999999999396e+00,2.007500000000000284e+01
-4.280000000000006466e+00,1.997500000000000142e+01
-4.240000000000000213e+00,1.996562499999999929e+01
-4.200000000000007283e+00,2.000625000000000142e+01
-4.160000000000001030e+00,1.986875000000000213e+01
-4.119999999999994778e+00,1.968125000000000213e+01
-4.080000000000001847e+00,1.994375000000000142e+01
-4.039999999999995595e+00,1.974062500000000142e+01
-4.000000000000002665e+00,1.975000000000000000e+01
-3.959999999999995968e+00,1.970312500000000355e+01
-3.920000000000003038e+00,1.969374999999999787e+01
-3.879999999999996785e+00,2.011562500000000142e+01
-3.840000000000003855e+00,1.996562499999999929e+01
-3.799999999999997602e+00,2.015000000000000213e+01
-3.760000000000004672e+00,2.000937499999999858e+01
-3.719999999999998419e+00,1.970625000000000071e+01
-3.680000000000005489e+00,1.970312500000000355e+01
-3.639999999999999236e+00,2.000625000000000142e+01
-3.600000000000006306e+00,2.010937500000000355e+01
-3.559999999999999609e+00,2.007500000000000284e+01
-3.520000000000007123e+00,1.978437500000000071e+01
-3.480000000000000426e+00,2.001875000000000071e+01
-3.439999999999994174e+00,1.990000000000000213e+01
-3.400000000000001243e+00,1.984375000000000000e+01
-3.359999999999994991e+00,2.002500000000000213e+01
-3.320000000000002061e+00,1.990000000000000213e+01
-3.279999999999995808e+00,1.990937500000000071e+01
-3.240000000000002878e+00,1.962187499999999929e+01
-3.199999999999996625e+00,1.986562500000000142e+01
-3.160000000000003695e+00,1.975312500000000071e+01
-3.119999999999997442e+00,1.973125000000000284e+01
-3.080000000000004512e+00,1.955937499999999929e+01
-3.039999999999997815e+00,1.982500000000000284e+01
-3.000000000000005329e+00,2.024687499999999929e+01
-2.959999999999998632e+00,2.006875000000000142e+01
-2.920000000000006146e+00,1.977187500000000142e+01
-2.879999999999999449e+00,1.991250000000000142e+01
-2.840000000000006519e+00,1.986875000000000213e+01
-2.800000000000000266e+00,2.000625000000000142e+01
-2.759999999999994014e+00,1.984375000000000000e+01
-2.720000000000001084e+00,2.017187500000000355e+01
-2.679999999999994831e+00,1.995937500000000142e+01
-2.640000000000001901e+00,1.984999999999999787e+01
-2.599999999999995648e+00,2.003750000000000142e+01
-2.560000000000002718e+00,1.995937500000000142e+01
-2.519999999999996021e+00,1.995000000000000284e+01
-2.480000000000003535e+00,1.995937500000000142e+01
-2.439999999999996838e+00,1.999687499999999929e+01
-2.400000000000003908e+00,1.999375000000000213e+01
-2.359999999999997655e+00,1.992187500000000355e+01
-2.320000000000004725e+00,1.987500000000000000e+01
-2.279999999999998472e+00,1.993437499999999929e+01
-2.240000000000005542e+00,2.007500000000000284e+01
-2.199999999999999289e+00,1.979062500000000213e+01
-2.160000000000006359e+00,2.004375000000000284e+01
-2.120000000000000107e+00,2.012187499999999929e+01
-2.080000000000007176e+00,1.999687499999999929e+01
-2.040000000000000924e+00,2.006562500000000071e+01
-1.999999999999994449e+00,1.984687500000000071e+01
-1.960000000000001519e+00,1.959062499999999929e+01
-1.919999999999995266e+00,1.968437499999999929e+01
-1.880000000000002336e+00,1.973437500000000355e+01
-1.839999999999995861e+00,1.963750000000000284e+01
-1.800000000000003153e+00,1.976250000000000284e+01
-1.759999999999996678e+00,1.991562499999999858e+01
-1.720000000000003970e+00,1.995625000000000071e+01
-1.679999999999997495e+00,2.002187500000000142e+01
-1.640000000000004565e+00,1.982187499999999858e+01
-1.599999999999998312e+00,1.997812499999999858e+01
-1.560000000000005382e+00,1.990625000000000000e+01
-1.519999999999998908e+00,2.033125000000000071e+01
-1.480000000000006199e+00,2.005937499999999929e+01
-1.439999999999999725e+00,2.009687500000000071e+01
-1.400000000000007017e+00,1.990312499999999929e+01
-1.360000000000000542e+00,1.968125000000000213e+01
-1.319999999999994067e+00,1.986250000000000071e+01
-1.280000000000001359e+00,1.999687499999999929e+01
-1.239999999999994884e+00,1.986562500000000142e+01
-1.200000000000001954e+00,1.996875000000000000e+01
-1.159999999999995701e+00,1.988437499999999858e+01
-1.120000000000002771e+00,1.972812500000000213e+01
-1.079999999999996518e+00,1.995000000000000284e+01
-1.040000000000003588e+00,2.013437499999999858e+01
-9.999999999999972244e-01,1.972812500000000213e+01
-9.600000000000044054e-01,1.982812500000000355e+01
-9.199999999999979305e-01,1.988750000000000284e+01
-8.800000000000051115e-01,1.998125000000000284e+01
-8.399999999999987477e-01,1.970312500000000355e+01
-8.000000000000059286e-01,1.984687500000000071e+01
-7.599999999999994538e-01,1.981562500000000071e+01
-7.200000000000066347e-01,1.983125000000000071e+01
-6.800000000000002709e-01,1.996875000000000000e+01
-6.399999999999939071e-01,1.996250000000000213e+01
-6.000000000000009770e-01,1.977187500000000142e+01
-5.599999999999946132e-01,1.997812499999999858e+01
-5.200000000000017941e-01,1.979375000000000284e+01
-4.799999999999954303e-01,1.991250000000000142e+01
-4.400000000000025557e-01,1.993750000000000000e+01
-3.999999999999961919e-01,1.988750000000000284e+01
-3.600000000000033173e-01,1.981562500000000071e+01
-3.199999999999969535e-01,1.982812500000000355e+01
-2.800000000000040790e-01,1.975624999999999787e+01
-2.399999999999977152e-01,1.957812500000000000e+01
-2.000000000000048683e-01,2.001875000000000071e+01
-1.599999999999984768e-01,1.992500000000000071e+01
-1.200000000000056299e-01,2.013750000000000284e+01
-7.999999999999923839e-02,1.977187500000000142e+01
-4.000000000000639155e-02,1.972812500000000213e+01
0.000000000000000000e+00,1.981250000000000000e+01
3.999999999999283989e-02,1.983437500000000142e+01
7.999999999999923839e-02,2.006875000000000142e+01
1.200000000000056299e-01,1.997812499999999858e+01
1.599999999999984768e-01,1.978437500000000071e+01
2.000000000000048683e-01,1.971250000000000213e+01
2.399999999999977152e-01,2.007812500000000355e+01
2.800000000000040790e-01,2.003125000000000000e+01
3.199999999999969535e-01,2.003750000000000142e+01
3.600000000000033173e-01,1.964062500000000355e+01
3.999999999999961919e-01,1.980625000000000213e+01
4.400000000000025557e-01,2.008125000000000071e+01
4.799999999999954303e-01,1.985937500000000355e+01
5.200000000000017941e-01,1.991562499999999858e+01
5.599999999999946132e-01,1.982187499999999858e+01
6.000000000000009770e-01,2.018437499999999929e+01
6.399999999999939071e-01,1.960937500000000355e+01
6.800000000000002709e-01,2.022187500000000071e+01
7.199999999999930900e-01,2.004687500000000355e+01
7.599999999999994538e-01,1.984062499999999929e+01
8.000000000000059286e-01,1.999062500000000142e+01
8.399999999999987477e-01,2.005625000000000213e+01
8.800000000000051115e-01,2.006875000000000142e+01
9.199999999999979305e-01,2.007812500000000355e+01
9.600000000000044054e-01,2.010625000000000284e+01
9.999999999999972244e-01,2.018125000000000213e+01
1.040000000000003588e+00,2.005000000000000071e+01
1.079999999999996518e+00,1.997812499999999858e+01
1.120000000000002771e+00,2.026249999999999929e+01
1.159999999999995701e+00,2.005625000000000213e+01
1.200000000000001954e+00,1.983437500000000142e+01
1.239999999999994884e+00,2.036562500000000142e+01
1.280000000000001359e+00,2.013750000000000284e+01
1.319999999999994067e+00,1.989062500000000355e+01
1.360000000000000542e+00,2.017187500000000355e+01
1.399999999999993472e+00,2.024062500000000142e+01
1.439999999999999725e+00,2.044375000000000142e+01
1.480000000000006199e+00,2.031250000000000000e+01
1.519999999999998908e+00,2.016875000000000284e+01
1.560000000000005382e+00,2.003125000000000000e+01
1.599999999999998312e+00,2.000937499999999858e+01
1.640000000000004565e+00,2.020937500000000142e+01
1.679999999999997495e+00,2.006562500000000071e+01
1.720000000000003970e+00,2.031250000000000000e+01
1.759999999999996678e+00,2.014687500000000142e+01
1.800000000000003153e+00,2.026875000000000071e+01
1.839999999999995861e+00,2.042187500000000355e+01
1.880000000000002336e+00,2.051875000000000071e+01
1.919999999999995266e+00,2.041250000000000142e+01
1.960000000000001519e+00,2.043750000000000000e+01
1.999999999999994449e+00,2.018437499999999929e+01
2.040000000000000924e+00,2.036250000000000071e+01
2.079999999999993854e+00,2.034687500000000071e+01
2.120000000000000107e+00,2.047812499999999858e+01
2.160000000000006359e+00,2.035000000000000142e+01
2.200000000000012612e+00,2.045625000000000071e+01
2.239999999999992220e+00,2.061875000000000213e+01
2.279999999999998472e+00,2.037812500000000071e+01
2.320000000000004725e+00,2.020625000000000071e+01
2.360000000000011422e+00,2.032812500000000355e+01
2.399999999999990585e+00,2.046250000000000213e+01
2.439999999999996838e+00,2.013437499999999858e+01
2.480000000000003535e+00,2.062500000000000000e+01
2.520000000000009788e+00,2.040312500000000284e+01
2.559999999999988951e+00,2.044999999999999929e+01
2.599999999999995648e+00,2.072500000000000142e+01
2.640000000000001901e+00,2.044999999999999929e+01
2.680000000000008153e+00,2.059375000000000000e+01
2.719999999999987317e+00,2.053125000000000000e+01
2.759999999999994014e+00,2.046875000000000000e+01
2.800000000000000266e+00,2.051562500000000355e+01
2.840000000000006519e+00,2.047187500000000071e+01
2.880000000000013216e+00,2.073750000000000071e+01
2.919999999999992379e+00,2.056562500000000071e+01
2.959999999999998632e+00,2.058750000000000213e+01
3.000000000000005329e+00,2.044999999999999929e+01
3.040000000000011582e+00,2.070625000000000071e+01
3.079999999999990745e+00,2.050937499999999858e+01
3.119999999999997442e+00,2.053750000000000142e+01
3.160000000000003695e+00,2.056250000000000000e+01
3.200000000000009948e+00,2.056562500000000071e+01
3.239999999999989111e+00,2.069999999999999929e+01
3.279999999999995808e+00,2.075625000000000142e+01
3.320000000000002061e+00,2.050625000000000142e+01
3.360000000000008313e+00,2.072187500000000071e+01
3.399999999999987921e+00,2.055937500000000284e+01
3.439999999999994174e+00,2.081875000000000142e+01
3.480000000000000426e+00,2.079374999999999929e+01
3.520000000000007123e+00,2.085000000000000142e+01
3.559999999999986287e+00,2.071562500000000284e+01
3.599999999999992539e+00,2.060937500000000355e+01
3.639999999999999236e+00,2.090937500000000071e+01
3.680000000000005489e+00,2.069062500000000071e+01
3.720000000000011742e+00,2.070937500000000142e+01
3.759999999999990905e+00,2.096250000000000213e+01
3.799999999999997602e+00,2.090000000000000213e+01
3.840000000000003855e+00,2.098437500000000000e+01
3.880000000000010107e+00,2.088437499999999858e+01
3.919999999999989715e+00,2.095625000000000426e+01
3.959999999999995968e+00,2.089375000000000426e+01
4.000000000000002665e+00,2.100625000000000142e+01
4.040000000000008917e+00,2.080937500000000284e+01
4.079999999999987637e+00,2.094375000000000142e+01
4.119999999999994778e+00,2.074687500000000284e+01
4.160000000000001030e+00,2.092500000000000426e+01
4.200000000000007283e+00,2.097187500000000071e+01
4.239999999999986890e+00,2.097500000000000142e+01
4.279999999999993143e+00,2.107187499999999858e+01
4.319999999999999396e+00,2.107187499999999858e+01
4.360000000000005649e+00,2.099375000000000213e+01
4.400000000000011902e+00,2.086250000000000426e+01
4.439999999999991509e+00,2.138437500000000213e+01
4.479999999999997762e+00,2.121562500000000284e+01
4.520000000000004015e+00,2.119062500000000071e+01
4.560000000000010267e+00,2.099062500000000142e+01
4.599999999999989875e+00,2.099375000000000213e+01
4.639999999999996128e+00,2.138749999999999929e+01
4.680000000000002380e+00,2.112812500000000071e+01
4.720000000000008633e+00,2.129687500000000000e+01
4.759999999999988241e+00,2.125000000000000000e+01
4.799999999999994493e+00,2.120937500000000142e+01
4.840000000000000746e+00,2.141874999999999929e+01
4.880000000000007887e+00,2.114062500000000000e+01
4.919999999999986606e+00,2.136562500000000142e+01
4.959999999999992859e+00,2.146250000000000213e+01
5.000000000000000000e+00,2.137500000000000000e+01
5.040000000000006253e+00,2.146250000000000213e+01
5.080000000000012506e+00,2.135624999999999929e+01
5.119999999999991225e+00,2.146250000000000213e+01
5.159999999999998366e+00,2.140312500000000284e+01
5.200000000000004619e+00,2.144062500000000071e+01
5.240000000000010871e+00,2.120625000000000071e+01
5.279999999999990479e+00,2.143125000000000213e+01
5.319999999999996732e+00,2.123437500000000000e+01
5.360000000000002984e+00,2.144999999999999929e+01
5.400000000000009237e+00,2.140625000000000000e+01
5.439999999999988844e+00,2.162500000000000355e+01
5.479999999999995097e+00,2.178750000000000142e+01
5.520000000000001350e+00,2.157187500000000213e+01
5.560000000000007603e+00,2.158125000000000071e+01
5.599999999999987210e+00,2.193124999999999858e+01
5.639999999999993463e+00,2.174062499999999787e+01
5.679999999999999716e+00,2.171875000000000355e+01
5.720000000000005969e+00,2.167187500000000000e+01
5.760000000000012221e+00,2.162812500000000071e+01
5.799999999999991829e+00,2.185937500000000000e+01
5.839999999999998082e+00,2.171562500000000284e+01
5.880000000000004334e+00,2.176249999999999929e+01
5.920000000000011475e+00,2.187500000000000355e+01
5.959999999999990195e+00,2.198750000000000071e+01
5.999999999999996447e+00,2.189687500000000142e+01
6.040000000000003588e+00,2.188437500000000213e+01
6.080000000000009841e+00,2.189375000000000071e+01
6.119999999999988560e+00,2.200937500000000213e+01
6.159999999999994813e+00,2.184375000000000355e+01
6.200000000000001954e+00,2.189062500000000000e+01
6.240000000000008207e+00,2.200937500000000213e+01
6.279999999999986926e+00,2.189062500000000000e+01
6.319999999999994067e+00,2.207812500000000000e+01
6.360000000000000320e+00,2.251250000000000284e+01
6.400000000000006573e+00,2.209062500000000284e+01
6.440000000000012825e+00,2.265625000000000355e+01
6.479999999999992433e+00,2.261874999999999858e+01
6.519999999999998685e+00,2.254375000000000284e+01
6.560000000000004938e+00,2.235937500000000000e+01
6.600000000000011191e+00,2.245000000000000284e+01
6.639999999999990798e+00,2.277812499999999929e+01
6.679999999999997051e+00,2.296875000000000000e+01
6.720000000000003304e+00,2.304375000000000284e+01
6.760000000000009557e+00,2.314062500000000000e+01
6.799999999999989164e+00,2.316562500000000213e+01
6.839999999999995417e+00,2.312812500000000071e+01
6.880000000000001670e+00,2.339062500000000000e+01
6.920000000000007923e+00,2.355000000000000071e+01
6.959999999999987530e+00,2.366562500000000213e+01
6.999999999999993783e+00,2.397812499999999858e+01
7.040000000000000036e+00,2.390625000000000000e+01
7.080000000000007176e+00,2.411250000000000071e+01
7.120000000000013429e+00,2.437500000000000000e+01
7.159999999999992149e+00,2.474375000000000213e+01
7.199999999999998401e+00,2.453750000000000142e+01
7.240000000000005542e+00,2.486250000000000426e+01
7.280000000000011795e+00,2.516250000000000142e+01
7.319999999999990514e+00,2.520312500000000000e+01
7.359999999999997655e+00,2.523124999999999929e+01
7.400000000000003908e+00,2.561562499999999787e+01
7.440000000000010161e+00,2.571562500000000284e+01
7.479999999999989768e+00,2.590625000000000355e+01
7.519999999999996021e+00,2.605937500000000284e+01
7.560000000000002274e+00,2.638125000000000142e+01
7.600000000000008527e+00,2.649374999999999858e+01
7.639999999999988134e+00,2.700000000000000000e+01
7.679999999999994387e+00,2.707500000000000284e+01
7.720000000000000639e+00,2.706562500000000426e+01
7.760000000000006892e+00,2.739062500000000000e+01
7.799999999999986500e+00,2.770000000000000284e+01
7.839999999999992752e+00,2.789375000000000071e+01
7.879999999999999005e+00,2.815937500000000071e+01
7.920000000000005258e+00,2.822187500000000071e+01
7.960000000000011511e+00,2.835625000000000284e+01
7.999999999999991118e+00,2.890625000000000000e+01
8.039999999999997371e+00,2.918750000000000000e+01
8.080000000000003624e+00,2.931250000000000000e+01
8.120000000000009877e+00,2.962187500000000284e+01
8.159999999999989484e+00,2.990625000000000355e+01
8.199999999999995737e+00,3.012187500000000284e+01
8.240000000000001990e+00,3.031875000000000142e+01
8.280000000000008242e+00,3.046562500000000284e+01
8.319999999999987850e+00,3.085625000000000284e+01
8.359999999999994102e+00,3.099375000000000213e+01
8.400000000000000355e+00,3.145937500000000497e+01
8.440000000000006608e+00,3.178437500000000426e+01
8.479999999999986215e+00,3.205000000000000426e+01
8.519999999999992468e+00,3.208750000000000568e+01
8.559999999999998721e+00,3.242812500000000142e+01
8.600000000000004974e+00,3.264999999999999858e+01
8.640000000000013003e+00,3.292500000000000426e+01
8.679999999999990834e+00,3.309062499999999574e+01
8.719999999999997087e+00,3.340625000000000000e+01
8.760000000000003340e+00,3.394687499999999858e+01
8.800000000000011369e+00,3.421562500000000284e+01
8.839999999999989200e+00,3.426250000000000284e+01
8.879999999999995453e+00,3.453437499999999716e+01
8.920000000000003482e+00,3.500937500000000568e+01
8.960000000000009734e+00,3.520937500000000142e+01
8.999999999999987566e+00,3.541250000000000142e+01
9.039999999999995595e+00,3.574062500000000853e+01
9.080000000000001847e+00,3.575000000000000711e+01
9.120000000000008100e+00,3.596562500000000284e+01
9.159999999999987708e+00,3.643750000000000711e+01
9.199999999999993960e+00,3.674374999999999858e+01
9.240000000000000213e+00,3.684687500000000426e+01
9.280000000000006466e+00,3.735625000000000284e+01
9.320000000000012719e+00,3.778437500000000426e+01
9.359999999999992326e+00,3.778437500000000426e+01
9.399999999999998579e+00,3.820937500000000142e+01
9.440000000000004832e+00,3.828437500000000426e+01
9.480000000000011084e+00,3.870000000000000284e+01
9.519999999999990692e+00,3.913749999999999574e+01
9.559999999999996945e+00,3.909687500000000426e+01
9.600000000000003197e+00,3.963437499999999858e+01
9.640000000000009450e+00,3.991250000000000142e+01
9.679999999999989058e+00,4.010000000000000142e+01
9.719999999999995310e+00,4.057187499999999858e+01
9.760000000000001563e+00,4.083124999999999716e+01
9.800000000000007816e+00,4.123750000000000426e+01
9.839999999999987423e+00,4.126562500000000000e+01
9.879999999999993676e+00,4.177187500000000142e+01
9.919999999999999929e+00,4.220000000000000284e+01
9.960000000000006182e+00,4.226250000000000284e+01
1.000000000000001243e+01,4.215937499999999716e+01
1.003999999999999204e+01,4.265312500000000284e+01
1.007999999999999829e+01,4.320312500000000000e+01
1.012000000000000455e+01,4.346562500000000284e+01
1.016000000000001080e+01,4.396562500000000284e+01
1.019999999999999041e+01,4.404375000000000284e+01
1.023999999999999666e+01,4.432500000000000284e+01
1.028000000000000291e+01,4.480624999999999858e+01
1.032000000000000917e+01,4.492187500000000000e+01
1.035999999999998877e+01,4.534375000000000000e+01
1.039999999999999503e+01,4.555624999999999858e+01
1.044000000000000128e+01,4.589062500000000711e+01
1.048000000000000753e+01,4.624062500000000142e+01
1.051999999999998714e+01,4.674687500000000284e+01
1.055999999999999339e+01,4.671250000000000568e+01
1.059999999999999964e+01,4.732187499999999858e+01
1.064000000000000590e+01,4.738437499999999858e+01
1.068000000000001215e+01,4.771250000000000568e+01
1.071999999999999176e+01,4.811562500000000142e+01
1.075999999999999801e+01,4.834062500000000284e+01
1.080000000000000426e+01,4.873750000000000426e+01
1.084000000000001229e+01,4.889999999999999858e+01
1.087999999999999012e+01,4.932187499999999858e+01
1.091999999999999638e+01,4.946562499999999574e+01
1.096000000000000263e+01,4.984062500000000284e+01
1.100000000000001066e+01,4.984375000000000000e+01
1.103999999999998849e+01,5.024375000000000568e+01
1.107999999999999474e+01,5.046562500000000284e+01
1.112000000000000277e+01,5.126875000000000426e+01
1.116000000000000902e+01,5.126875000000000426e+01
1.119999999999998685e+01,5.182500000000000284e+01
1.123999999999999488e+01,5.202499999999999858e+01
1.128000000000000114e+01,5.209687500000000426e+01
1.132000000000000739e+01,5.241250000000000142e+01
1.136000000000001364e+01,5.277500000000000568e+01
1.139999999999999325e+01,5.303125000000000000e+01
1.143999999999999950e+01,5.305312500000000142e+01
1.148000000000000576e+01,5.313437500000000568e+01
1.152000000000001201e+01,5.354687500000000000e+01
1.155999999999999162e+01,5.376250000000000284e+01
1.159999999999999787e+01,5.418124999999999858e+01
1.164000000000000412e+01,5.439375000000000426e+01
1.168000000000001037e+01,5.474374999999999858e+01
1.171999999999998998e+01,5.480937500000000284e+01
1.175999999999999623e+01,5.504375000000000284e+01
1.180000000000000249e+01,5.520937500000000853e+01
1.184000000000000874e+01,5.565000000000000568e+01
1.187999999999998835e+01,5.592187500000000000e+01
1.191999999999999460e+01,5.591250000000000142e+01
1.196000000000000085e+01,5.650625000000000142e+01
1.200000000000000711e+01,5.653437500000000426e+01
1.203999999999998671e+01,5.657812500000000000e+01
1.207999999999999297e+01,5.655312500000000142e+01
1.211999999999999922e+01,5.696250000000000568e+01
1.216000000000000547e+01,5.700937499999999858e+01
1.220000000000001172e+01,5.717500000000000426e+01
1.223999999999999133e+01,5.754375000000000284e+01
1.227999999999999758e+01,5.760000000000000853e+01
1.232000000000000384e+01,5.774687500000000284e+01
1.236000000000001009e+01,5.804375000000000284e+01
1.239999999999998970e+01,5.806875000000000142e+01
1.243999999999999595e+01,5.847812500000000568e+01
1.248000000000000220e+01,5.840937499999999716e+01
1.252000000000000846e+01,5.880000000000000426e+01
1.255999999999998806e+01,5.866250000000000142e+01
1.259999999999999432e+01,5.883749999999999858e+01
1.264000000000000057e+01,5.882812500000000000e+01
1.268000000000000682e+01,5.912812500000000426e+01
1.271999999999998643e+01,5.932187500000000568e+01
1.275999999999999268e+01,5.926250000000000284e+01
1.279999999999999893e+01,5.916562499999999858e+01
1.284000000000000519e+01,5.950625000000000142e+01
1.288000000000001144e+01,5.969062500000000426e+01
1.291999999999999105e+01,5.956250000000000711e+01
1.295999999999999730e+01,5.978125000000000000e+01
1.300000000000000355e+01,6.008125000000000426e+01
1.304000000000000981e+01,6.008749999999999858e+01
1.307999999999998941e+01,6.029062499999999858e+01
1.311999999999999567e+01,6.030312500000000853e+01
1.316000000000000192e+01,6.040312500000000284e+01
1.320000000000000995e+01,6.028750000000000142e+01
1.323999999999998778e+01,6.038125000000000142e+01
1.327999999999999403e+01,6.059062500000000284e+01
1.332000000000000206e+01,6.063750000000000284e+01
1.336000000000000831e+01,6.073749999999999716e+01
1.339999999999998614e+01,6.108750000000000568e+01
1.343999999999999417e+01,6.091562499999999858e+01
1.348000000000000043e+01,6.129062499999999858e+01
1.352000000000000668e+01,6.103750000000000142e+01
1.356000000000001293e+01,6.132500000000000284e+01
1.359999999999999254e+01,6.126875000000000426e+01
1.363999999999999879e+01,6.135625000000000284e+01
1.368000000000000504e+01,6.139062500000000711e+01
1.372000000000001130e+01,6.150000000000000711e+01
1.375999999999999091e+01,6.154687500000000000e+01
1.379999999999999716e+01,6.179375000000000284e+01
1.384000000000000341e+01,6.183750000000000568e+01
1.388000000000000966e+01,6.172500000000000142e+01
1.391999999999998927e+01,6.199062500000000142e+01
1.395999999999999552e+01,6.168750000000000711e+01
1.400000000000000178e+01,6.166250000000000142e+01
1.404000000000000803e+01,6.205000000000000426e+01
1.407999999999998764e+01,6.195937500000000142e+01
1.411999999999999389e+01,6.214687500000000142e+01
1.416000000000000014e+01,6.220312500000000711e+01
1.420000000000000639e+01,6.235312500000000568e+01
1.424000000000001265e+01,6.234062500000000284e+01
1.427999999999999226e+01,6.255312500000000142e+01
1.431999999999999851e+01,6.249062500000000142e+01
1.436000000000000476e+01,6.281250000000000711e+01
1.440000000000001101e+01,6.263125000000000142e+01
1.443999999999999062e+01,6.268437500000000284e+01
1.447999999999999687e+01,6.280625000000000568e+01
1.452000000000000313e+01,6.285625000000000284e+01
1.456000000000000938e+01,6.272500000000000142e+01
1.459999999999998899e+01,6.275937500000000568e+01
1.463999999999999524e+01,6.303749999999999432e+01
1.468000000000000149e+01,6.271562499999999574e+01
1.472000000000000774e+01,6.302812500000000284e+01
1.475999999999998735e+01,6.315625000000000000e+01
1.479999999999999361e+01,6.327187500000000853e+01
1.483999999999999986e+01,6.329375000000000995e+01
1.488000000000000611e+01,6.330312500000000142e+01
1.492000000000001236e+01,6.341562500000000568e+01
1.495999999999999197e+01,6.343437500000000284e+01
1.499999999999999822e+01,6.326562500000000711e+01
1.504000000000000448e+01,6.331562499999999716e+01
1.508000000000001073e+01,6.339999999999999858e+01
1.511999999999999034e+01,6.359375000000000711e+01
1.515999999999999659e+01,6.351562500000000711e+01
1.520000000000000284e+01,6.355000000000001137e+01
1.524000000000000909e+01,6.353125000000000000e+01
1.527999999999998870e+01,6.346562499999999574e+01
1.531999999999999496e+01,6.369375000000000853e+01
1.536000000000000121e+01,6.379374999999999574e+01
1.540000000000000924e+01,6.342500000000001137e+01
1.543999999999998707e+01,6.350312500000000426e+01
1.547999999999999332e+01,6.357812500000000000e+01
1.552000000000000135e+01,6.362500000000000000e+01
1.556000000000000760e+01,6.391562500000000568e+01
1.560000000000001386e+01,6.367812500000000142e+01
1.563999999999999169e+01,6.400937500000000568e+01
1.567999999999999972e+01,6.397187499999999716e+01
1.572000000000000597e+01,6.380312500000000142e+01
1.576000000000001222e+01,6.371250000000000568e+01
1.579999999999999183e+01,6.420000000000000284e+01
1.583999999999999808e+01,6.419375000000000853e+01
1.588000000000000433e+01,6.405937500000000284e+01
1.592000000000001059e+01,6.421250000000000568e+01
1.595999999999999019e+01,6.425937500000000568e+01
1.599999999999999645e+01,6.413750000000000284e+01
1.604000000000000270e+01,6.436875000000000568e+01
1.608000000000000895e+01,6.429375000000000284e+01
1.611999999999998678e+01,6.416875000000000284e+01
1.615999999999999304e+01,6.436249999999999716e+01
1.619999999999999929e+01,6.419687500000000568e+01
1.624000000000000554e+01,6.441249999999999432e+01
1.627999999999998693e+01,6.460625000000000284e+01
1.631999999999999318e+01,6.446875000000000000e+01
1.635999999999999943e+01,6.471875000000000000e+01
1.640000000000000568e+01,6.450000000000000000e+01
1.644000000000001194e+01,6.433125000000001137e+01
1.647999999999998977e+01,6.445000000000000284e+01
1.651999999999999602e+01,6.449062500000000853e+01
1.656000000000000583e+01,6.435937500000000000e+01
1.660000000000001208e+01,6.460312499999999147e+01
1.663999999999998991e+01,6.471250000000000568e+01
1.667999999999999616e+01,6.467812500000000853e+01
1.672000000000000242e+01,6.453437500000001137e+01
1.676000000000000867e+01,6.483750000000000568e+01
1.679999999999998650e+01,6.466875000000000284e+01
1.683999999999999631e+01,6.463124999999999432e+01
1.688000000000000256e+01,6.484375000000000000e+01
1.692000000000000881e+01,6.489687500000000853e+01
1.695999999999998664e+01,6.486875000000000568e+01
1.699999999999999289e+01,6.485312499999999147e+01
1.703999999999999915e+01,6.461875000000000568e+01
1.708000000000000540e+01,6.490000000000000568e+01
1.712000000000001165e+01,6.490625000000000000e+01
1.715999999999999304e+01,6.484687499999999716e+01
1.719999999999999929e+01,6.468437500000000284e+01
1.724000000000000554e+01,6.496250000000000568e+01
1.728000000000001180e+01,6.483437499999999432e+01
1.731999999999998963e+01,6.503437500000001137e+01
1.735999999999999588e+01,6.509687499999999716e+01
1.740000000000000213e+01,6.521250000000000568e+01
1.744000000000000838e+01,6.517187500000000000e+01
1.747999999999998977e+01,6.484687499999999716e+01
1.751999999999999602e+01,6.496562500000000284e+01
1.756000000000000227e+01,6.476562500000001421e+01
1.760000000000000853e+01,6.505625000000000568e+01
1.763999999999998636e+01,6.490000000000000568e+01
1.767999999999999261e+01,6.497812499999999147e+01
1.771999999999999886e+01,6.523437500000000000e+01
1.776000000000000512e+01,6.497812499999999147e+01
1.780000000000001137e+01,6.507500000000000284e+01
1.783999999999999275e+01,6.514374999999999716e+01
1.787999999999999901e+01,6.500625000000000853e+01
1.792000000000000526e+01,6.499375000000000568e+01
1.796000000000001151e+01,6.520312500000000000e+01
1.799999999999998934e+01,6.524062499999999432e+01
1.803999999999999559e+01,6.517187500000000000e+01
1.808000000000000185e+01,6.539687500000000853e+01
1.812000000000000810e+01,6.525937500000000568e+01
1.815999999999998948e+01,6.522812499999999147e+01
1.819999999999999574e+01,6.539374999999999716e+01
1.824000000000000199e+01,6.522187499999999716e+01
1.828000000000000824e+01,6.537187500000000284e+01
1.831999999999998607e+01,6.538125000000000853e+01
1.835999999999999233e+01,6.535000000000000853e+01
1.839999999999999858e+01,6.555624999999999147e+01
1.844000000000000483e+01,6.560000000000000853e+01
1.848000000000001108e+01,6.552500000000000568e+01
1.851999999999999247e+01,6.577500000000000568e+01
1.855999999999999872e+01,6.532187500000000568e+01
1.860000000000000497e+01,6.527500000000000568e+01
1.864000000000001123e+01,6.548125000000000284e+01
1.867999999999998906e+01,6.543124999999999147e+01
1.871999999999999531e+01,6.562187500000001705e+01
1.876000000000000512e+01,6.549687500000001705e+01
1.880000000000001137e+01,6.542812500000000853e+01
1.883999999999998920e+01,6.547812499999999147e+01
1.887999999999999545e+01,6.546250000000000568e+01
1.892000000000000171e+01,6.526874999999999716e+01
1.896000000000000796e+01,6.560625000000000284e+01
1.899999999999998579e+01,6.546875000000000000e+01
1.903999999999999559e+01,6.577187500000000853e+01
1.908000000000000185e+01,6.548125000000000284e+01
1.912000000000000810e+01,6.540937500000001137e+01
1.916000000000001435e+01,6.568124999999999147e+01
1.919999999999999218e+01,6.522812499999999147e+01
1.923999999999999844e+01,6.542499999999999716e+01
1.928000000000000469e+01,6.549375000000000568e+01
1.932000000000001094e+01,6.532812500000000000e+01
1.935999999999999233e+01,6.554375000000000284e+01
1.939999999999999858e+01,6.519687500000000568e+01
1.944000000000000483e+01,6.552187500000000853e+01
1.948000000000001108e+01,6.555312500000000853e+01
1.951999999999998892e+01,6.541875000000000284e+01
1.955999999999999517e+01,6.571875000000000000e+01
1.960000000000000142e+01,6.554062500000000568e+01
1.964000000000000767e+01,6.570625000000001137e+01
1.967999999999998906e+01,6.574375000000000568e+01
1.971999999999999531e+01,6.571875000000000000e+01
1.976000000000000156e+01,6.565937500000001137e+01
1.980000000000000782e+01,6.553125000000000000e+01
1.984000000000001407e+01,6.545937499999999432e+01
1.987999999999999190e+01,6.543750000000001421e+01
1.991999999999999815e+01,6.543124999999999147e+01
1.996000000000000441e+01,6.574375000000000568e+01
2.000000000000001066e+01,6.578125000000000000e+01
2.003999999999999204e+01,6.568750000000001421e+01
2.007999999999999829e+01,6.573437500000000000e+01
2.012000000000000455e+01,6.550000000000000000e+01
2.016000000000001080e+01,6.604687500000000000e+01
2.019999999999998863e+01,6.564062500000001421e+01
2.023999999999999488e+01,6.540312500000000284e+01
2.028000000000000114e+01,6.578749999999999432e+01
2.032000000000000739e+01,6.585000000000000853e+01
2.035999999999998877e+01,6.551874999999999716e+01
2.039999999999999503e+01,6.560937500000000000e+01
2.044000000000000128e+01,6.556875000000000853e+01
2.048000000000000753e+01,6.592499999999999716e+01
2.051999999999998536e+01,6.550937500000000568e+01
2.055999999999999162e+01,6.570625000000001137e+01
2.059999999999999787e+01,6.570000000000000284e+01
2.064000000000000412e+01,6.542187500000000000e+01
2.068000000000001037e+01,6.551562500000001421e+01
2.071999999999999176e+01,6.557812500000000000e+01
2.075999999999999801e+01,6.576874999999999716e+01
2.080000000000000426e+01,6.570000000000000284e+01
2.084000000000001052e+01,6.570625000000001137e+01
2.087999999999998835e+01,6.571562500000000284e+01
2.091999999999999460e+01,6.563437500000000568e+01
2.096000000000000085e+01,6.580624999999999147e+01
2.100000000000001066e+01,6.540625000000000000e+01
2.103999999999998849e+01,6.567499999999999716e+01
2.107999999999999474e+01,6.571562500000000284e+01
2.112000000000000099e+01,6.553749999999999432e+01
2.116000000000000725e+01,6.604687500000000000e+01
2.119999999999998508e+01,6.560312499999999147e+01
2.123999999999999488e+01,6.580937500000000284e+01
2.128000000000000114e+01,6.563125000000000853e+01
2.132000000000000739e+01,6.574687500000000284e+01
2.136000000000001364e+01,6.559375000000000000e+01
2.139999999999999147e+01,6.563125000000000853e+01
2.143999999999999773e+01,6.585937500000000000e+01
2.148000000000000398e+01,6.574375000000000568e+01
2.152000000000001023e+01,6.572812499999999147e+01
2.155999999999999162e+01,6.583750000000000568e+01
2.159999999999999787e+01,6.568437500000000284e+01
2.164000000000000412e+01,6.577500000000000568e+01
2.168000000000001037e+01,6.583750000000000568e+01
2.171999999999998820e+01,6.557812500000000000e+01
2.175999999999999446e+01,6.568124999999999147e+01
2.180000000000000071e+01,6.577812500000000284e+01
2.184000000000000696e+01,6.572500000000000853e+01
2.187999999999998835e+01,6.548437500000000000e+01
2.191999999999999460e+01,6.530937500000000284e+01
2.196000000000000085e+01,6.562500000000000000e+01
2.200000000000000711e+01,6.534687499999999716e+01
2.204000000000001336e+01,6.578749999999999432e+01
2.207999999999999119e+01,6.588437500000000568e+01
2.211999999999999744e+01,6.543437500000000284e+01
2.216000000000000369e+01,6.570000000000000284e+01
2.220000000000000995e+01,6.564687500000000853e+01
2.223999999999999133e+01,6.588125000000000853e+01
2.227999999999999758e+01,6.583437499999999432e+01
2.232000000000000384e+01,6.575625000000000853e+01
2.236000000000001009e+01,6.558125000000001137e+01
2.239999999999998792e+01,6.576874999999999716e+01
2.243999999999999417e+01,6.576874999999999716e+01
2.248000000000000043e+01,6.577500000000000568e+01
2.252000000000000668e+01,6.583125000000001137e+01
2.255999999999998806e+01,6.582500000000000284e+01
2.259999999999999432e+01,6.565937500000001137e+01
2.264000000000000057e+01,6.587812500000001137e+01
2.268000000000000682e+01,6.560312499999999147e+01
2.272000000000001307e+01,6.560000000000000853e+01
2.275999999999999091e+01,6.554687500000000000e+01
2.279999999999999716e+01,6.554687500000000000e+01
2.284000000000000341e+01,6.565312500000000284e+01
2.288000000000000966e+01,6.575000000000000000e+01
2.291999999999999105e+01,6.554062500000000568e+01
2.295999999999999730e+01,6.565937500000001137e+01
2.300000000000000355e+01,6.565625000000000000e+01
2.304000000000000981e+01,6.566249999999999432e+01
2.307999999999998764e+01,6.561875000000000568e+01
2.311999999999999389e+01,6.573125000000000284e+01
2.316000000000000014e+01,6.559375000000000000e+01
2.320000000000000995e+01,6.572500000000000853e+01
2.323999999999998778e+01,6.570625000000001137e+01
2.327999999999999403e+01,6.573750000000001137e+01
2.332000000000000028e+01,6.551874999999999716e+01
2.336000000000000654e+01,6.546875000000000000e+01
2.340000000000001279e+01,6.561249999999999716e+01
2.343999999999999417e+01,6.577187500000000853e+01
2.348000000000000043e+01,6.575000000000000000e+01
2.352000000000000668e+01,6.552500000000000568e+01
2.356000000000001293e+01,6.563750000000000284e+01
2.359999999999999076e+01,6.579687500000000000e+01
2.363999999999999702e+01,6.546562500000000284e+01
2.368000000000000327e+01,6.514687500000000853e+01
2.372000000000000952e+01,6.538125000000000853e+01
2.375999999999999091e+01,6.535312499999999147e+01
2.379999999999999716e+01,6.544062499999999716e+01
2.384000000000000341e+01,6.562187500000001705e+01
2.388000000000000966e+01,6.555937500000000284e+01
2.391999999999998749e+01,6.558750000000000568e+01
2.395999999999999375e+01,6.555937500000000284e+01
2.400000000000000000e+01,6.550312500000001137e+01
2.404000000000000625e+01,6.551874999999999716e+01
2.408000000000001251e+01,6.579687500000000000e+01
2.411999999999999389e+01,6.557187500000000568e+01
2.416000000000000014e+01,6.575312500000001137e+01
2.420000000000000639e+01,6.566249999999999432e+01
2.424000000000001265e+01,6.547187499999999716e+01
2.427999999999999048e+01,6.559687499999999716e+01
2.431999999999999673e+01,6.560312499999999147e+01
2.436000000000000298e+01,6.564374999999999716e+01
2.440000000000000924e+01,6.530312500000000853e+01
2.443999999999999062e+01,6.573750000000001137e+01
2.447999999999999687e+01,6.562812500000001137e+01
2.452000000000000313e+01,6.529687500000000000e+01
2.456000000000000938e+01,6.565937500000001137e+01
2.459999999999998721e+01,6.560937500000000000e+01
2.463999999999999346e+01,6.542187500000000000e+01
2.467999999999999972e+01,6.534375000000000000e+01
2.472000000000000597e+01,6.554687500000000000e+01
2.475999999999998735e+01,6.548749999999999716e+01
2.479999999999999361e+01,6.577812500000000284e+01
2.483999999999999986e+01,6.568124999999999147e+01
2.488000000000000611e+01,6.551250000000000284e+01
2.492000000000001236e+01,6.583750000000000568e+01
2.495999999999999019e+01,6.545625000000001137e+01
2.499999999999999645e+01,6.554375000000000284e+01
2.504000000000000270e+01,6.547187499999999716e+01
2.508000000000000895e+01,6.535625000000000284e+01
2.511999999999999034e+01,6.545937499999999432e+01
2.515999999999999659e+01,6.559062500000000284e+01
2.520000000000000284e+01,6.530624999999999147e+01
2.524000000000000909e+01,6.522187499999999716e+01
2.527999999999998693e+01,6.567187500000000000e+01
2.531999999999999318e+01,6.531875000000000853e+01
2.535999999999999943e+01,6.538125000000000853e+01
2.540000000000000924e+01,6.526562500000001421e+01
2.543999999999998707e+01,6.535937500000000000e+01
2.547999999999999332e+01,6.541249999999999432e+01
2.551999999999999957e+01,6.529999999999999716e+01
2.556000000000000583e+01,6.543750000000001421e+01
2.560000000000001208e+01,6.552812500000000284e+01
2.563999999999998991e+01,6.536875000000000568e+01
2.567999999999999972e+01,6.539062500000001421e+01
2.572000000000000597e+01,6.528125000000000000e+01
2.576000000000001222e+01,6.550000000000000000e+01
2.579999999999999005e+01,6.537812500000001137e+01
2.583999999999999631e+01,6.525000000000000000e+01
2.588000000000000256e+01,6.538437500000000568e+01
2.592000000000000881e+01,6.535625000000000284e+01
2.595999999999999019e+01,6.523125000000000284e+01
2.599999999999999645e+01,6.550625000000000853e+01
2.604000000000000270e+01,6.534687499999999716e+01
2.608000000000000895e+01,6.541249999999999432e+01
2.611999999999998678e+01,6.537500000000000000e+01
2.615999999999999304e+01,6.505312500000000853e+01
2.619999999999999929e+01,6.547500000000000853e+01
2.624000000000000554e+01,6.525000000000000000e+01
2.628000000000001180e+01,6.517812500000000853e+01
2.631999999999999318e+01,6.533437499999999432e+01
2.635999999999999943e+01,6.524375000000000568e+01
2.640000000000000568e+01,6.515625000000000000e+01
2.644000000000001194e+01,6.539062500000001421e+01
2.647999999999998977e+01,6.539062500000001421e+01
2.651999999999999602e+01,6.524375000000000568e+01
2.656000000000000227e+01,6.533750000000000568e+01
2.660000000000000853e+01,6.530312500000000853e+01
2.663999999999998991e+01,6.550625000000000853e+01
2.667999999999999616e+01,6.523437500000000000e+01
2.672000000000000242e+01,6.526250000000000284e+01
2.676000000000000867e+01,6.532812500000000000e+01
2.679999999999998650e+01,6.541249999999999432e+01
2.683999999999999275e+01,6.506250000000001421e+01
2.687999999999999901e+01,6.506250000000001421e+01
2.692000000000000526e+01,6.530624999999999147e+01
2.696000000000001151e+01,6.518750000000001421e+01
2.699999999999999289e+01,6.500312500000001137e+01
2.703999999999999915e+01,6.512500000000000000e+01
2.708000000000000540e+01,6.514374999999999716e+01
2.712000000000001165e+01,6.523125000000000284e+01
2.715999999999998948e+01,6.509375000000000000e+01
2.719999999999999574e+01,6.528125000000000000e+01
2.724000000000000199e+01,6.531875000000000853e+01
2.728000000000000824e+01,6.523437500000000000e+01
2.731999999999998963e+01,6.508437499999999432e+01
2.735999999999999588e+01,6.504062500000000568e+01
2.740000000000000213e+01,6.484375000000000000e+01
2.744000000000000838e+01,6.512812500000001137e+01
2.747999999999998622e+01,6.539062500000001421e+01
2.751999999999999247e+01,6.542812500000000853e+01
2.755999999999999872e+01,6.543437500000000284e+01
2.760000000000000853e+01,6.510625000000000284e+01
2.764000000000001478e+01,6.513437500000000568e+01
2.767999999999999261e+01,6.525625000000000853e+01
2.771999999999999886e+01,6.483750000000000568e+01
2.776000000000000512e+01,6.517187500000000000e+01
2.780000000000001137e+01,6.504687500000000000e+01
2.783999999999998920e+01,6.500312500000001137e+01
2.787999999999999901e+01,6.508750000000000568e+01
2.792000000000000526e+01,6.535000000000000853e+01
2.796000000000001151e+01,6.541562500000000568e+01
2.799999999999998934e+01,6.526874999999999716e+01
2.803999999999999559e+01,6.509062500000000284e+01
2.808000000000000185e+01,6.543750000000001421e+01
2.812000000000000810e+01,6.524687500000000284e+01
2.815999999999998948e+01,6.474687500000000284e+01
2.819999999999999574e+01,6.503437500000001137e+01
2.824000000000000199e+01,6.504062500000000568e+01
2.828000000000000824e+01,6.522500000000000853e+01
2.832000000000001450e+01,6.514062500000001421e+01
2.835999999999999233e+01,6.518750000000001421e+01
2.839999999999999858e+01,6.511249999999999716e+01
2.844000000000000483e+01,6.498437500000000000e+01
2.848000000000001108e+01,6.487500000000000000e+01
2.851999999999999247e+01,6.529062500000000568e+01
2.855999999999999872e+01,6.498125000000000284e+01
2.860000000000000497e+01,6.493437500000000284e+01
2.864000000000001123e+01,6.513750000000000284e+01
2.867999999999998906e+01,6.490937500000001137e+01
2.871999999999999531e+01,6.487500000000000000e+01
2.876000000000000156e+01,6.491562500000000568e+01
2.880000000000000782e+01,6.490937500000001137e+01
2.883999999999998920e+01,6.507187500000000568e+01
2.887999999999999545e+01,6.519687500000000568e+01
2.892000000000000171e+01,6.498437500000000000e+01
2.896000000000000796e+01,6.503749999999999432e+01
2.899999999999998579e+01,6.522187499999999716e+01
2.903999999999999204e+01,6.478125000000000000e+01
2.907999999999999829e+01,6.494375000000000853e+01
2.912000000000000455e+01,6.491249999999999432e+01
2.916000000000001080e+01,6.507187500000000568e+01
2.919999999999999218e+01,6.505937500000000284e+01
2.923999999999999844e+01,6.504062500000000568e+01
2.928000000000000469e+01,6.484375000000000000e+01
2.932000000000001094e+01,6.518125000000000568e+01
2.935999999999998877e+01,6.502812500000000284e+01
2.939999999999999503e+01,6.497812499999999147e+01
2.944000000000000128e+01,6.493750000000001421e+01
2.948000000000000753e+01,6.512812500000001137e+01
2.951999999999998892e+01,6.499687500000000284e+01
2.955999999999999517e+01,6.493750000000001421e+01
2.960000000000000142e+01,6.468750000000001421e+01
2.964000000000000767e+01,6.503125000000000000e+01
2.967999999999998550e+01,6.500937500000000568e+01
2.971999999999999176e+01,6.501250000000000284e+01
2.975999999999999801e+01,6.488124999999999432e+01
2.980000000000000782e+01,6.490937500000001137e+01
2.984000000000001407e+01,6.489374999999999716e+01
2.987999999999999190e+01,6.490312500000000284e+01
2.991999999999999815e+01,6.487187500000000284e+01
2.996000000000000441e+01,6.492812500000000853e+01
3.000000000000001066e+01,6.479062500000000568e+01
3.003999999999998849e+01,6.509687499999999716e+01
3.007999999999999829e+01,6.486875000000000568e+01
3.012000000000000455e+01,6.514374999999999716e+01
3.016000000000001080e+01,6.484062500000000284e+01
3.019999999999998863e+01,6.486249999999999716e+01
3.023999999999999488e+01,6.477500000000000568e+01
3.028000000000000114e+01,6.481250000000001421e+01
3.032000000000000739e+01,6.470937499999999432e+01
3.035999999999998877e+01,6.466875000000000284e+01
3.039999999999999503e+01,6.462187500000000284e+01
3.044000000000000128e+01,6.505625000000000568e+01
3.048000000000000753e+01,6.476250000000000284e+01
3.052000000000001378e+01,6.479999999999999716e+01
3.055999999999999162e+01,6.487812500000001137e+01
3.059999999999999787e+01,6.479375000000000284e+01
3.064000000000000412e+01,6.479375000000000284e+01
3.068000000000001037e+01,6.489062500000001421e+01
3.071999999999999176e+01,6.459062500000000284e+01
3.075999999999999801e+01,6.492187500000000000e+01
3.080000000000000426e+01,6.502812500000000284e+01
3.084000000000001052e+01,6.500312500000001137e+01
3.087999999999998835e+01,6.482812500000000000e+01
3.091999999999999460e+01,6.496250000000000568e+01
3.096000000000000085e+01,6.476250000000000284e+01
3.100000000000000711e+01,6.460937500000000000e+01
3.103999999999998849e+01,6.464374999999999716e+01
3.107999999999999474e+01,6.479999999999999716e+01
3.112000000000000099e+01,6.462500000000000000e+01
3.116000000000000725e+01,6.469062499999999716e+01
3.120000000000001350e+01,6.473437500000000000e+01
3.123999999999999133e+01,6.487500000000000000e+01
3.127999999999999758e+01,6.472812499999999147e+01
3.132000000000000384e+01,6.487812500000001137e+01
3.136000000000001009e+01,6.479375000000000284e+01
3.139999999999999147e+01,6.465937500000001137e+01
3.143999999999999773e+01,6.471875000000000000e+01
3.148000000000000398e+01,6.475000000000000000e+01
3.152000000000001023e+01,6.511249999999999716e+01
3.155999999999998806e+01,6.481250000000001421e+01
3.159999999999999432e+01,6.456250000000001421e+01
3.164000000000000057e+01,6.478749999999999432e+01
3.168000000000000682e+01,6.458125000000001137e+01
3.171999999999998820e+01,6.473749999999999716e+01
3.175999999999999446e+01,6.484687499999999716e+01
3.180000000000000071e+01,6.478749999999999432e+01
3.184000000000000696e+01,6.486562499999999432e+01
3.188000000000001322e+01,6.485937500000000000e+01
3.191999999999999105e+01,6.462500000000000000e+01
3.195999999999999730e+01,6.463750000000000284e+01
3.200000000000000711e+01,6.493437500000000284e+01
3.204000000000001336e+01,6.460625000000000284e+01
3.207999999999999119e+01,6.465000000000000568e+01
3.211999999999999744e+01,6.479062500000000568e+01
3.216000000000000369e+01,6.449062500000000853e+01
3.220000000000000995e+01,6.452812500000000284e+01
3.223999999999998778e+01,6.463437500000000568e+01
3.227999999999999403e+01,6.454999999999999716e+01
3.232000000000000028e+01,6.439374999999999716e+01
3.236000000000000654e+01,6.479687500000000000e+01
3.239999999999999147e+01,6.467499999999999716e+01
3.243999999999999773e+01,6.465937500000001137e+01
3.248000000000000398e+01,6.460312499999999147e+01
3.252000000000001023e+01,6.450624999999999432e+01
3.256000000000001648e+01,6.449062500000000853e+01
3.259999999999999432e+01,6.456562499999999716e+01
3.264000000000000057e+01,6.445000000000000284e+01
3.268000000000000682e+01,6.462812500000001137e+01
3.272000000000001307e+01,6.473437500000000000e+01
3.275999999999999091e+01,6.476562500000001421e+01
3.279999999999999716e+01,6.469062499999999716e+01
3.284000000000000341e+01,6.455937500000000284e+01
3.288000000000000966e+01,6.433125000000001137e+01
3.291999999999998749e+01,6.455625000000000568e+01
3.295999999999999375e+01,6.455312500000000853e+01
3.300000000000000000e+01,6.448749999999999716e+01
3.304000000000000625e+01,6.439062500000000000e+01
3.307999999999999119e+01,6.437187500000000284e+01
3.311999999999999744e+01,6.469375000000000853e+01
3.316000000000000369e+01,6.461562500000000853e+01
3.320000000000000995e+01,6.438124999999999432e+01
3.323999999999998778e+01,6.444062499999999716e+01
3.327999999999999403e+01,6.474687500000000284e+01
3.332000000000000028e+01,6.447187499999999716e+01
3.336000000000000654e+01,6.450000000000000000e+01
3.340000000000001279e+01,6.459375000000000000e+01
3.343999999999999062e+01,6.460000000000000853e+01
3.347999999999999687e+01,6.449062500000000853e+01
3.352000000000000313e+01,6.446562500000000284e+01
3.356000000000000938e+01,6.441562500000000568e+01
3.359999999999998721e+01,6.415937500000001137e+01
3.363999999999999346e+01,6.432187500000000568e+01
3.367999999999999972e+01,6.475937500000000568e+01
3.372000000000000597e+01,6.472812499999999147e+01
3.375999999999999091e+01,6.454375000000000284e+01
3.379999999999999716e+01,6.440937500000001137e+01
3.384000000000000341e+01,6.451562500000000000e+01
3.388000000000000966e+01,6.461562500000000853e+01
3.391999999999998749e+01,6.448749999999999716e+01
3.395999999999999375e+01,6.445312500000000000e+01
3.400000000000000000e+01,6.446875000000000000e+01
3.404000000000000625e+01,6.430625000000000568e+01
3.408000000000001251e+01,6.439062500000000000e+01
3.411999999999999034e+01,6.443125000000000568e+01
3.415999999999999659e+01,6.450624999999999432e+01
3.420000000000000284e+01,6.436875000000000568e+01
3.424000000000000909e+01,6.449375000000000568e+01
3.427999999999998693e+01,6.442812500000000853e+01
3.431999999999999318e+01,6.435625000000000284e+01
3.436000000000000654e+01,6.433437499999999432e+01
3.440000000000001279e+01,6.443437500000000284e+01
3.443999999999999062e+01,6.446875000000000000e+01
3.447999999999999687e+01,6.444687500000000568e+01
3.452000000000000313e+01,6.443125000000000568e+01
3.456000000000000938e+01,6.421875000000000000e+01
3.459999999999998721e+01,6.436875000000000568e+01
3.463999999999999346e+01,6.423749999999999716e+01
3.467999999999999972e+01,6.443125000000000568e+01
3.472000000000000597e+01,6.453749999999999432e+01
3.476000000000001222e+01,6.429375000000000284e+01
3.479999999999999005e+01,6.435937500000000000e+01
3.483999999999999631e+01,6.430937500000000284e+01
3.488000000000000256e+01,6.425624999999999432e+01
3.492000000000000881e+01,6.458750000000000568e+01
3.495999999999999375e+01,6.428125000000000000e+01
3.500000000000000000e+01,6.454687500000000000e+01
3.504000000000000625e+01,6.420312500000000000e+01
3.508000000000001251e+01,6.436875000000000568e+01
3.511999999999999034e+01,6.433437499999999432e+01
3.515999999999999659e+01,6.433125000000001137e+01
3.520000000000000284e+01,6.437187500000000284e+01
3.524000000000000909e+01,6.448749999999999716e+01
3.527999999999998693e+01,6.454687500000000000e+01
3.531999999999999318e+01,6.460000000000000853e+01
3.535999999999999943e+01,6.433437499999999432e+01
3.540000000000000568e+01,6.428749999999999432e+01
3.544000000000001194e+01,6.456562499999999716e+01
3.547999999999998977e+01,6.429687500000000000e+01
3.551999999999999602e+01,6.434687499999999716e+01
3.556000000000000227e+01,6.419687500000000568e+01
3.560000000000000853e+01,6.413437500000000568e+01
3.563999999999999346e+01,6.427812500000000284e+01
3.567999999999999972e+01,6.415312500000000284e+01
3.572000000000000597e+01,6.428125000000000000e+01
3.576000000000001222e+01,6.434062500000000284e+01
3.579999999999999005e+01,6.413124999999999432e+01
3.583999999999999631e+01,6.440000000000000568e+01
3.588000000000000256e+01,6.436249999999999716e+01
3.592000000000000881e+01,6.432812500000000000e+01
3.595999999999998664e+01,6.436249999999999716e+01
3.599999999999999289e+01,6.419687500000000568e+01
3.603999999999999915e+01,6.440312500000000284e+01
3.608000000000000540e+01,6.423125000000000284e+01
3.612000000000001165e+01,6.444687500000000568e+01
3.615999999999998948e+01,6.418750000000001421e+01
3.619999999999999574e+01,6.436875000000000568e+01
3.624000000000000199e+01,6.435312499999999147e+01
3.628000000000000824e+01,6.396562499999999574e+01
3.631999999999999318e+01,6.434687499999999716e+01
3.635999999999999943e+01,6.430625000000000568e+01
3.640000000000000568e+01,6.435312499999999147e+01
3.644000000000001194e+01,6.427500000000000568e+01
3.647999999999998977e+01,6.436875000000000568e+01
3.651999999999999602e+01,6.426874999999999716e+01
3.656000000000000227e+01,6.426874999999999716e+01
3.660000000000000853e+01,6.420312500000000000e+01
3.663999999999998636e+01,6.421250000000000568e+01
3.667999999999999261e+01,6.430000000000001137e+01
3.671999999999999886e+01,6.418750000000001421e+01
3.676000000000000512e+01,6.414687500000000853e+01
3.680000000000001137e+01,6.407187500000000568e+01
3.683999999999999631e+01,6.419375000000000853e+01
3.688000000000000256e+01,6.433750000000000568e+01
3.692000000000000881e+01,6.415625000000000000e+01
3.696000000000001506e+01,6.417500000000001137e+01
3.699999999999999289e+01,6.396250000000000568e+01
3.703999999999999915e+01,6.418750000000001421e+01
3.708000000000000540e+01,6.418750000000001421e+01
3.712000000000001165e+01,6.404687500000000000e+01
3.715999999999998948e+01,6.420000000000000284e+01
3.719999999999999574e+01,6.412812500000001137e+01
3.724000000000000199e+01,6.415312500000000284e+01
3.728000000000000824e+01,6.429062500000000568e+01
3.731999999999998607e+01,6.418437500000000284e+01
3.735999999999999233e+01,6.435937500000000000e+01
3.739999999999999858e+01,6.418750000000001421e+01
3.744000000000000483e+01,6.402500000000000568e+01
3.747999999999998977e+01,6.416249999999999432e+01
3.751999999999999602e+01,6.426874999999999716e+01
3.756000000000000227e+01,6.372187499999999716e+01
3.760000000000000853e+01,6.396250000000000568e+01
3.764000000000001478e+01,6.406875000000000853e+01
3.767999999999999261e+01,6.411249999999999716e+01
3.771999999999999886e+01,6.392187500000000000e+01
3.776000000000000512e+01,6.396562499999999574e+01
3.780000000000001137e+01,6.410000000000000853e+01
3.783999999999998920e+01,6.404687500000000000e+01
3.787999999999999545e+01,6.432187500000000568e+01
3.792000000000000171e+01,6.411249999999999716e+01
3.796000000000000796e+01,6.429687500000000000e+01
3.799999999999998579e+01,6.423437500000000000e+01
3.803999999999999204e+01,6.431875000000000853e+01
3.807999999999999829e+01,6.418125000000000568e+01
3.812000000000000455e+01,6.421250000000000568e+01
3.815999999999998948e+01,6.408125000000001137e+01
3.819999999999999574e+01,6.409062500000000284e+01
3.824000000000000199e+01,6.418437500000000284e+01
3.828000000000000824e+01,6.414687500000000853e+01
3.832000000000001450e+01,6.404687500000000000e+01
3.835999999999999233e+01,6.422187499999999716e+01
3.839999999999999858e+01,6.398437500000000711e+01
3.844000000000000483e+01,6.402500000000000568e+01
3.848000000000001108e+01,6.397812499999999858e+01
3.851999999999998892e+01,6.380000000000001137e+01
3.855999999999999517e+01,6.423125000000000284e+01
3.860000000000000142e+01,6.410312499999999147e+01
3.864000000000000767e+01,6.411249999999999716e+01
3.867999999999998550e+01,6.424375000000000568e+01
3.871999999999999176e+01,6.419375000000000853e+01
3.876000000000000512e+01,6.415312500000000284e+01
3.880000000000001137e+01,6.405312500000000853e+01
3.883999999999998920e+01,6.409062500000000284e+01
3.887999999999999545e+01,6.410312499999999147e+01
3.892000000000000171e+01,6.407500000000000284e+01
3.896000000000000796e+01,6.401874999999999716e+01
3.900000000000001421e+01,6.410625000000000284e+01
3.903999999999999204e+01,6.383437500000000142e+01
3.907999999999999829e+01,6.400624999999999432e+01
3.912000000000000455e+01,6.399687500000000995e+01
3.916000000000001080e+01,6.389374999999999716e+01
3.919999999999998863e+01,6.394375000000000853e+01
3.923999999999999488e+01,6.360000000000000142e+01
3.928000000000000114e+01,6.395312500000000000e+01
3.932000000000000739e+01,6.388437500000000568e+01
3.935999999999999233e+01,6.408437499999999432e+01
3.939999999999999858e+01,6.408750000000000568e+01
3.944000000000000483e+01,6.378437500000000426e+01
3.948000000000001108e+01,6.378437500000000426e+01
3.951999999999998892e+01,6.388125000000000142e+01
3.955999999999999517e+01,6.382812500000000000e+01
3.960000000000000142e+01,6.367187500000000000e+01
3.964000000000000767e+01,6.391562500000000568e+01
3.968000000000001393e+01,6.380625000000000568e+01
3.971999999999999176e+01,6.389687500000000853e+01
3.975999999999999801e+01,6.386874999999999858e+01
3.980000000000000426e+01,6.367187500000000000e+01
3.984000000000001052e+01,6.386562500000000853e+01
3.987999999999998835e+01,6.394375000000000853e+01
3.991999999999999460e+01,6.416875000000000284e+01
3.996000000000000085e+01,6.383750000000000568e+01
4.000000000000000711e+01,6.378437500000000426e+01
4.003999999999999204e+01,6.400312500000001137e+01
4.007999999999999829e+01,6.371250000000000568e+01
4.012000000000000455e+01,6.405625000000000568e+01
4.016000000000001080e+01,6.368750000000000711e+01
4.019999999999998863e+01,6.367500000000001137e+01
4.023999999999999488e+01,6.372187499999999716e+01
4.028000000000000114e+01,6.388437500000000568e+01
4.032000000000000739e+01,6.388437500000000568e+01
4.036000000000001364e+01,6.396875000000000711e+01
4.039999999999999147e+01,6.381250000000000711e+01
4.043999999999999773e+01,6.405625000000000568e+01
4.048000000000000398e+01,6.369062499999999716e+01
4.052000000000001023e+01,6.374062500000000853e+01
4.055999999999998806e+01,6.384687499999999716e+01
4.059999999999999432e+01,6.374687500000000995e+01
4.064000000000000057e+01,6.382812500000000000e+01
4.068000000000000682e+01,6.382500000000000995e+01
4.071999999999999176e+01,6.381875000000000853e+01
4.075999999999999801e+01,6.387812500000001137e+01
4.080000000000000426e+01,6.377812500000000284e+01
4.084000000000001052e+01,6.376250000000000284e+01
4.087999999999998835e+01,6.364999999999999858e+01
4.091999999999999460e+01,6.377499999999999858e+01
4.096000000000000085e+01,6.365937500000000426e+01
4.100000000000000711e+01,6.395937500000000142e+01
4.104000000000001336e+01,6.358750000000000568e+01
4.107999999999999119e+01,6.372812499999999858e+01
4.111999999999999744e+01,6.364687500000000853e+01
4.116000000000000369e+01,6.392500000000001137e+01
4.120000000000000995e+01,6.367812500000000142e+01
4.123999999999999488e+01,6.359062499999999574e+01
4.128000000000000114e+01,6.363125000000000142e+01
4.132000000000000739e+01,6.382812500000000000e+01
4.136000000000001364e+01,6.381875000000000853e+01
4.139999999999999147e+01,6.370000000000000995e+01
4.143999999999999773e+01,6.390937500000000426e+01
4.148000000000000398e+01,6.398437500000000711e+01
4.152000000000001023e+01,6.364374999999999716e+01
4.155999999999998806e+01,6.361874999999999858e+01
4.159999999999999432e+01,6.390312500000000284e+01
4.164000000000000057e+01,6.369062499999999716e+01
4.168000000000000682e+01,6.389999999999999858e+01
4.171999999999998465e+01,6.364062500000000711e+01
4.175999999999999091e+01,6.394687499999999858e+01
4.179999999999999716e+01,6.366562500000000568e+01
4.184000000000000341e+01,6.369375000000000853e+01
4.188000000000000966e+01,6.371875000000000711e+01
4.191999999999999460e+01,6.390625000000000000e+01
4.196000000000000085e+01,6.390312500000000284e+01
4.200000000000000711e+01,6.376562500000000711e+01
4.204000000000001336e+01,6.411249999999999716e+01
4.207999999999999119e+01,6.385312499999999858e+01
4.211999999999999744e+01,6.347812499999999858e+01
4.216000000000000369e+01,6.366249999999999432e+01
4.220000000000000995e+01,6.365625000000000000e+01
4.223999999999998778e+01,6.363750000000000284e+01
4.227999999999999403e+01,6.382500000000000995e+01
4.232000000000000028e+01,6.404375000000000284e+01
4.236000000000000654e+01,6.368125000000000568e+01
4.239999999999998437e+01,6.365937500000000426e+01
4.243999999999999062e+01,6.359375000000000711e+01
4.247999999999999687e+01,6.382187499999999858e+01
4.252000000000000313e+01,6.355312500000000142e+01
4.256000000000000938e+01,6.351562500000000711e+01
4.259999999999999432e+01,6.364999999999999858e+01
4.264000000000000057e+01,6.373750000000000426e+01
4.268000000000000682e+01,6.366562500000000568e+01
4.272000000000001307e+01,6.389999999999999858e+01
4.275999999999999091e+01,6.346562499999999574e+01
4.279999999999999716e+01,6.370000000000000995e+01
4.284000000000000341e+01,6.355000000000001137e+01
4.288000000000000966e+01,6.379687500000000000e+01
4.291999999999998749e+01,6.373437500000000711e+01
4.295999999999999375e+01,6.357187499999999858e+01
4.300000000000000000e+01,6.341875000000000995e+01
4.304000000000000625e+01,6.360000000000000142e+01
4.307999999999998408e+01,6.358437500000000142e+01
4.311999999999999034e+01,6.375312500000000426e+01
4.315999999999999659e+01,6.389062500000000711e+01
4.320000000000000995e+01,6.362812500000000426e+01
4.324000000000001620e+01,6.346562499999999574e+01
4.327999999999999403e+01,6.355000000000001137e+01
4.332000000000000028e+01,6.346875000000000711e+01
4.336000000000000654e+01,6.345937500000000142e+01
4.340000000000001279e+01,6.353125000000000000e+01
4.343999999999999062e+01,6.363437500000000568e+01
4.347999999999999687e+01,6.376874999999999716e+01
4.352000000000000313e+01,6.357812500000000000e+01
4.356000000000000938e+01,6.355937500000000284e+01
4.359999999999998721e+01,6.374374999999999858e+01
4.363999999999999346e+01,6.369687499999999858e+01
4.367999999999999972e+01,6.345625000000000426e+01
4.372000000000000597e+01,6.355000000000001137e+01
4.375999999999999091e+01,6.348125000000000284e+01
4.379999999999999716e+01,6.382500000000000995e+01
4.384000000000000341e+01,6.366874999999999574e+01
4.388000000000000966e+01,6.360625000000000284e+01
4.392000000000001592e+01,6.370937500000000142e+01
4.395999999999999375e+01,6.355000000000001137e+01
4.400000000000000000e+01,6.374687500000000995e+01
4.404000000000000625e+01,6.355312500000000142e+01
4.408000000000001251e+01,6.354375000000000995e+01
4.411999999999999034e+01,6.342500000000001137e+01
4.415999999999999659e+01,6.342500000000001137e+01
4.420000000000000284e+01,6.353125000000000000e+01
4.424000000000000909e+01,6.359062499999999574e+01
4.427999999999998693e+01,6.360625000000000284e+01
4.431999999999999318e+01,6.334687499999999716e+01
4.435999999999999943e+01,6.364999999999999858e+01
4.440000000000000568e+01,6.355312500000000142e+01
4.443999999999999062e+01,6.341249999999999432e+01
4.447999999999999687e+01,6.315937500000000426e+01
4.452000000000000313e+01,6.353437500000000426e+01
4.456000000000000938e+01,6.329062500000000568e+01
4.460000000000001563e+01,6.342187500000000000e+01
4.463999999999999346e+01,6.360625000000000284e+01
4.467999999999999972e+01,6.347187499999999716e+01
4.472000000000000597e+01,6.351874999999999716e+01
4.476000000000001222e+01,6.347187499999999716e+01
4.479999999999999005e+01,6.334687499999999716e+01
4.483999999999999631e+01,6.340937500000000426e+01
4.488000000000000256e+01,6.314374999999999716e+01
4.492000000000000881e+01,6.350312500000000426e+01
4.495999999999998664e+01,6.340937500000000426e+01
4.499999999999999289e+01,6.355000000000001137e+01
4.503999999999999915e+01,6.359062499999999574e+01
4.508000000000000540e+01,6.368750000000000711e+01
4.511999999999999034e+01,6.331562499999999716e+01
4.515999999999999659e+01,6.339062500000000711e+01
4.520000000000000284e+01,6.355625000000000568e+01
4.524000000000000909e+01,6.360312499999999858e+01
4.528000000000001535e+01,6.351562500000000711e+01
4.531999999999999318e+01,6.369375000000000853e+01
4.535999999999999943e+01,6.326562500000000711e+01
4.540000000000000568e+01,6.332500000000000284e+01
4.544000000000001194e+01,6.328749999999999432e+01
4.547999999999998977e+01,6.319062499999999716e+01
4.551999999999999602e+01,6.323750000000000426e+01
4.556000000000000227e+01,6.324687500000000995e+01
4.560000000000000853e+01,6.347187499999999716e+01
4.563999999999999346e+01,6.332812500000000000e+01
4.567999999999999972e+01,6.339374999999999716e+01
4.572000000000000597e+01,6.341249999999999432e+01
4.576000000000001222e+01,6.350312500000000426e+01
4.579999999999999005e+01,6.335937500000000711e+01
4.583999999999999631e+01,6.340312500000000284e+01
4.588000000000000256e+01,6.338437500000000568e+01
4.592000000000000881e+01,6.342187500000000000e+01
4.596000000000001506e+01,6.334375000000000711e+01
4.599999999999999289e+01,6.328749999999999432e+01
4.603999999999999915e+01,6.355937500000000284e+01
4.608000000000000540e+01,6.346250000000000568e+01
4.612000000000001165e+01,6.348125000000000284e+01
4.615999999999998948e+01,6.344687499999999858e+01
4.619999999999999574e+01,6.345312500000000000e+01
4.624000000000000199e+01,6.329687500000000000e+01
4.628000000000000824e+01,6.319375000000000853e+01
4.631999999999999318e+01,6.336874999999999858e+01
4.635999999999999943e+01,6.329687500000000000e+01
4.640000000000000568e+01,6.333750000000000568e+01
4.644000000000001194e+01,6.340312500000000284e+01
4.647999999999998977e+01,6.308750000000000568e+01
4.651999999999999602e+01,6.348750000000000426e+01
4.656000000000000227e+01,6.340937500000000426e+01
4.660000000000000853e+01,6.345625000000000426e+01
4.663999999999998636e+01,6.325312500000000426e+01
4.667999999999999261e+01,6.315312500000000284e+01
4.671999999999999886e+01,6.353125000000000000e+01
4.676000000000000512e+01,6.370000000000000995e+01
4.680000000000001137e+01,6.340312500000000284e+01
4.683999999999998920e+01,6.305937500000000284e+01
4.687999999999999545e+01,6.349374999999999858e+01
4.692000000000000171e+01,6.330000000000001137e+01
4.696000000000000796e+01,6.309375000000000711e+01
4.699999999999999289e+01,6.348437500000000711e+01
4.703999999999999915e+01,6.322812499999999858e+01
4.708000000000000540e+01,6.298750000000000426e+01
4.712000000000001165e+01,6.308750000000000568e+01
4.715999999999998948e+01,6.322500000000000142e+01
4.719999999999999574e+01,6.327187500000000853e+01
4.724000000000000199e+01,6.317500000000001137e+01
4.728000000000000824e+01,6.257500000000000284e+01
4.731999999999998607e+01,6.299374999999999858e+01
4.735999999999999233e+01,6.337187500000000995e+01
4.739999999999999858e+01,6.325312500000000426e+01
4.744000000000000483e+01,6.329375000000000995e+01
4.748000000000001108e+01,6.305000000000001137e+01
4.751999999999998892e+01,6.307500000000000284e+01
4.755999999999999517e+01,6.295312500000000000e+01
4.760000000000000853e+01,6.333437500000000142e+01
4.764000000000001478e+01,6.314062500000000711e+01
4.767999999999999261e+01,6.312187500000000995e+01
4.771999999999999886e+01,6.344062499999999716e+01
4.776000000000000512e+01,6.310312500000001279e+01
4.780000000000001137e+01,6.319687499999999858e+01
4.783999999999998920e+01,6.329062500000000568e+01
4.787999999999999545e+01,6.304687500000000000e+01
4.792000000000000171e+01,6.341249999999999432e+01
4.796000000000000796e+01,6.305312500000000142e+01
4.799999999999998579e+01,6.312812500000000426e+01
4.803999999999999204e+01,6.345625000000000426e+01
4.807999999999999829e+01,6.340937500000000426e+01
4.812000000000000455e+01,6.319062499999999716e+01
4.816000000000001080e+01,6.300000000000000000e+01
4.819999999999999574e+01,6.306875000000000853e+01
4.824000000000000199e+01,6.290312500000000284e+01
4.828000000000000824e+01,6.306562499999999716e+01
4.832000000000001450e+01,6.307187499999999858e+01
4.835999999999999233e+01,6.314999999999999858e+01
4.839999999999999858e+01,6.289687500000000142e+01
4.844000000000000483e+01,6.318125000000000568e+01
4.848000000000001108e+01,6.300312500000000426e+01
4.851999999999998892e+01,6.291875000000000995e+01
4.855999999999999517e+01,6.329375000000000995e+01
4.860000000000000142e+01,6.299062500000000853e+01
4.864000000000000767e+01,6.300625000000000142e+01
4.867999999999998550e+01,6.326874999999999716e+01
4.871999999999999176e+01,6.301562500000000711e+01
4.875999999999999801e+01,6.318125000000000568e+01
4.880000000000000426e+01,6.313437500000000568e+01
4.884000000000001052e+01,6.305625000000000568e+01
4.887999999999999545e+01,6.294375000000000853e+01
4.892000000000000171e+01,6.318437500000000284e+01
4.896000000000000796e+01,6.316249999999999432e+01
4.900000000000001421e+01,6.289687500000000142e+01
4.903999999999999204e+01,6.292812500000000142e+01
4.907999999999999829e+01,6.305625000000000568e+01
4.912000000000000455e+01,6.302812500000000284e+01
4.916000000000001080e+01,6.316249999999999432e+01
4.919999999999998863e+01,6.306250000000000711e+01
4.923999999999999488e+01,6.287500000000000000e+01
4.928000000000000114e+01,6.290937500000000426e+01
4.932000000000000739e+01,6.314062500000000711e+01
4.935999999999998522e+01,6.297812500000001279e+01
4.939999999999999147e+01,6.270625000000000426e+01
4.943999999999999773e+01,6.272812500000001279e+01
4.948000000000000398e+01,6.298437500000000711e+01
4.952000000000001023e+01,6.289687500000000142e+01
4.955999999999999517e+01,6.299374999999999858e+01
4.960000000000000142e+01,6.263749999999999574e+01
4.964000000000000767e+01,6.294687499999999858e+01
4.968000000000001393e+01,6.305000000000001137e+01
4.971999999999999176e+01,6.287812500000000426e+01
4.975999999999999801e+01,6.286250000000000426e+01
4.980000000000000426e+01,6.289062500000000711e+01
4.984000000000001052e+01,6.290937500000000426e+01
4.987999999999998835e+01,6.306250000000000711e+01
4.991999999999999460e+01,6.282812500000000000e+01
4.996000000000000085e+01,6.288437500000000568e+01
5.000000000000000711e+01,6.307812500000000000e+01
5.003999999999998494e+01,6.280312500000000142e+01
5.007999999999999829e+01,6.310312500000001279e+01
5.012000000000000455e+01,6.298125000000000284e+01
5.016000000000001080e+01,6.295312500000000000e+01
5.020000000000001705e+01,6.302499999999999858e+01
5.023999999999999488e+01,6.285312500000001279e+01
5.028000000000000114e+01,6.283750000000000568e+01
5.032000000000000739e+01,6.312812500000000426e+01
5.036000000000001364e+01,6.281875000000000853e+01
5.039999999999999147e+01,6.301249999999999574e+01
5.043999999999999773e+01,6.299374999999999858e+01
5.048000000000000398e+01,6.314999999999999858e+01
5.052000000000001023e+01,6.333437500000000142e+01
5.055999999999998806e+01,6.328125000000000000e+01
5.059999999999999432e+01,6.312187500000000995e+01
5.064000000000000057e+01,6.274062500000000853e+01
5.068000000000000682e+01,6.281562499999999716e+01
5.071999999999999176e+01,6.284375000000000711e+01
5.075999999999999801e+01,6.275000000000000000e+01
5.080000000000000426e+01,6.274062500000000853e+01
5.084000000000001052e+01,6.295312500000000000e+01
5.087999999999998835e+01,6.292500000000001137e+01
5.091999999999999460e+01,6.300625000000000142e+01
5.096000000000000085e+01,6.300625000000000142e+01
5.100000000000000711e+01,6.282187499999999858e+01
5.104000000000001336e+01,6.295312500000000000e+01
5.107999999999999119e+01,6.288437500000000568e+01
5.111999999999999744e+01,6.285937500000000711e+01
5.116000000000000369e+01,6.295000000000000284e+01
5.120000000000000995e+01,6.305000000000001137e+01
5.123999999999998778e+01,6.296875000000000711e+01
5.127999999999999403e+01,6.306250000000000711e+01
5.132000000000000028e+01,6.305625000000000568e+01
5.136000000000000654e+01,6.301249999999999574e+01
5.139999999999999147e+01,6.286562500000000853e+01
5.143999999999999773e+01,6.283750000000000568e+01
5.148000000000000398e+01,6.277812500000000284e+01
5.152000000000001023e+01,6.296250000000000568e+01
5.155999999999998806e+01,6.281875000000000853e+01
5.159999999999999432e+01,6.307500000000000284e+01
5.164000000000000057e+01,6.288125000000000142e+01
5.168000000000000682e+01,6.271562499999999574e+01
5.172000000000001307e+01,6.276562500000000711e+01
5.175999999999999091e+01,6.288125000000000142e+01
5.179999999999999716e+01,6.286250000000000426e+01
5.184000000000000341e+01,6.287187500000000995e+01
5.188000000000000966e+01,6.284375000000000711e+01
5.191999999999998749e+01,6.271250000000000568e+01
5.195999999999999375e+01,6.270625000000000426e+01
5.200000000000000711e+01,6.295625000000000426e+01
5.204000000000001336e+01,6.275937500000000568e+01
5.207999999999999119e+01,6.271875000000000711e+01
5.211999999999999744e+01,6.267187500000000000e+01
5.216000000000000369e+01,6.281562499999999716e+01
5.220000000000000995e+01,6.284375000000000711e+01
5.223999999999998778e+01,6.295625000000000426e+01
5.227999999999999403e+01,6.275625000000000142e+01
5.232000000000000028e+01,6.275000000000000000e+01
5.236000000000000654e+01,6.268437500000000284e+01
5.240000000000001279e+01,6.280000000000001137e+01
5.243999999999999062e+01,6.265312500000000284e+01
5.247999999999999687e+01,6.274374999999999858e+01
5.252000000000000313e+01,6.270000000000000284e+01
5.256000000000000938e+01,6.253125000000000000e+01
5.259999999999999432e+01,6.269062499999999716e+01
5.264000000000000057e+01,6.275312500000000426e+01
5.268000000000000682e+01,6.279375000000000995e+01
5.272000000000001307e+01,6.258125000000000426e+01
5.275999999999999091e+01,6.255937500000000284e+01
5.279999999999999716e+01,6.266562500000000568e+01
5.284000000000000341e+01,6.283125000000000426e+01
5.288000000000000966e+01,6.272187499999999716e+01
5.291999999999998749e+01,6.275625000000000142e+01
5.295999999999999375e+01,6.273750000000000426e+01
5.300000000000000000e+01,6.276874999999999716e+01
5.304000000000000625e+01,6.277187500000000142e+01
5.308000000000001251e+01,6.292812500000000142e+01
5.311999999999999034e+01,6.267187500000000000e+01
5.315999999999999659e+01,6.267812500000000142e+01
5.320000000000000284e+01,6.276562500000000711e+01
5.324000000000000909e+01,6.302187500000000853e+01
5.327999999999999403e+01,6.277187500000000142e+01
5.332000000000000028e+01,6.271562499999999574e+01
5.336000000000000654e+01,6.274374999999999858e+01
5.340000000000001279e+01,6.273125000000000284e+01
5.343999999999999062e+01,6.258437499999999432e+01
5.347999999999999687e+01,6.266562500000000568e+01
5.352000000000000313e+01,6.253437500000000426e+01
5.356000000000000938e+01,6.256562499999999716e+01
5.359999999999998721e+01,6.257500000000000284e+01
5.363999999999999346e+01,6.244062499999999716e+01
5.367999999999999972e+01,6.284062499999999574e+01
5.372000000000000597e+01,6.270312500000000000e+01
5.376000000000001222e+01,6.272500000000000142e+01
5.379999999999999005e+01,6.250312500000000426e+01
5.383999999999999631e+01,6.283125000000000426e+01
5.388000000000000256e+01,6.253437500000000426e+01
5.392000000000000881e+01,6.253125000000000000e+01
5.395999999999999375e+01,6.257500000000000284e+01
5.400000000000000000e+01,6.253125000000000000e+01
5.404000000000000625e+01,6.251249999999999574e+01
5.408000000000001251e+01,6.285937500000000711e+01
5.411999999999999034e+01,6.256562499999999716e+01
5.415999999999999659e+01,6.260937500000000711e+01
5.420000000000000284e+01,6.255312500000000142e+01
5.424000000000000909e+01,6.246875000000000000e+01
5.427999999999998693e+01,6.233750000000000568e+01
5.431999999999999318e+01,6.240000000000000568e+01
5.435999999999999943e+01,6.234687500000000426e+01
5.440000000000000568e+01,6.253750000000000853e+01
5.444000000000001194e+01,6.261874999999999858e+01
5.447999999999999687e+01,6.270625000000000426e+01
5.452000000000000313e+01,6.272500000000000142e+01
5.456000000000000938e+01,6.262812500000000426e+01
5.460000000000001563e+01,6.259687499999999716e+01
5.463999999999999346e+01,6.258125000000000426e+01
5.467999999999999972e+01,6.237187500000000284e+01
5.472000000000000597e+01,6.243750000000000000e+01
5.476000000000001222e+01,6.225312500000000426e+01
5.479999999999999005e+01,6.242500000000000426e+01
5.483999999999999631e+01,6.253437500000000426e+01
5.488000000000000256e+01,6.227187500000000142e+01
5.492000000000000881e+01,6.245937500000000142e+01
5.495999999999998664e+01,6.235312500000000568e+01
5.499999999999999289e+01,6.220000000000000284e+01
5.503999999999999915e+01,6.234062500000000284e+01
5.508000000000000540e+01,6.227500000000000568e+01
5.511999999999999034e+01,6.230312500000000142e+01
5.515999999999999659e+01,6.231250000000000000e+01
5.520000000000000284e+01,6.224374999999999858e+01
5.524000000000000909e+01,6.237187500000000284e+01
5.528000000000001535e+01,6.226562500000000711e+01
5.531999999999999318e+01,6.214687500000000142e+01
5.535999999999999943e+01,6.217500000000000426e+01
5.540000000000000568e+01,6.223750000000000426e+01
5.544000000000001194e+01,6.229375000000000284e+01
5.547999999999998977e+01,6.217187500000000000e+01
5.551999999999999602e+01,6.241250000000000142e+01
5.556000000000000227e+01,6.221562500000000284e+01
5.560000000000000853e+01,6.214375000000000426e+01
5.563999999999998636e+01,6.220937500000000142e+01
5.567999999999999261e+01,6.223125000000000284e+01
5.571999999999999886e+01,6.260000000000000142e+01
5.576000000000000512e+01,6.241875000000000284e+01
5.579999999999999005e+01,6.220312500000000711e+01
5.583999999999999631e+01,6.235000000000000142e+01
5.588000000000000256e+01,6.237500000000000000e+01
5.592000000000000881e+01,6.211562500000000142e+01
5.596000000000001506e+01,6.222500000000000142e+01
5.599999999999999289e+01,6.229062500000000568e+01
5.603999999999999915e+01,6.203125000000000000e+01
5.608000000000000540e+01,6.209062500000000284e+01
5.612000000000001165e+01,6.224062500000000142e+01
5.615999999999998948e+01,6.239062500000000711e+01
5.619999999999999574e+01,6.209687500000000426e+01
5.624000000000000199e+01,6.230000000000000426e+01
5.628000000000000824e+01,6.218750000000000000e+01
5.631999999999998607e+01,6.214687500000000142e+01
5.635999999999999233e+01,6.200000000000000000e+01
5.639999999999999858e+01,6.212500000000000000e+01
5.644000000000001194e+01,6.219062500000000426e+01
5.647999999999998977e+01,6.232812500000000711e+01
5.651999999999999602e+01,6.204062499999999858e+01
5.656000000000000227e+01,6.182812500000000711e+01
5.660000000000000853e+01,6.220312500000000711e+01
5.664000000000001478e+01,6.207500000000000284e+01
5.667999999999999261e+01,6.205624999999999858e+01
5.671999999999999886e+01,6.215625000000000000e+01
5.676000000000000512e+01,6.225625000000000853e+01
5.680000000000001137e+01,6.221250000000000568e+01
5.683999999999998920e+01,6.226875000000000426e+01
5.687999999999999545e+01,6.211562500000000142e+01
5.692000000000000171e+01,6.196562500000000284e+01
5.696000000000000796e+01,6.199687500000000284e+01
5.699999999999999289e+01,6.194375000000000853e+01
5.703999999999999915e+01,6.183750000000000568e+01
5.708000000000000540e+01,6.211250000000000426e+01
5.712000000000001165e+01,6.203750000000000142e+01
5.715999999999998948e+01,6.207812500000000711e+01
5.719999999999999574e+01,6.215625000000000000e+01
5.724000000000000199e+01,6.210937500000000000e+01
5.728000000000000824e+01,6.225625000000000853e+01
5.732000000000001450e+01,6.213750000000000284e+01
5.735999999999999233e+01,6.211250000000000426e+01
5.739999999999999858e+01,6.186874999999999858e+01
5.744000000000000483e+01,6.216875000000000284e+01
5.748000000000001108e+01,6.214375000000000426e+01
5.751999999999998892e+01,6.200937500000000568e+01
5.755999999999999517e+01,6.193437500000000284e+01
5.760000000000000142e+01,6.201562500000000711e+01
5.764000000000000767e+01,6.189687500000000142e+01
5.767999999999999261e+01,6.216562500000000568e+01
5.771999999999999886e+01,6.206875000000000853e+01
5.776000000000000512e+01,6.182812500000000711e+01
5.780000000000001137e+01,6.226875000000000426e+01
5.783999999999998920e+01,6.183750000000000568e+01
5.787999999999999545e+01,6.195312500000000711e+01
5.792000000000000171e+01,6.176562500000000711e+01
5.796000000000000796e+01,6.199687500000000284e+01
5.800000000000001421e+01,6.213125000000000853e+01
5.803999999999999204e+01,6.221250000000000568e+01
5.807999999999999829e+01,6.207187500000000568e+01
5.812000000000000455e+01,6.223750000000000426e+01
5.816000000000001080e+01,6.194687500000000568e+01
5.819999999999998863e+01,6.181875000000000853e+01
5.823999999999999488e+01,6.195937500000000142e+01
5.828000000000000114e+01,6.161562500000000142e+01
5.832000000000000739e+01,6.208125000000000426e+01
5.835999999999999233e+01,6.206875000000000853e+01
5.839999999999999858e+01,6.216875000000000284e+01
5.844000000000000483e+01,6.187500000000000711e+01
5.848000000000001108e+01,6.214375000000000426e+01
5.851999999999998892e+01,6.180000000000000426e+01
5.855999999999999517e+01,6.170000000000000284e+01
5.860000000000000142e+01,6.195937500000000142e+01
5.864000000000000767e+01,6.187812500000000426e+01
5.868000000000001393e+01,6.194687500000000568e+01
5.871999999999999176e+01,6.177500000000000568e+01
5.875999999999999801e+01,6.208125000000000426e+01
5.880000000000000426e+01,6.182500000000000284e+01
5.884000000000001052e+01,6.186250000000000426e+01
5.887999999999999545e+01,6.174062500000000142e+01
5.892000000000000171e+01,6.183437500000000142e+01
5.896000000000000796e+01,6.188750000000000284e+01
5.900000000000001421e+01,6.185000000000000142e+01
5.903999999999999204e+01,6.176562500000000711e+01
5.907999999999999829e+01,6.183437500000000142e+01
5.912000000000000455e+01,6.176562500000000711e+01
5.916000000000001080e+01,6.190625000000000000e+01
5.919999999999998863e+01,6.213125000000000853e+01
5.923999999999999488e+01,6.189375000000000426e+01
5.928000000000000114e+01,6.208125000000000426e+01
5.932000000000000739e+01,6.204062499999999858e+01
5.935999999999998522e+01,6.206562500000000426e+01
5.939999999999999147e+01,6.189062500000000711e+01
5.943999999999999773e+01,6.198750000000000426e+01
5.948000000000000398e+01,6.173749999999999716e+01
5.952000000000001023e+01,6.175312500000000426e+01
5.955999999999999517e+01,6.181250000000000711e+01
5.960000000000000142e+01,6.186562500000000142e+01
5.964000000000000767e+01,6.208750000000000568e+01
5.968000000000001393e+01,6.175312500000000426e+01
5.971999999999999176e+01,6.183125000000000426e+01
5.975999999999999801e+01,6.171562500000000284e+01
5.980000000000000426e+01,6.180000000000000426e+01
5.984000000000001052e+01,6.172187500000000426e+01
5.987999999999998835e+01,6.186250000000000426e+01
5.991999999999999460e+01,6.175625000000000853e+01
5.996000000000000085e+01,6.153125000000000000e+01
6.000000000000000711e+01,6.170312500000000711e+01
6.003999999999998494e+01,6.171250000000000568e+01
6.007999999999999119e+01,6.167499999999999716e+01
6.011999999999999744e+01,6.172187500000000426e+01
6.016000000000000369e+01,6.159375000000000000e+01
6.020000000000000995e+01,6.192812500000000142e+01
6.023999999999999488e+01,6.172812499999999858e+01
6.028000000000000114e+01,6.173125000000000284e+01
6.032000000000000739e+01,6.180312500000000142e+01
6.036000000000001364e+01,6.167499999999999716e+01
6.039999999999999147e+01,6.170625000000000426e+01
6.043999999999999773e+01,6.162187500000000284e+01
6.048000000000000398e+01,6.168437500000000284e+01
6.052000000000001023e+01,6.169375000000000853e+01
6.055999999999998806e+01,6.184375000000000000e+01
6.059999999999999432e+01,6.190312500000000284e+01
6.064000000000000057e+01,6.190625000000000000e+01
6.068000000000000682e+01,6.155312500000000142e+01
6.071999999999998465e+01,6.185937500000000000e+01
6.075999999999999091e+01,6.190000000000000568e+01
6.079999999999999716e+01,6.168437500000000284e+01
6.084000000000001052e+01,6.171562500000000284e+01
6.088000000000001677e+01,6.164687500000000142e+01
6.091999999999999460e+01,6.162187500000000284e+01
6.096000000000000085e+01,6.171562500000000284e+01
6.100000000000000711e+01,6.164062500000000711e+01
6.104000000000001336e+01,6.185937500000000000e+01
6.107999999999999119e+01,6.187187500000000284e+01
6.111999999999999744e+01,6.154687500000000000e+01
6.116000000000000369e+01,6.165937500000000426e+01
6.120000000000000995e+01,6.162812500000000426e+01
6.123999999999998778e+01,6.137500000000000711e+01
6.127999999999999403e+01,6.150937500000000568e+01
6.132000000000000028e+01,6.170625000000000426e+01
6.136000000000000654e+01,6.145625000000000426e+01
6.139999999999999147e+01,6.161562500000000142e+01
6.143999999999999773e+01,6.168750000000000711e+01
6.148000000000000398e+01,6.148437500000000000e+01
6.152000000000001023e+01,6.181562500000000426e+01
6.156000000000001648e+01,6.129062499999999858e+01
6.159999999999999432e+01,6.141875000000000284e+01
6.164000000000000057e+01,6.163125000000000853e+01
6.168000000000000682e+01,6.135000000000000142e+01
6.172000000000001307e+01,6.140625000000000000e+01
6.175999999999999091e+01,6.160312499999999858e+01
6.179999999999999716e+01,6.154687500000000000e+01
6.184000000000000341e+01,6.159062500000000284e+01
6.188000000000000966e+01,6.143124999999999858e+01
6.191999999999998749e+01,6.157500000000000284e+01
6.195999999999999375e+01,6.162187500000000284e+01
6.200000000000000000e+01,6.151562500000000711e+01
6.204000000000000625e+01,6.151562500000000711e+01
6.207999999999999119e+01,6.138750000000000284e+01
6.211999999999999744e+01,6.170937500000000142e+01
6.216000000000000369e+01,6.149687500000000284e+01
6.220000000000000995e+01,6.154687500000000000e+01
6.224000000000001620e+01,6.150937500000000568e+01
6.227999999999999403e+01,6.162500000000000711e+01
6.232000000000000028e+01,6.154687500000000000e+01
6.236000000000000654e+01,6.141562499999999858e+01
6.240000000000001279e+01,6.135937500000000000e+01
6.243999999999999062e+01,6.141250000000000142e+01
6.247999999999999687e+01,6.159375000000000000e+01
6.252000000000000313e+01,6.116250000000000142e+01
6.256000000000000938e+01,6.135312499999999858e+01
6.259999999999998721e+01,6.165000000000000568e+01
6.263999999999999346e+01,6.157500000000000284e+01
6.267999999999999972e+01,6.154062499999999858e+01
6.272000000000000597e+01,6.152500000000000568e+01
6.275999999999999091e+01,6.144375000000000853e+01
6.279999999999999716e+01,6.123749999999999716e+01
6.284000000000000341e+01,6.156250000000000711e+01
6.288000000000000966e+01,6.136874999999999858e+01
6.292000000000001592e+01,6.128750000000000142e+01
6.295999999999999375e+01,6.124062500000000142e+01
6.300000000000000000e+01,6.118124999999999858e+01
6.304000000000000625e+01,6.148125000000000284e+01
6.308000000000001251e+01,6.140625000000000000e+01
6.311999999999999034e+01,6.129999999999999716e+01
6.315999999999999659e+01,6.127812500000000284e+01
6.320000000000000284e+01,6.142499999999999716e+01
6.324000000000000909e+01,6.138750000000000284e+01
6.327999999999998693e+01,6.129375000000000284e+01
6.332000000000000028e+01,6.120000000000000284e+01
6.336000000000000654e+01,6.126562500000000711e+01
6.340000000000001279e+01,6.115625000000000000e+01
6.343999999999999062e+01,6.148749999999999716e+01
6.347999999999999687e+01,6.120937500000000142e+01
6.352000000000000313e+01,6.113750000000000284e+01
6.356000000000000938e+01,6.141875000000000284e+01
6.359999999999998721e+01,6.121250000000000568e+01
6.363999999999999346e+01,6.121562500000000284e+01
6.367999999999999972e+01,6.120312500000000711e+01
6.372000000000000597e+01,6.116562499999999858e+01
6.376000000000001222e+01,6.123437500000000000e+01
6.379999999999999005e+01,6.134687500000000426e+01
6.383999999999999631e+01,6.129687500000000000e+01
6.388000000000000256e+01,6.144375000000000853e+01
6.392000000000000881e+01,6.139062500000000711e+01
6.395999999999999375e+01,6.098437500000000000e+01
6.400000000000000000e+01,6.115312500000000284e+01
6.404000000000000625e+01,6.137187500000000284e+01
6.408000000000001251e+01,6.141562499999999858e+01
6.411999999999999034e+01,6.120000000000000284e+01
6.415999999999999659e+01,6.102187500000000142e+01
6.420000000000000284e+01,6.123749999999999716e+01
6.424000000000000909e+01,6.109687500000000426e+01
6.427999999999998693e+01,6.134687500000000426e+01
6.431999999999999318e+01,6.115000000000000568e+01
6.435999999999999943e+01,6.127500000000000568e+01
6.440000000000000568e+01,6.107500000000000284e+01
6.444000000000001194e+01,6.123749999999999716e+01
6.447999999999998977e+01,6.126250000000000284e+01
6.451999999999999602e+01,6.117812500000000142e+01
6.456000000000000227e+01,6.116562499999999858e+01
6.460000000000000853e+01,6.092812500000000142e+01
6.463999999999998636e+01,6.113437500000000568e+01
6.467999999999999261e+01,6.115937500000000426e+01
6.471999999999999886e+01,6.114062500000000711e+01
6.476000000000000512e+01,6.120312500000000711e+01
6.479999999999998295e+01,6.095312500000000711e+01
6.483999999999998920e+01,6.123125000000000284e+01
6.487999999999999545e+01,6.122187500000000426e+01
6.492000000000000171e+01,6.107500000000000284e+01
6.495999999999999375e+01,6.120000000000000284e+01
6.500000000000000000e+01,6.104062499999999858e+01
6.504000000000000625e+01,6.087187500000000284e+01
6.508000000000001251e+01,6.097500000000000142e+01
6.512000000000001876e+01,6.105625000000000568e+01
6.515999999999999659e+01,6.108437500000000142e+01
6.520000000000000284e+01,6.113750000000000284e+01
6.524000000000000909e+01,6.111249999999999716e+01
6.528000000000001535e+01,6.097187500000000426e+01
6.531999999999999318e+01,6.127500000000000568e+01
6.535999999999999943e+01,6.132187500000000568e+01
6.540000000000000568e+01,6.126875000000000426e+01
6.544000000000001194e+01,6.114687500000000142e+01
6.547999999999998977e+01,6.102812500000000284e+01
6.551999999999999602e+01,6.108437500000000142e+01
6.556000000000000227e+01,6.104999999999999716e+01
6.560000000000000853e+01,6.108750000000000568e+01
6.563999999999998636e+01,6.092812500000000142e+01
6.567999999999999261e+01,6.098125000000000284e+01
6.571999999999999886e+01,6.104687500000000000e+01
6.576000000000000512e+01,6.090625000000000000e+01
6.580000000000001137e+01,6.106250000000000711e+01
6.583999999999998920e+01,6.104375000000000284e+01
6.587999999999999545e+01,6.096250000000000568e+01
6.592000000000000171e+01,6.133437500000000142e+01
6.596000000000000796e+01,6.108750000000000568e+01
6.599999999999998579e+01,6.101562500000000711e+01
6.603999999999999204e+01,6.111874999999999858e+01
6.607999999999999829e+01,6.101562500000000711e+01
6.612000000000000455e+01,6.098125000000000284e+01
6.615999999999999659e+01,6.124687500000000284e+01
6.620000000000000284e+01,6.089375000000000426e+01
6.624000000000000909e+01,6.099062500000000142e+01
6.628000000000001535e+01,6.120625000000000426e+01
6.631999999999999318e+01,6.110000000000000142e+01
6.635999999999999943e+01,6.113437500000000568e+01
6.640000000000000568e+01,6.113125000000000853e+01
6.644000000000001194e+01,6.090625000000000000e+01
6.648000000000001819e+01,6.101875000000000426e+01
6.651999999999999602e+01,6.110937500000000000e+01
6.656000000000000227e+01,6.097500000000000142e+01
6.660000000000000853e+01,6.081562500000000426e+01
6.664000000000001478e+01,6.078750000000000142e+01
6.667999999999999261e+01,6.105312500000000142e+01
6.671999999999999886e+01,6.085312499999999858e+01
6.676000000000000512e+01,6.069375000000000142e+01
6.680000000000001137e+01,6.098749999999999716e+01
6.683999999999998920e+01,6.094687500000000568e+01
6.687999999999999545e+01,6.114687500000000142e+01
6.692000000000000171e+01,6.072187500000000426e+01
6.696000000000000796e+01,6.094687500000000568e+01
6.699999999999998579e+01,6.090000000000000568e+01
6.703999999999999204e+01,6.091562499999999858e+01
6.707999999999999829e+01,6.104999999999999716e+01
6.712000000000000455e+01,6.087500000000000711e+01
6.716000000000001080e+01,6.119687500000000568e+01
6.719999999999998863e+01,6.104687500000000000e+01
6.723999999999999488e+01,6.101250000000000284e+01
6.728000000000000114e+01,6.073749999999999716e+01
6.732000000000000739e+01,6.070625000000000426e+01
6.735999999999998522e+01,6.083125000000000426e+01
6.739999999999999147e+01,6.075937500000000568e+01
6.743999999999999773e+01,6.078437500000000426e+01
6.748000000000001819e+01,6.122187500000000426e+01
6.751999999999999602e+01,6.094687500000000568e+01
6.756000000000000227e+01,6.128125000000000000e+01
6.760000000000000853e+01,6.091250000000000142e+01
6.764000000000001478e+01,6.083125000000000426e+01
6.767999999999999261e+01,6.078125000000000000e+01
6.771999999999999886e+01,6.072187500000000426e+01
6.776000000000000512e+01,6.070312500000000711e+01
6.780000000000001137e+01,6.098749999999999716e+01
6.783999999999998920e+01,6.100312500000000426e+01
6.787999999999999545e+01,6.092499999999999716e+01
6.792000000000000171e+01,6.108750000000000568e+01
6.796000000000000796e+01,6.100312500000000426e+01
6.800000000000001421e+01,6.095000000000000284e+01
6.803999999999999204e+01,6.090625000000000000e+01
6.807999999999999829e+01,6.085937500000000000e+01
6.812000000000000455e+01,6.080312500000000142e+01
6.816000000000001080e+01,6.100625000000000142e+01
6.819999999999998863e+01,6.110000000000000142e+01
6.823999999999999488e+01,6.079062499999999858e+01
6.828000000000000114e+01,6.080312500000000142e+01
6.832000000000000739e+01,6.071875000000000000e+01
6.835999999999998522e+01,6.064687500000000142e+01
6.839999999999999147e+01,6.041562499999999858e+01
6.843999999999999773e+01,6.076875000000000426e+01
6.848000000000000398e+01,6.075312500000000426e+01
6.851999999999998181e+01,6.070625000000000426e+01
6.855999999999998806e+01,6.082812500000000711e+01
6.859999999999999432e+01,6.088437500000000568e+01
6.864000000000000057e+01,6.071875000000000000e+01
6.868000000000000682e+01,6.086562500000000142e+01
6.871999999999999886e+01,6.088437500000000568e+01
6.876000000000000512e+01,6.097812499999999858e+01
6.880000000000001137e+01,6.078125000000000000e+01
6.884000000000001762e+01,6.077187500000000142e+01
6.887999999999999545e+01,6.068750000000000711e+01
6.892000000000000171e+01,6.078437500000000426e+01
6.896000000000000796e+01,6.077187500000000142e+01
6.900000000000001421e+01,6.090312500000000284e+01
6.903999999999999204e+01,6.091875000000000284e+01
6.907999999999999829e+01,6.083750000000000568e+01
6.912000000000000455e+01,6.066875000000000284e+01
6.916000000000001080e+01,6.077500000000000568e+01
6.919999999999998863e+01,6.068437500000000284e+01
6.923999999999999488e+01,6.077187500000000142e+01
6.928000000000000114e+01,6.081875000000000142e+01
6.932000000000000739e+01,6.060937500000000000e+01
6.936000000000001364e+01,6.073749999999999716e+01
6.939999999999999147e+01,6.064375000000000426e+01
6.943999999999999773e+01,6.040937500000000426e+01
6.948000000000000398e+01,6.079062499999999858e+01
6.952000000000001023e+01,6.075000000000000711e+01
6.955999999999998806e+01,6.098125000000000284e+01
6.959999999999999432e+01,6.062812500000000426e+01
6.964000000000000057e+01,6.067499999999999716e+01
6.968000000000000682e+01,6.085000000000000142e+01
6.971999999999998465e+01,6.057812500000000000e+01
6.975999999999999091e+01,6.068437500000000284e+01
6.979999999999999716e+01,6.088437500000000568e+01
6.984000000000000341e+01,6.069375000000000142e+01
6.987999999999998124e+01,6.077500000000000568e+01
6.992000000000000171e+01,6.074062500000000142e+01
6.996000000000000796e+01,6.086875000000000568e+01
7.000000000000001421e+01,6.056562500000000426e+01
7.004000000000002046e+01,6.078750000000000142e+01
7.007999999999999829e+01,6.035312499999999858e+01
7.012000000000000455e+01,6.036875000000000568e+01
7.016000000000001080e+01,6.051562500000000000e+01
7.020000000000001705e+01,6.073125000000000284e+01
7.023999999999999488e+01,6.070000000000000284e+01
7.028000000000000114e+01,6.073437500000000000e+01
7.032000000000000739e+01,6.069062500000000426e+01
7.036000000000001364e+01,6.077812500000000284e+01
7.039999999999999147e+01,6.066250000000000142e+01
7.043999999999999773e+01,6.058437500000000142e+01
7.048000000000000398e+01,6.064062500000000000e+01
7.052000000000001023e+01,6.059687500000000426e+01
7.055999999999998806e+01,6.064687500000000142e+01
7.059999999999999432e+01,6.066562499999999858e+01
7.064000000000000057e+01,6.059687500000000426e+01
7.068000000000000682e+01,6.074375000000000568e+01
7.072000000000001307e+01,6.062812500000000426e+01
7.075999999999999091e+01,6.070937500000000142e+01
7.079999999999999716e+01,6.058437500000000142e+01
7.084000000000000341e+01,6.060000000000000142e+01
7.088000000000000966e+01,6.037500000000000711e+01
7.091999999999998749e+01,6.061562500000000853e+01
7.095999999999999375e+01,6.066250000000000142e+01
7.100000000000000000e+01,6.048125000000000284e+01
7.104000000000000625e+01,6.042812500000000853e+01
7.107999999999998408e+01,6.049062500000000853e+01
7.111999999999999034e+01,6.054375000000000284e+01
7.115999999999999659e+01,6.034062500000000284e+01
7.120000000000000284e+01,6.026250000000000284e+01
7.123999999999999488e+01,6.038125000000000142e+01
7.128000000000000114e+01,6.038125000000000142e+01
7.132000000000000739e+01,6.024687500000000284e+01
7.136000000000001364e+01,6.057812500000000000e+01
7.140000000000001990e+01,6.053125000000000000e+01
7.143999999999999773e+01,6.046562500000000284e+01
7.148000000000000398e+01,6.063125000000000142e+01
7.152000000000001023e+01,6.047187500000000426e+01
7.156000000000001648e+01,6.047812499999999858e+01
7.159999999999999432e+01,6.071250000000000568e+01
7.164000000000000057e+01,6.056875000000000142e+01
7.168000000000000682e+01,6.057812500000000000e+01
7.172000000000001307e+01,6.051250000000000284e+01
7.175999999999999091e+01,6.043750000000000711e+01
7.179999999999999716e+01,6.042187500000000000e+01
7.184000000000000341e+01,6.053125000000000000e+01
7.188000000000000966e+01,6.051562500000000000e+01
7.191999999999998749e+01,6.030625000000000568e+01
7.195999999999999375e+01,6.054062499999999858e+01
7.200000000000000000e+01,6.035625000000000284e+01
7.204000000000000625e+01,6.064375000000000426e+01
7.207999999999998408e+01,6.040937500000000426e+01
7.211999999999999034e+01,6.053750000000000142e+01
7.215999999999999659e+01,6.040937500000000426e+01
7.220000000000000284e+01,6.056875000000000142e+01
7.224000000000000909e+01,6.054999999999999716e+01
7.227999999999998693e+01,6.053750000000000142e+01
7.231999999999999318e+01,6.070625000000000426e+01
7.235999999999999943e+01,6.049375000000000568e+01
7.240000000000000568e+01,6.050000000000000711e+01
7.243999999999999773e+01,6.041250000000000142e+01
7.248000000000000398e+01,6.025312500000000426e+01
7.252000000000001023e+01,6.047500000000000142e+01
7.256000000000001648e+01,6.028750000000000142e+01
7.259999999999999432e+01,6.044375000000000142e+01
7.264000000000000057e+01,6.037500000000000711e+01
7.268000000000000682e+01,6.038125000000000142e+01
7.272000000000001307e+01,6.029062499999999858e+01
7.275999999999999091e+01,6.052812500000000284e+01
7.279999999999999716e+01,6.047187500000000426e+01
7.284000000000000341e+01,6.052812500000000284e+01
7.288000000000000966e+01,6.044375000000000142e+01
7.292000000000001592e+01,6.030625000000000568e+01
7.295999999999999375e+01,6.025625000000000142e+01
7.300000000000000000e+01,6.042499999999999716e+01
7.304000000000000625e+01,6.015625000000000000e+01
7.308000000000001251e+01,6.039375000000000426e+01
7.311999999999999034e+01,6.056250000000000711e+01
7.315999999999999659e+01,6.049687500000000284e+01
7.320000000000000284e+01,6.047187500000000426e+01
7.324000000000000909e+01,6.035625000000000284e+01
7.327999999999998693e+01,6.035625000000000284e+01
7.331999999999999318e+01,6.029375000000000284e+01
7.335999999999999943e+01,6.024375000000000568e+01
7.340000000000000568e+01,6.044375000000000142e+01
7.343999999999998352e+01,6.045625000000000426e+01
7.347999999999998977e+01,6.045937500000000142e+01
7.351999999999999602e+01,6.040937500000000426e+01
7.356000000000000227e+01,6.014999999999999858e+01
7.360000000000000853e+01,6.046250000000000568e+01
7.363999999999998636e+01,6.062812500000000426e+01
7.367999999999999261e+01,6.034375000000000000e+01
7.371999999999999886e+01,6.043125000000000568e+01
7.376000000000000512e+01,6.053125000000000000e+01
7.379999999999999716e+01,6.017500000000000426e+01
7.384000000000000341e+01,6.049375000000000568e+01
7.388000000000000966e+01,6.059375000000000000e+01
7.392000000000001592e+01,6.041875000000000284e+01
7.395999999999999375e+01,6.030937500000000284e+01
7.400000000000000000e+01,6.027187500000000142e+01
7.404000000000000625e+01,6.010625000000000284e+01
7.408000000000001251e+01,6.015937500000000426e+01
7.411999999999999034e+01,6.014375000000000426e+01
7.415999999999999659e+01,6.025937500000000568e+01
7.420000000000000284e+01,6.034687500000000426e+01
7.424000000000000909e+01,6.045937500000000142e+01
7.428000000000001535e+01,6.023437500000000000e+01
7.431999999999999318e+01,6.042499999999999716e+01
7.435999999999999943e+01,6.029687500000000000e+01
7.440000000000000568e+01,6.003750000000000142e+01
7.444000000000001194e+01,6.013125000000000142e+01
7.447999999999998977e+01,6.030625000000000568e+01
7.451999999999999602e+01,6.025625000000000142e+01
7.456000000000000227e+01,6.042499999999999716e+01
7.460000000000000853e+01,6.027812500000000284e+01
7.463999999999998636e+01,6.027812500000000284e+01
7.467999999999999261e+01,6.017187500000000000e+01
7.471999999999999886e+01,6.026875000000000426e+01
7.476000000000000512e+01,5.999687500000000284e+01
7.479999999999998295e+01,6.034062500000000284e+01
7.483999999999998920e+01,6.030937500000000284e+01
7.487999999999999545e+01,6.024062500000000853e+01
7.492000000000000171e+01,6.027812500000000284e+01
7.496000000000000796e+01,6.026250000000000284e+01
7.500000000000000000e+01,6.037500000000000711e+01
7.504000000000000625e+01,6.032187500000000568e+01
7.508000000000001251e+01,6.034062500000000284e+01
7.512000000000001876e+01,6.041875000000000284e+01
7.515999999999999659e+01,6.025937500000000568e+01
7.520000000000000284e+01,6.026875000000000426e+01
7.524000000000000909e+01,6.020937500000000142e+01
7.528000000000001535e+01,6.011250000000000426e+01
7.531999999999999318e+01,6.008437500000000142e+01
7.535999999999999943e+01,5.999375000000000568e+01
7.540000000000000568e+01,6.011250000000000426e+01
7.544000000000001194e+01,6.022500000000000142e+01
7.547999999999998977e+01,6.012500000000000711e+01
7.551999999999999602e+01,6.006875000000000142e+01
7.556000000000000227e+01,6.016562499999999858e+01
7.560000000000000853e+01,6.037500000000000711e+01
7.564000000000001478e+01,6.015937500000000426e+01
7.567999999999999261e+01,6.022812499999999858e+01
7.571999999999999886e+01,6.030312500000000853e+01
7.576000000000000512e+01,6.009375000000000000e+01
7.580000000000001137e+01,6.012500000000000711e+01
7.583999999999998920e+01,6.009375000000000000e+01
7.587999999999999545e+01,6.006875000000000142e+01
7.592000000000000171e+01,6.007812500000000000e+01
7.596000000000000796e+01,5.973437500000000711e+01
7.599999999999998579e+01,5.980937500000000284e+01
7.603999999999999204e+01,6.016562499999999858e+01
7.607999999999999829e+01,5.991250000000000142e+01
7.612000000000000455e+01,5.996249999999999858e+01
7.615999999999998238e+01,6.004062499999999858e+01
7.619999999999998863e+01,5.985937500000000711e+01
7.623999999999999488e+01,6.001562500000000000e+01
7.628000000000001535e+01,5.984062500000000284e+01
7.631999999999999318e+01,6.010937500000000000e+01
7.635999999999999943e+01,5.991875000000000284e+01
7.640000000000000568e+01,6.012187500000000284e+01
7.644000000000001194e+01,5.992500000000000426e+01
7.648000000000001819e+01,5.996562500000000284e+01
7.651999999999999602e+01,5.986875000000000568e+01
7.656000000000000227e+01,5.980000000000000426e+01
7.660000000000000853e+01,5.980937500000000284e+01
7.664000000000001478e+01,5.970937500000000142e+01
7.667999999999999261e+01,6.002187500000000142e+01
7.671999999999999886e+01,5.993437500000000284e+01
7.676000000000000512e+01,5.977812500000000284e+01
7.680000000000001137e+01,5.959375000000000000e+01
7.683999999999998920e+01,5.981250000000000711e+01
7.687999999999999545e+01,5.985000000000000142e+01
7.692000000000000171e+01,5.974062500000000853e+01
7.696000000000000796e+01,5.968437500000000284e+01
7.699999999999998579e+01,5.994062500000000426e+01
7.703999999999999204e+01,5.976875000000000426e+01
7.707999999999999829e+01,5.990625000000000000e+01
7.712000000000000455e+01,5.991875000000000284e+01
7.716000000000001080e+01,5.987187500000000284e+01
7.719999999999998863e+01,5.987812500000000426e+01
7.723999999999999488e+01,5.977812500000000284e+01
7.728000000000000114e+01,5.981250000000000711e+01
7.732000000000000739e+01,5.966875000000000284e+01
7.735999999999998522e+01,5.956875000000000142e+01
7.739999999999999147e+01,5.963125000000000142e+01
7.743999999999999773e+01,5.979375000000000284e+01
7.748000000000000398e+01,5.978437499999999716e+01
7.751999999999999602e+01,5.960000000000000142e+01
7.756000000000000227e+01,5.969062500000000426e+01
7.760000000000000853e+01,5.973437500000000711e+01
7.764000000000001478e+01,5.947500000000000142e+01
7.767999999999999261e+01,5.964999999999999858e+01
7.771999999999999886e+01,5.975937500000000568e+01
7.776000000000000512e+01,5.964999999999999858e+01
7.780000000000001137e+01,5.944375000000000142e+01
7.784000000000001762e+01,5.942500000000000426e+01
7.787999999999999545e+01,5.946875000000000000e+01
7.792000000000000171e+01,5.933437500000000142e+01
7.796000000000000796e+01,5.967500000000000426e+01
7.800000000000001421e+01,5.964375000000000426e+01
7.803999999999999204e+01,5.951250000000000284e+01
7.807999999999999829e+01,5.952812500000000284e+01
7.812000000000000455e+01,5.925625000000000142e+01
7.816000000000001080e+01,5.915937499999999716e+01
7.819999999999998863e+01,5.946562500000000284e+01
7.823999999999999488e+01,5.930937500000000284e+01
7.828000000000000114e+01,5.939375000000000426e+01
7.832000000000000739e+01,5.937500000000000711e+01
7.835999999999998522e+01,5.911875000000000568e+01
7.839999999999999147e+01,5.908437500000000142e+01
7.843999999999999773e+01,5.925625000000000142e+01
7.848000000000000398e+01,5.907812500000000000e+01
7.852000000000001023e+01,5.922500000000000142e+01
7.855999999999998806e+01,5.926250000000000284e+01
7.859999999999999432e+01,5.943437500000000284e+01
7.864000000000000057e+01,5.892500000000000426e+01
7.868000000000000682e+01,5.924062500000000853e+01
7.871999999999998465e+01,5.898750000000000426e+01
7.876000000000000512e+01,5.906562500000000426e+01
7.880000000000001137e+01,5.916562499999999858e+01
7.884000000000001762e+01,5.876562500000000000e+01
7.887999999999999545e+01,5.879687500000000711e+01
7.892000000000000171e+01,5.899687500000000284e+01
7.896000000000000796e+01,5.887812500000000426e+01
7.900000000000001421e+01,5.889062500000000000e+01
7.903999999999999204e+01,5.897812500000000568e+01
7.907999999999999829e+01,5.904062500000000568e+01
7.912000000000000455e+01,5.894687500000000568e+01
7.916000000000001080e+01,5.874375000000000568e+01
7.920000000000001705e+01,5.872500000000000142e+01
7.923999999999999488e+01,5.875312500000000426e+01
7.928000000000000114e+01,5.889687500000000142e+01
7.932000000000000739e+01,5.877499999999999858e+01
7.936000000000001364e+01,5.837500000000000000e+01
7.939999999999999147e+01,5.860937500000000711e+01
7.943999999999999773e+01,5.847500000000000853e+01
7.948000000000000398e+01,5.813125000000000142e+01
7.952000000000001023e+01,5.816562500000000568e+01
7.955999999999998806e+01,5.818125000000000568e+01
7.959999999999999432e+01,5.831875000000000142e+01
7.964000000000000057e+01,5.789999999999999858e+01
7.968000000000000682e+01,5.800625000000000142e+01
7.971999999999998465e+01,5.819687499999999858e+01
7.975999999999999091e+01,5.778750000000000853e+01
7.979999999999999716e+01,5.754062500000000568e+01
7.984000000000000341e+01,5.755625000000000568e+01
7.988000000000000966e+01,5.739687500000000142e+01
7.991999999999998749e+01,5.723437500000000711e+01
7.995999999999999375e+01,5.715625000000000711e+01
8.000000000000000000e+01,5.710625000000000284e+01
8.004000000000000625e+01,5.695000000000000284e+01
8.007999999999999829e+01,5.657500000000000284e+01
8.012000000000000455e+01,5.639062500000000000e+01
8.016000000000001080e+01,5.635625000000000284e+01
8.020000000000001705e+01,5.610625000000000284e+01
8.023999999999999488e+01,5.567500000000000426e+01
8.028000000000000114e+01,5.545312500000000711e+01
8.032000000000000739e+01,5.550625000000000142e+01
8.036000000000001364e+01,5.501250000000000284e+01
8.039999999999999147e+01,5.474687500000000284e+01
8.043999999999999773e+01,5.415937500000000426e+01
8.048000000000000398e+01,5.400625000000000853e+01
8.052000000000001023e+01,5.396562500000000284e+01
8.055999999999998806e+01,5.334375000000000000e+01
8.059999999999999432e+01,5.296562500000000284e+01
8.064000000000000057e+01,5.277500000000000568e+01
8.068000000000000682e+01,5.227187500000000142e+01
8.072000000000001307e+01,5.192187500000000000e+01
8.075999999999999091e+01,5.151250000000000284e+01
8.079999999999999716e+01,5.125312500000000426e+01
8.084000000000000341e+01,5.068437500000000284e+01
8.088000000000000966e+01,5.036562500000000142e+01
8.091999999999998749e+01,4.995312500000000000e+01
8.095999999999999375e+01,4.955312500000000142e+01
8.100000000000000000e+01,4.904062500000000568e+01
8.104000000000000625e+01,4.875625000000000142e+01
8.107999999999998408e+01,4.802187500000000853e+01
8.111999999999999034e+01,4.748750000000000426e+01
8.115999999999999659e+01,4.694062499999999716e+01
8.120000000000000284e+01,4.645937500000000142e+01
8.123999999999999488e+01,4.606250000000000000e+01
8.128000000000000114e+01,4.554062499999999858e+01
8.132000000000000739e+01,4.485625000000000284e+01
8.136000000000001364e+01,4.476250000000000284e+01
8.140000000000001990e+01,4.403437499999999716e+01
8.143999999999999773e+01,4.342187500000000000e+01
8.148000000000000398e+01,4.307500000000000284e+01
8.152000000000001023e+01,4.259375000000000000e+01
8.156000000000001648e+01,4.204375000000000284e+01
8.159999999999999432e+01,4.145312500000000000e+01
8.164000000000000057e+01,4.115625000000000711e+01
8.168000000000000682e+01,4.068750000000000000e+01
8.172000000000001307e+01,3.989687500000000853e+01
8.175999999999999091e+01,3.942187500000000000e+01
8.179999999999999716e+01,3.916875000000000284e+01
8.184000000000000341e+01,3.852812500000000284e+01
8.188000000000000966e+01,3.786562500000000142e+01
8.191999999999998749e+01,3.762187499999999574e+01
8.195999999999999375e+01,3.721250000000000568e+01
8.200000000000000000e+01,3.660312499999999858e+01
8.204000000000000625e+01,3.635312499999999858e+01
8.208000000000001251e+01,3.591250000000000142e+01
8.211999999999999034e+01,3.549062500000000142e+01
8.215999999999999659e+01,3.500000000000000000e+01
8.220000000000000284e+01,3.435312499999999858e+01
8.224000000000000909e+01,3.420937500000000142e+01
8.227999999999998693e+01,3.364062500000000000e+01
8.231999999999999318e+01,3.335625000000000284e+01
8.235999999999999943e+01,3.288750000000000284e+01
8.240000000000000568e+01,3.250937499999999858e+01
8.243999999999998352e+01,3.225937499999999858e+01
8.247999999999998977e+01,3.180625000000000213e+01
8.251999999999999602e+01,3.137500000000000000e+01
8.256000000000000227e+01,3.084687500000000426e+01
8.259999999999999432e+01,3.051250000000000284e+01
8.264000000000000057e+01,3.052812500000000284e+01
8.268000000000000682e+01,3.025312500000000071e+01
8.272000000000001307e+01,3.003125000000000355e+01
8.276000000000001933e+01,2.939375000000000071e+01
8.279999999999999716e+01,2.951249999999999929e+01
8.284000000000000341e+01,2.900000000000000000e+01
8.288000000000000966e+01,2.877812500000000284e+01
8.292000000000001592e+01,2.869999999999999929e+01
8.295999999999999375e+01,2.832812500000000355e+01
8.300000000000000000e+01,2.778750000000000142e+01
8.304000000000000625e+01,2.777500000000000213e+01
8.308000000000001251e+01,2.741875000000000284e+01
8.311999999999999034e+01,2.713437500000000213e+01
8.315999999999999659e+01,2.685312500000000213e+01
8.320000000000000284e+01,2.701250000000000284e+01
8.324000000000000909e+01,2.671249999999999858e+01
8.327999999999998693e+01,2.652812499999999929e+01
8.331999999999999318e+01,2.626875000000000071e+01
8.335999999999999943e+01,2.603437500000000071e+01
8.340000000000000568e+01,2.578437500000000071e+01
8.344000000000001194e+01,2.571250000000000213e+01
8.347999999999998977e+01,2.534375000000000000e+01
8.351999999999999602e+01,2.543750000000000000e+01
8.356000000000000227e+01,2.540937500000000071e+01
8.360000000000000853e+01,2.508437500000000142e+01
8.363999999999998636e+01,2.522500000000000142e+01
8.367999999999999261e+01,2.467500000000000426e+01
8.371999999999999886e+01,2.466562499999999858e+01
8.376000000000000512e+01,2.459375000000000000e+01
8.379999999999999716e+01,2.403437500000000071e+01
8.384000000000000341e+01,2.428125000000000000e+01
8.388000000000000966e+01,2.388437500000000213e+01
8.392000000000001592e+01,2.369687500000000213e+01
8.395999999999999375e+01,2.376562500000000355e+01
8.400000000000000000e+01,2.358437500000000142e+01
8.404000000000000625e+01,2.355312500000000142e+01
8.408000000000001251e+01,2.323125000000000284e+01
8.412000000000001876e+01,2.355937499999999929e+01
8.415999999999999659e+01,2.320000000000000284e+01
8.420000000000000284e+01,2.306875000000000142e+01
8.424000000000000909e+01,2.297187500000000426e+01
8.428000000000001535e+01,2.280937499999999929e+01
8.431999999999999318e+01,2.257187500000000213e+01
8.435999999999999943e+01,2.279687500000000000e+01
8.440000000000000568e+01,2.252812499999999929e+01
8.444000000000001194e+01,2.253125000000000355e+01
8.447999999999998977e+01,2.206875000000000142e+01
8.451999999999999602e+01,2.232500000000000284e+01
8.456000000000000227e+01,2.211250000000000071e+01
8.460000000000000853e+01,2.199062500000000142e+01
8.463999999999998636e+01,2.176875000000000071e+01
8.467999999999999261e+01,2.172812500000000213e+01
8.471999999999999886e+01,2.185937500000000000e+01
8.476000000000000512e+01,2.153750000000000142e+01
8.479999999999998295e+01,2.156875000000000142e+01
8.483999999999998920e+01,2.141562500000000213e+01
8.487999999999999545e+01,2.127187500000000142e+01
8.492000000000000171e+01,2.122187500000000071e+01
8.496000000000000796e+01,2.127187500000000142e+01
8.499999999999998579e+01,2.112187500000000284e+01
8.503999999999999204e+01,2.123437500000000000e+01
8.507999999999999829e+01,2.108750000000000213e+01
8.512000000000001876e+01,2.074375000000000213e+01
8.515999999999999659e+01,2.058125000000000071e+01
8.520000000000000284e+01,2.066250000000000142e+01
8.524000000000000909e+01,2.064375000000000071e+01
8.528000000000001535e+01,2.037500000000000000e+01
8.531999999999999318e+01,2.027500000000000213e+01
8.535999999999999943e+01,2.050937499999999858e+01
8.540000000000000568e+01,2.050312500000000071e+01
8.544000000000001194e+01,2.045937500000000142e+01
8.547999999999998977e+01,2.035937500000000355e+01
8.551999999999999602e+01,2.030312500000000142e+01
8.556000000000000227e+01,1.999062500000000142e+01
8.560000000000000853e+01,2.001562500000000355e+01
8.564000000000001478e+01,1.985312499999999858e+01
8.567999999999999261e+01,2.002812499999999929e+01
8.571999999999999886e+01,1.975624999999999787e+01
8.576000000000000512e+01,1.975000000000000000e+01
8.580000000000001137e+01,1.986250000000000071e+01
8.583999999999998920e+01,1.954062500000000213e+01
8.587999999999999545e+01,1.950000000000000000e+01
8.592000000000000171e+01,1.960625000000000284e+01
8.596000000000000796e+01,1.960937500000000355e+01
8.599999999999998579e+01,1.924062500000000142e+01
8.603999999999999204e+01,1.930000000000000071e+01
8.607999999999999829e+01,1.935312500000000213e+01
8.612000000000000455e+01,1.927187500000000142e+01
8.615999999999998238e+01,1.914375000000000071e+01
8.619999999999998863e+01,1.928125000000000000e+01
8.623999999999999488e+01,1.911250000000000071e+01
8.628000000000000114e+01,1.926875000000000071e+01
8.632000000000000739e+01,1.907500000000000284e+01
8.635999999999999943e+01,1.897187500000000426e+01
8.640000000000000568e+01,1.889999999999999858e+01
8.644000000000001194e+01,1.868750000000000000e+01
8.648000000000001819e+01,1.888125000000000142e+01
8.651999999999999602e+01,1.871875000000000000e+01
8.656000000000000227e+01,1.862187499999999929e+01
8.660000000000000853e+01,1.879062500000000213e+01
8.664000000000001478e+01,1.866250000000000142e+01
8.667999999999999261e+01,1.850625000000000142e+01
8.671999999999999886e+01,1.854687500000000000e+01
8.676000000000000512e+01,1.850000000000000355e+01
8.680000000000001137e+01,1.855624999999999858e+01
8.683999999999998920e+01,1.853437500000000071e+01
8.687999999999999545e+01,1.837500000000000355e+01
8.692000000000000171e+01,1.834687500000000071e+01
8.696000000000000796e+01,1.846249999999999858e+01
8.700000000000001421e+01,1.840625000000000355e+01
8.703999999999999204e+01,1.813749999999999929e+01
8.707999999999999829e+01,1.819375000000000142e+01
8.712000000000000455e+01,1.799687500000000284e+01
8.716000000000001080e+01,1.792500000000000071e+01
8.719999999999998863e+01,1.826562500000000000e+01
8.723999999999999488e+01,1.792500000000000071e+01
8.728000000000000114e+01,1.801562500000000000e+01
8.732000000000000739e+01,1.805312500000000142e+01
8.735999999999998522e+01,1.796249999999999858e+01
8.739999999999999147e+01,1.765000000000000213e+01
8.743999999999999773e+01,1.821875000000000355e+01
8.748000000000000398e+01,1.764687499999999787e+01
8.751999999999998181e+01,1.795625000000000071e+01
8.755999999999998806e+01,1.784375000000000355e+01
8.760000000000000853e+01,1.769999999999999929e+01
8.764000000000001478e+01,1.772187500000000071e+01
8.768000000000002103e+01,1.772500000000000142e+01
8.771999999999999886e+01,1.759062500000000284e+01
8.776000000000000512e+01,1.769999999999999929e+01
8.780000000000001137e+01,1.765000000000000213e+01
8.784000000000001762e+01,1.743125000000000213e+01
8.787999999999999545e+01,1.740625000000000000e+01
8.792000000000000171e+01,1.756562500000000071e+01
8.796000000000000796e+01,1.743125000000000213e+01
8.800000000000001421e+01,1.717187500000000000e+01
8.803999999999999204e+01,1.748124999999999929e+01
8.807999999999999829e+01,1.729374999999999929e+01
8.812000000000000455e+01,1.735937500000000000e+01
8.816000000000001080e+01,1.744999999999999929e+01
8.819999999999998863e+01,1.729062500000000213e+01
8.823999999999999488e+01,1.707812500000000000e+01
8.828000000000000114e+01,1.730625000000000213e+01
8.832000000000000739e+01,1.700312500000000071e+01
8.836000000000001364e+01,1.692812500000000142e+01
8.839999999999999147e+01,1.706875000000000142e+01
8.843999999999999773e+01,1.701875000000000071e+01
8.848000000000000398e+01,1.717500000000000071e+01
8.852000000000001023e+01,1.735937500000000000e+01
8.855999999999998806e+01,1.715000000000000213e+01
8.859999999999999432e+01,1.719375000000000142e+01
8.864000000000000057e+01,1.706250000000000000e+01
8.868000000000000682e+01,1.689375000000000426e+01
8.871999999999998465e+01,1.685937500000000000e+01
8.875999999999999091e+01,1.677187500000000142e+01
8.879999999999999716e+01,1.678125000000000000e+01
8.884000000000000341e+01,1.684687500000000071e+01
8.887999999999999545e+01,1.700625000000000142e+01
8.892000000000000171e+01,1.689687500000000142e+01
8.896000000000000796e+01,1.666874999999999929e+01
8.900000000000001421e+01,1.683125000000000071e+01
8.904000000000002046e+01,1.687812500000000071e+01
8.907999999999999829e+01,1.686562500000000142e+01
8.912000000000000455e+01,1.671250000000000213e+01
8.916000000000001080e+01,1.674375000000000213e+01
8.920000000000001705e+01,1.673437500000000000e+01
8.923999999999999488e+01,1.685937500000000000e+01
8.928000000000000114e+01,1.687812500000000071e+01
8.932000000000000739e+01,1.650312500000000071e+01
8.936000000000001364e+01,1.633437500000000142e+01
8.939999999999999147e+01,1.649062500000000142e+01
8.943999999999999773e+01,1.648124999999999929e+01
8.948000000000000398e+01,1.657499999999999929e+01
8.952000000000001023e+01,1.632812500000000355e+01
8.955999999999998806e+01,1.630000000000000071e+01
8.959999999999999432e+01,1.649062500000000142e+01
8.964000000000000057e+01,1.651249999999999929e+01
8.968000000000000682e+01,1.650312500000000071e+01
8.971999999999998465e+01,1.667187500000000000e+01
8.975999999999999091e+01,1.650625000000000142e+01
8.979999999999999716e+01,1.657812500000000000e+01
8.984000000000000341e+01,1.619687499999999858e+01
8.988000000000000966e+01,1.624062500000000142e+01
8.991999999999998749e+01,1.646250000000000213e+01
8.995999999999999375e+01,1.659062500000000284e+01
9.000000000000000000e+01,1.635937500000000355e+01
9.004000000000000625e+01,1.621250000000000213e+01
9.007999999999999829e+01,1.646875000000000000e+01
9.012000000000000455e+01,1.644687499999999858e+01
9.016000000000001080e+01,1.640312499999999929e+01
9.020000000000001705e+01,1.631875000000000142e+01
9.023999999999999488e+01,1.630312500000000142e+01
9.028000000000000114e+01,1.617187500000000355e+01
9.032000000000000739e+01,1.614062500000000355e+01
9.036000000000001364e+01,1.602187500000000142e+01
9.039999999999999147e+01,1.623437500000000355e+01
9.043999999999999773e+01,1.608437500000000142e+01
9.048000000000000398e+01,1.622812499999999858e+01
9.052000000000001023e+01,1.615000000000000213e+01
9.056000000000001648e+01,1.596250000000000036e+01
9.059999999999999432e+01,1.610000000000000142e+01
9.064000000000000057e+01,1.628125000000000000e+01
9.068000000000000682e+01,1.612187499999999929e+01
9.072000000000001307e+01,1.612187499999999929e+01
9.075999999999999091e+01,1.597499999999999964e+01
9.079999999999999716e+01,1.604062499999999858e+01
9.084000000000000341e+01,1.601562500000000355e+01
9.088000000000000966e+01,1.616562499999999858e+01
9.091999999999998749e+01,1.651249999999999929e+01
9.095999999999999375e+01,1.611875000000000213e+01
9.100000000000000000e+01,1.610937500000000355e+01
9.104000000000000625e+01,1.617500000000000071e+01
9.107999999999998408e+01,1.562500000000000000e+01
9.111999999999999034e+01,1.610937500000000355e+01
9.115999999999999659e+01,1.590625000000000000e+01
9.120000000000000284e+01,1.586250000000000071e+01
9.124000000000000909e+01,1.610312499999999858e+01
9.127999999999998693e+01,1.603437500000000071e+01
9.131999999999999318e+01,1.599062500000000142e+01
9.135999999999999943e+01,1.592500000000000249e+01
9.140000000000000568e+01,1.585625000000000284e+01
9.143999999999999773e+01,1.576875000000000071e+01
9.148000000000000398e+01,1.568750000000000000e+01
9.152000000000001023e+01,1.594374999999999964e+01
9.156000000000001648e+01,1.605000000000000071e+01
9.159999999999999432e+01,1.587500000000000000e+01
9.164000000000000057e+01,1.592812500000000142e+01
9.168000000000000682e+01,1.593125000000000036e+01
9.172000000000001307e+01,1.581874999999999964e+01
9.175999999999999091e+01,1.566875000000000284e+01
9.179999999999999716e+01,1.573125000000000284e+01
9.184000000000000341e+01,1.575624999999999964e+01
9.188000000000000966e+01,1.573125000000000284e+01
9.192000000000001592e+01,1.564375000000000071e+01
9.195999999999999375e+01,1.566249999999999964e+01
9.200000000000000000e+01,1.559375000000000000e+01
9.204000000000000625e+01,1.539687500000000142e+01
9.208000000000001251e+01,1.584999999999999964e+01
9.211999999999999034e+01,1.585312499999999858e+01
9.215999999999999659e+01,1.552187500000000142e+01
9.220000000000000284e+01,1.581562500000000071e+01
9.224000000000000909e+01,1.569687499999999858e+01
9.227999999999998693e+01,1.575624999999999964e+01
9.231999999999999318e+01,1.550937500000000036e+01
9.235999999999999943e+01,1.567187500000000178e+01
9.240000000000000568e+01,1.549062500000000142e+01
9.243999999999998352e+01,1.544375000000000142e+01
9.247999999999998977e+01,1.549687500000000107e+01
9.251999999999999602e+01,1.569062499999999893e+01
9.256000000000000227e+01,1.545312500000000178e+01
9.260000000000000853e+01,1.561250000000000071e+01
9.264000000000000057e+01,1.578125000000000000e+01
9.268000000000000682e+01,1.556250000000000000e+01
9.272000000000001307e+01,1.556875000000000142e+01
9.276000000000001933e+01,1.563124999999999964e+01
9.279999999999999716e+01,1.555312500000000142e+01
9.284000000000000341e+01,1.564375000000000071e+01
9.288000000000000966e+01,1.522500000000000142e+01
9.292000000000001592e+01,1.518750000000000178e+01
9.295999999999999375e+01,1.539687500000000142e+01
9.300000000000000000e+01,1.546250000000000036e+01
9.304000000000000625e+01,1.565000000000000036e+01
9.308000000000001251e+01,1.563437500000000213e+01
9.311999999999999034e+01,1.551250000000000107e+01
9.315999999999999659e+01,1.558125000000000071e+01
9.320000000000000284e+01,1.544687500000000036e+01
9.324000000000000909e+01,1.526875000000000071e+01
9.328000000000001535e+01,1.517187500000000178e+01
9.331999999999999318e+01,1.555937500000000107e+01
9.335999999999999943e+01,1.526249999999999929e+01
9.340000000000000568e+01,1.521562499999999929e+01
9.344000000000001194e+01,1.551875000000000071e+01
9.347999999999998977e+01,1.538437500000000036e+01
9.351999999999999602e+01,1.534375000000000178e+01
9.356000000000000227e+01,1.532187500000000036e+01
9.360000000000000853e+01,1.522812500000000036e+01
9.363999999999998636e+01,1.535312500000000036e+01
9.367999999999999261e+01,1.516874999999999929e+01
9.371999999999999886e+01,1.525625000000000142e+01
9.376000000000000512e+01,1.513749999999999929e+01
9.379999999999998295e+01,1.528437500000000071e+01
9.383999999999998920e+01,1.547187500000000071e+01
9.387999999999999545e+01,1.536875000000000036e+01
9.392000000000000171e+01,1.556250000000000000e+01
9.395999999999999375e+01,1.526562500000000178e+01
9.400000000000000000e+01,1.507812500000000178e+01
9.404000000000000625e+01,1.519375000000000142e+01
9.408000000000001251e+01,1.514687500000000142e+01
9.412000000000001876e+01,1.516250000000000142e+01
9.415999999999999659e+01,1.553437500000000071e+01
9.420000000000000284e+01,1.526249999999999929e+01
9.424000000000000909e+01,1.509062499999999929e+01
9.428000000000001535e+01,1.523124999999999929e+01
9.431999999999999318e+01,1.525937500000000036e+01
9.435999999999999943e+01,1.492500000000000071e+01
9.440000000000000568e+01,1.525625000000000142e+01
9.444000000000001194e+01,1.512812500000000071e+01
9.447999999999998977e+01,1.517187500000000178e+01
9.451999999999999602e+01,1.518437499999999929e+01
9.456000000000000227e+01,1.523750000000000071e+01
9.460000000000000853e+01,1.511250000000000071e+01
9.463999999999998636e+01,1.505000000000000071e+01
9.467999999999999261e+01,1.485937500000000178e+01
9.471999999999999886e+01,1.475624999999999964e+01
9.476000000000000512e+01,1.507187500000000036e+01
9.480000000000001137e+01,1.488437500000000036e+01
9.483999999999998920e+01,1.524375000000000036e+01
9.487999999999999545e+01,1.531250000000000178e+01
9.492000000000000171e+01,1.547500000000000142e+01
9.496000000000000796e+01,1.513749999999999929e+01
9.499999999999998579e+01,1.511875000000000036e+01
9.503999999999999204e+01,1.506875000000000142e+01
9.507999999999999829e+01,1.498125000000000107e+01
9.512000000000000455e+01,1.505312500000000142e+01
9.515999999999999659e+01,1.537500000000000178e+01
9.520000000000000284e+01,1.507812500000000178e+01
9.524000000000000909e+01,1.517187500000000178e+01
9.528000000000001535e+01,1.521875000000000178e+01
9.531999999999999318e+01,1.507499999999999929e+01
9.535999999999999943e+01,1.503125000000000178e+01
9.540000000000000568e+01,1.484375000000000178e+01
9.544000000000001194e+01,1.503125000000000178e+01
9.548000000000001819e+01,1.512500000000000178e+01
9.551999999999999602e+01,1.477187499999999964e+01
9.556000000000000227e+01,1.520312500000000178e+01
9.560000000000000853e+01,1.500937500000000036e+01
9.564000000000001478e+01,1.503437500000000071e+01
9.567999999999999261e+01,1.505000000000000071e+01
9.571999999999999886e+01,1.526875000000000071e+01
9.576000000000000512e+01,1.493437500000000107e+01
9.580000000000001137e+01,1.496250000000000036e+01
9.583999999999998920e+01,1.505625000000000036e+01
9.587999999999999545e+01,1.505625000000000036e+01
9.592000000000000171e+01,1.483437499999999964e+01
9.596000000000000796e+01,1.515625000000000178e+01
9.599999999999998579e+01,1.466875000000000107e+01
9.603999999999999204e+01,1.493437500000000107e+01
9.607999999999999829e+01,1.496250000000000036e+01
9.612000000000000455e+01,1.519999999999999929e+01
9.616000000000001080e+01,1.499687500000000107e+01
9.619999999999998863e+01,1.498125000000000107e+01
9.623999999999999488e+01,1.503437500000000071e+01
9.628000000000000114e+01,1.494374999999999964e+01
9.632000000000000739e+01,1.480312499999999964e+01
9.635999999999998522e+01,1.495625000000000071e+01
9.640000000000000568e+01,1.508125000000000071e+01
9.644000000000001194e+01,1.488437500000000036e+01
9.648000000000001819e+01,1.474687500000000107e+01
9.651999999999999602e+01,1.511875000000000036e+01
9.656000000000000227e+01,1.492187500000000178e+01
9.660000000000000853e+01,1.483750000000000036e+01
9.664000000000001478e+01,1.512812500000000071e+01
9.667999999999999261e+01,1.512812500000000071e+01
9.671999999999999886e+01,1.475937500000000036e+01
9.676000000000000512e+01,1.490312500000000107e+01
9.680000000000001137e+01,1.496875000000000178e+01
9.684000000000001762e+01,1.480312499999999964e+01
9.687999999999999545e+01,1.496250000000000036e+01
9.692000000000000171e+01,1.499062499999999964e+01
9.696000000000000796e+01,1.509687500000000071e+01
9.700000000000001421e+01,1.498125000000000107e+01
9.703999999999999204e+01,1.490937500000000071e+01
9.707999999999999829e+01,1.476562500000000178e+01
9.712000000000000455e+01,1.469374999999999964e+01
9.716000000000001080e+01,1.475312500000000071e+01
9.719999999999998863e+01,1.494062500000000071e+01
9.723999999999999488e+01,1.474375000000000036e+01
9.728000000000000114e+01,1.506562500000000071e+01
9.732000000000000739e+01,1.470625000000000071e+01
9.735999999999998522e+01,1.484375000000000178e+01
9.739999999999999147e+01,1.467187500000000000e+01
9.743999999999999773e+01,1.472812500000000036e+01
9.748000000000000398e+01,1.459375000000000000e+01
9.752000000000001023e+01,1.465625000000000000e+01
9.755999999999998806e+01,1.458437499999999964e+01
9.759999999999999432e+01,1.465937500000000071e+01
9.764000000000000057e+01,1.472187500000000071e+01
9.768000000000000682e+01,1.452500000000000213e+01
9.771999999999999886e+01,1.477187499999999964e+01
9.776000000000000512e+01,1.515000000000000036e+01
9.780000000000001137e+01,1.451875000000000071e+01
9.784000000000001762e+01,1.469687500000000036e+01
9.787999999999999545e+01,1.468125000000000036e+01
9.792000000000000171e+01,1.480312499999999964e+01
9.796000000000000796e+01,1.470312500000000178e+01
9.800000000000001421e+01,1.470312500000000178e+01
9.803999999999999204e+01,1.467500000000000071e+01
9.807999999999999829e+01,1.457500000000000107e+01
9.812000000000000455e+01,1.469062500000000071e+01
9.816000000000001080e+01,1.461250000000000071e+01
9.819999999999998863e+01,1.475624999999999964e+01
9.823999999999999488e+01,1.486562499999999964e+01
9.828000000000000114e+01,1.450624999999999964e+01
9.832000000000000739e+01,1.472812500000000036e+01
9.836000000000001364e+01,1.489375000000000071e+01
9.839999999999999147e+01,1.463124999999999964e+01
9.843999999999999773e+01,1.473437500000000178e+01
9.848000000000000398e+01,1.461875000000000213e+01
9.852000000000001023e+01,1.479687500000000178e+01
9.855999999999998806e+01,1.466875000000000107e+01
9.859999999999999432e+01,1.456250000000000000e+01
9.864000000000000057e+01,1.451562500000000000e+01
9.868000000000000682e+01,1.468750000000000178e+01
9.871999999999998465e+01,1.458437499999999964e+01
9.875999999999999091e+01,1.487812500000000071e+01
9.879999999999999716e+01,1.474375000000000036e+01
9.884000000000000341e+01,1.458750000000000213e+01
9.887999999999999545e+01,1.471250000000000036e+01
9.892000000000000171e+01,1.458437499999999964e+01
9.896000000000000796e+01,1.485312500000000036e+01
9.900000000000001421e+01,1.472499999999999964e+01
9.904000000000002046e+01,1.459062500000000107e+01
9.907999999999999829e+01,1.459999999999999964e+01
9.912000000000000455e+01,1.465937500000000071e+01
9.916000000000001080e+01,1.469062500000000071e+01
9.920000000000001705e+01,1.453437500000000071e+01
9.923999999999999488e+01,1.468750000000000178e+01
9.928000000000000114e+01,1.468125000000000036e+01
9.932000000000000739e+01,1.435312500000000213e+01
9.936000000000001364e+01,1.472187500000000071e+01
9.939999999999999147e+01,1.459999999999999964e+01
9.943999999999999773e+01,1.470937499999999964e+01
9.948000000000000398e+01,1.469687500000000036e+01
9.952000000000001023e+01,1.478437500000000071e+01
9.955999999999998806e+01,1.484375000000000178e+01
9.959999999999999432e+01,1.490625000000000178e+01
9.964000000000000057e+01,1.472499999999999964e+01
9.968000000000000682e+01,1.465312500000000107e+01
9.972000000000001307e+01,1.459062500000000107e+01
9.975999999999999091e+01,1.459062500000000107e+01
9.979999999999999716e+01,1.437812500000000071e+01
9.984000000000000341e+01,1.440625000000000000e+01
9.988000000000000966e+01,1.441562500000000213e+01
9.991999999999998749e+01,1.480312499999999964e+01
9.995999999999999375e+01,1.440937500000000071e+01
1.000000000000000000e+02,1.443437500000000107e+01
1.000400000000000063e+02,1.471250000000000036e+01
1.000799999999999841e+02,1.463750000000000107e+01
1.001199999999999903e+02,1.447499999999999964e+01
1.001599999999999966e+02,1.465312500000000107e+01
1.002000000000000028e+02,1.501562500000000178e+01
1.002399999999999949e+02,1.450000000000000000e+01
1.002800000000000011e+02,1.462187500000000107e+01
1.003200000000000074e+02,1.453749999999999964e+01
1.003600000000000136e+02,1.433437499999999964e+01
1.004000000000000199e+02,1.446250000000000213e+01
1.004399999999999977e+02,1.474687500000000107e+01
1.004800000000000040e+02,1.465625000000000000e+01
1.005200000000000102e+02,1.466249999999999964e+01
1.005600000000000165e+02,1.457187500000000213e+01
1.005999999999999943e+02,1.456562500000000071e+01
1.006400000000000006e+02,1.463124999999999964e+01
1.006800000000000068e+02,1.480000000000000071e+01
1.007200000000000131e+02,1.445000000000000107e+01
1.007599999999999909e+02,1.449687500000000107e+01
1.007999999999999972e+02,1.458437499999999964e+01
1.008400000000000034e+02,1.485625000000000107e+01
1.008800000000000097e+02,1.467500000000000071e+01
1.009199999999999875e+02,1.469062500000000071e+01
1.009599999999999937e+02,1.462812500000000071e+01
1.010000000000000000e+02,1.453749999999999964e+01
1.010400000000000063e+02,1.454062500000000213e+01
1.010800000000000125e+02,1.450624999999999964e+01
1.011199999999999903e+02,1.451875000000000071e+01
1.011599999999999966e+02,1.464375000000000071e+01
1.012000000000000028e+02,1.461875000000000213e+01
1.012400000000000091e+02,1.475937500000000036e+01
1.012799999999999869e+02,1.457812500000000000e+01
1.013199999999999932e+02,1.449062499999999964e+01
1.013599999999999994e+02,1.474687500000000107e+01
1.014000000000000057e+02,1.460937500000000000e+01
1.014399999999999977e+02,1.449687500000000107e+01
1.014800000000000040e+02,1.472187500000000071e+01
1.015200000000000102e+02,1.452812500000000107e+01
1.015600000000000165e+02,1.448750000000000071e+01
1.015999999999999943e+02,1.439375000000000071e+01
1.016400000000000006e+02,1.445937499999999964e+01
1.016800000000000068e+02,1.448437500000000000e+01
1.017200000000000131e+02,1.449062499999999964e+01
1.017600000000000193e+02,1.455625000000000213e+01
1.017999999999999972e+02,1.440937500000000071e+01
1.018400000000000034e+02,1.448125000000000107e+01
1.018800000000000097e+02,1.449375000000000213e+01
1.019200000000000159e+02,1.466875000000000107e+01
1.019599999999999937e+02,1.460937500000000000e+01
1.020000000000000000e+02,1.442187500000000000e+01
1.020400000000000063e+02,1.451562500000000000e+01
1.020800000000000125e+02,1.440937500000000071e+01
1.021199999999999903e+02,1.443750000000000000e+01
1.021599999999999966e+02,1.455000000000000071e+01
1.022000000000000028e+02,1.457187500000000213e+01
1.022400000000000091e+02,1.450937500000000213e+01
1.022799999999999869e+02,1.454375000000000107e+01
1.023199999999999932e+02,1.453125000000000000e+01
1.023599999999999994e+02,1.436875000000000213e+01
1.024000000000000057e+02,1.432187500000000213e+01
1.024399999999999835e+02,1.432812500000000000e+01
1.024799999999999898e+02,1.462187500000000107e+01
1.025199999999999960e+02,1.444687500000000213e+01
1.025600000000000023e+02,1.430000000000000071e+01
1.026000000000000085e+02,1.442500000000000071e+01
1.026399999999999864e+02,1.462812500000000071e+01
1.026799999999999926e+02,1.455937500000000107e+01
1.027199999999999989e+02,1.457812500000000000e+01
1.027600000000000193e+02,1.468125000000000036e+01
1.027999999999999972e+02,1.463124999999999964e+01
1.028400000000000034e+02,1.432500000000000107e+01
1.028800000000000097e+02,1.435937500000000000e+01
1.029200000000000159e+02,1.430937500000000107e+01
1.029599999999999937e+02,1.429687500000000000e+01
1.030000000000000000e+02,1.415000000000000036e+01
1.030400000000000063e+02,1.439375000000000071e+01
1.030800000000000125e+02,1.422187500000000071e+01
1.031199999999999903e+02,1.456874999999999964e+01
1.031599999999999966e+02,1.448437500000000000e+01
1.032000000000000028e+02,1.452812500000000107e+01
1.032400000000000091e+02,1.461875000000000213e+01
1.032800000000000153e+02,1.435937500000000000e+01
1.033199999999999932e+02,1.456250000000000000e+01
1.033599999999999994e+02,1.420937500000000142e+01
1.034000000000000057e+02,1.444687500000000213e+01
1.034400000000000119e+02,1.428125000000000000e+01
1.034799999999999898e+02,1.452187499999999964e+01
1.035199999999999960e+02,1.448125000000000107e+01
1.035600000000000023e+02,1.445937499999999964e+01
1.036000000000000085e+02,1.466249999999999964e+01
1.036399999999999864e+02,1.445937499999999964e+01
1.036799999999999926e+02,1.450000000000000000e+01
1.037199999999999989e+02,1.452187499999999964e+01
1.037600000000000051e+02,1.440937500000000071e+01
1.037999999999999829e+02,1.443750000000000000e+01
1.038399999999999892e+02,1.425000000000000000e+01
1.038799999999999955e+02,1.450000000000000000e+01
1.039200000000000017e+02,1.425312500000000071e+01
1.039600000000000080e+02,1.433125000000000071e+01
1.040000000000000000e+02,1.447499999999999964e+01
1.040400000000000063e+02,1.451875000000000071e+01
1.040800000000000125e+02,1.429062500000000213e+01
1.041200000000000188e+02,1.443125000000000213e+01
1.041599999999999966e+02,1.443750000000000000e+01
1.042000000000000028e+02,1.440000000000000213e+01
1.042400000000000091e+02,1.414687500000000142e+01
1.042800000000000153e+02,1.429687500000000000e+01
1.043199999999999932e+02,1.437812500000000071e+01
1.043599999999999994e+02,1.456874999999999964e+01
1.044000000000000057e+02,1.425937500000000036e+01
1.044400000000000119e+02,1.446250000000000213e+01
1.044799999999999898e+02,1.447499999999999964e+01
1.045199999999999960e+02,1.462187500000000107e+01
1.045600000000000023e+02,1.457812500000000000e+01
1.046000000000000085e+02,1.438437500000000213e+01
1.046400000000000148e+02,1.415937500000000071e+01
1.046799999999999926e+02,1.422187500000000071e+01
1.047199999999999989e+02,1.443125000000000213e+01
1.047600000000000051e+02,1.431874999999999964e+01
1.048000000000000114e+02,1.450000000000000000e+01
1.048399999999999892e+02,1.456562500000000071e+01
1.048799999999999955e+02,1.418125000000000036e+01
1.049200000000000017e+02,1.444374999999999964e+01
1.049600000000000080e+02,1.427187499999999964e+01
1.049999999999999858e+02,1.419375000000000142e+01
1.050399999999999920e+02,1.439687499999999964e+01
1.050799999999999983e+02,1.442500000000000071e+01
1.051200000000000045e+02,1.438750000000000107e+01
1.051599999999999824e+02,1.459062500000000107e+01
1.051999999999999886e+02,1.440937500000000071e+01
1.052400000000000091e+02,1.434687500000000071e+01
1.052800000000000153e+02,1.434375000000000000e+01
1.053200000000000216e+02,1.434999999999999964e+01
1.053599999999999994e+02,1.409062500000000107e+01
1.054000000000000057e+02,1.427812500000000107e+01
1.054400000000000119e+02,1.427812500000000107e+01
1.054800000000000182e+02,1.436562499999999964e+01
1.055199999999999960e+02,1.428437500000000071e+01
1.055600000000000023e+02,1.453125000000000000e+01
1.056000000000000085e+02,1.430625000000000213e+01
1.056400000000000148e+02,1.427500000000000036e+01
1.056799999999999926e+02,1.445312500000000000e+01
1.057199999999999989e+02,1.427500000000000036e+01
1.057600000000000051e+02,1.442812499999999964e+01
1.058000000000000114e+02,1.431250000000000000e+01
1.058399999999999892e+02,1.432500000000000107e+01
1.058799999999999955e+02,1.428749999999999964e+01
1.059200000000000017e+02,1.420000000000000107e+01
1.059600000000000080e+02,1.416875000000000107e+01
1.060000000000000142e+02,1.429062500000000213e+01
1.060399999999999920e+02,1.434999999999999964e+01
1.060799999999999983e+02,1.444687500000000213e+01
1.061200000000000045e+02,1.455625000000000213e+01
1.061600000000000108e+02,1.442812499999999964e+01
1.061999999999999886e+02,1.422812500000000036e+01
1.062399999999999949e+02,1.437812500000000071e+01
1.062800000000000011e+02,1.428437500000000071e+01
1.063200000000000074e+02,1.419375000000000142e+01
1.063599999999999852e+02,1.417812500000000142e+01
1.063999999999999915e+02,1.417812500000000142e+01
1.064399999999999977e+02,1.434687500000000071e+01
1.064800000000000040e+02,1.414375000000000071e+01
1.065199999999999960e+02,1.451875000000000071e+01
1.065600000000000023e+02,1.421875000000000000e+01
1.066000000000000085e+02,1.442500000000000071e+01
1.066400000000000148e+02,1.429687500000000000e+01
1.066799999999999926e+02,1.447499999999999964e+01
1.067199999999999989e+02,1.453749999999999964e+01
1.067600000000000051e+02,1.461250000000000071e+01
1.068000000000000114e+02,1.431874999999999964e+01
1.068400000000000176e+02,1.445937499999999964e+01
1.068799999999999955e+02,1.424687500000000107e+01
1.069200000000000017e+02,1.429062500000000213e+01
1.069600000000000080e+02,1.447187500000000071e+01
1.070000000000000142e+02,1.455625000000000213e+01
1.070399999999999920e+02,1.434687500000000071e+01
1.070799999999999983e+02,1.428125000000000000e+01
1.071200000000000045e+02,1.422812500000000036e+01
1.071600000000000108e+02,1.424062500000000142e+01
1.071999999999999886e+02,1.436250000000000071e+01
1.072399999999999949e+02,1.444374999999999964e+01
1.072800000000000011e+02,1.441249999999999964e+01
1.073200000000000074e+02,1.442812499999999964e+01
1.073599999999999852e+02,1.423437500000000000e+01
1.073999999999999915e+02,1.437187500000000107e+01
1.074399999999999977e+02,1.434687500000000071e+01
1.074800000000000040e+02,1.416250000000000142e+01
1.075200000000000102e+02,1.430000000000000071e+01
1.075599999999999881e+02,1.415937500000000071e+01
1.075999999999999943e+02,1.424375000000000036e+01
1.076400000000000006e+02,1.437812500000000071e+01
1.076800000000000068e+02,1.425000000000000000e+01
1.077199999999999989e+02,1.424687500000000107e+01
1.077600000000000051e+02,1.428125000000000000e+01
1.078000000000000114e+02,1.433437499999999964e+01
1.078400000000000176e+02,1.422500000000000142e+01
1.078799999999999955e+02,1.433750000000000213e+01
1.079200000000000017e+02,1.421875000000000000e+01
1.079600000000000080e+02,1.437812500000000071e+01
1.080000000000000142e+02,1.425000000000000000e+01
1.080399999999999920e+02,1.420625000000000071e+01
1.080799999999999983e+02,1.441875000000000107e+01
1.081200000000000045e+02,1.453125000000000000e+01
1.081600000000000108e+02,1.445937499999999964e+01
1.082000000000000171e+02,1.439687499999999964e+01
1.082399999999999949e+02,1.428437500000000071e+01
1.082800000000000011e+02,1.416875000000000107e+01
1.083200000000000074e+02,1.420937500000000142e+01
1.083600000000000136e+02,1.449687500000000107e+01
1.083999999999999915e+02,1.438750000000000107e+01
1.084399999999999977e+02,1.423750000000000071e+01
1.084800000000000040e+02,1.451250000000000107e+01
1.085200000000000102e+02,1.426875000000000071e+01
1.085599999999999881e+02,1.448125000000000107e+01
1.085999999999999943e+02,1.450312500000000071e+01
1.086400000000000006e+02,1.427812500000000107e+01
1.086800000000000068e+02,1.423125000000000107e+01
1.087199999999999847e+02,1.442500000000000071e+01
1.087599999999999909e+02,1.420312500000000000e+01
1.087999999999999972e+02,1.427500000000000036e+01
1.088400000000000034e+02,1.448437500000000000e+01
1.088800000000000097e+02,1.440937500000000071e+01
1.089199999999999875e+02,1.440000000000000213e+01
1.089599999999999937e+02,1.429687500000000000e+01
1.090000000000000000e+02,1.425000000000000000e+01
1.090400000000000063e+02,1.391875000000000107e+01
1.090799999999999983e+02,1.399687500000000107e+01
1.091200000000000045e+02,1.407812500000000000e+01
1.091600000000000108e+02,1.430000000000000071e+01
1.092000000000000171e+02,1.416250000000000142e+01
1.092399999999999949e+02,1.418437500000000107e+01
1.092800000000000011e+02,1.440625000000000000e+01
1.093200000000000074e+02,1.430625000000000213e+01
1.093600000000000136e+02,1.426250000000000107e+01
1.093999999999999915e+02,1.451875000000000071e+01
1.094399999999999977e+02,1.436250000000000071e+01
1.094800000000000040e+02,1.415625000000000000e+01
1.095200000000000102e+02,1.418437500000000107e+01
1.095600000000000165e+02,1.424375000000000036e+01
1.095999999999999943e+02,1.405625000000000036e+01
1.096400000000000006e+02,1.403437500000000071e+01
1.096800000000000068e+02,1.432187500000000213e+01
1.097200000000000131e+02,1.442187500000000000e+01
1.097599999999999909e+02,1.441875000000000107e+01
1.097999999999999972e+02,1.432812500000000000e+01
1.098400000000000034e+02,1.422812500000000036e+01
1.098800000000000097e+02,1.414375000000000071e+01
1.099199999999999875e+02,1.423750000000000071e+01
1.099599999999999937e+02,1.415937500000000071e+01
1.100000000000000000e+02,1.425937500000000036e+01
1.100400000000000063e+02,1.418750000000000000e+01
1.100799999999999841e+02,1.419375000000000142e+01
1.101199999999999903e+02,1.443750000000000000e+01
1.101599999999999966e+02,1.430000000000000071e+01
1.102000000000000028e+02,1.409687500000000071e+01
1.102400000000000091e+02,1.406562500000000071e+01
1.102800000000000011e+02,1.417500000000000071e+01
1.103200000000000074e+02,1.383125000000000071e+01
1.103600000000000136e+02,1.421562500000000107e+01
1.104000000000000199e+02,1.425624999999999964e+01
1.104399999999999977e+02,1.407187500000000036e+01
1.104800000000000040e+02,1.432187500000000213e+01
1.105200000000000102e+02,1.423125000000000107e+01
1.105600000000000165e+02,1.428437500000000071e+01
1.105999999999999943e+02,1.442500000000000071e+01
1.106400000000000006e+02,1.408437500000000142e+01
1.106800000000000068e+02,1.434687500000000071e+01
1.107200000000000131e+02,1.409375000000000000e+01
1.107599999999999909e+02,1.416875000000000107e+01
1.107999999999999972e+02,1.413750000000000107e+01
1.108400000000000034e+02,1.401250000000000107e+01
1.108800000000000097e+02,1.430312499999999964e+01
1.109199999999999875e+02,1.407187500000000036e+01
1.109599999999999937e+02,1.428125000000000000e+01
1.110000000000000000e+02,1.423125000000000107e+01
1.110400000000000063e+02,1.425624999999999964e+01
1.110800000000000125e+02,1.433437499999999964e+01
1.111199999999999903e+02,1.410312500000000036e+01
1.111599999999999966e+02,1.422812500000000036e+01
1.112000000000000028e+02,1.414687500000000142e+01
1.112400000000000091e+02,1.423437500000000000e+01
1.112799999999999869e+02,1.412812500000000071e+01
1.113199999999999932e+02,1.424687500000000107e+01
1.113599999999999994e+02,1.431562500000000071e+01
1.114000000000000057e+02,1.439375000000000071e+01
1.114399999999999835e+02,1.440937500000000071e+01
1.114799999999999898e+02,1.419375000000000142e+01
1.115199999999999960e+02,1.444062500000000071e+01
1.115600000000000023e+02,1.427187499999999964e+01
1.115999999999999943e+02,1.415625000000000000e+01
1.116400000000000006e+02,1.427187499999999964e+01
1.116800000000000068e+02,1.415000000000000036e+01
1.117200000000000131e+02,1.416875000000000107e+01
1.117600000000000193e+02,1.420312500000000000e+01
1.117999999999999972e+02,1.411250000000000071e+01
1.118400000000000034e+02,1.414062500000000000e+01
1.118800000000000097e+02,1.412500000000000000e+01
1.119200000000000159e+02,1.413437500000000036e+01
1.119599999999999937e+02,1.438124999999999964e+01
1.120000000000000000e+02,1.437187500000000107e+01
1.120400000000000063e+02,1.440625000000000000e+01
1.120800000000000125e+02,1.433750000000000213e+01
1.121199999999999903e+02,1.392500000000000071e+01
1.121599999999999966e+02,1.396562500000000107e+01
1.122000000000000028e+02,1.415937500000000071e+01
1.122400000000000091e+02,1.424375000000000036e+01
1.122799999999999869e+02,1.442187500000000000e+01
1.123199999999999932e+02,1.409375000000000000e+01
1.123599999999999994e+02,1.418750000000000000e+01
1.124000000000000057e+02,1.416562500000000036e+01
1.124400000000000119e+02,1.381250000000000000e+01
1.124799999999999898e+02,1.408125000000000071e+01
1.125199999999999960e+02,1.406250000000000000e+01
1.125600000000000023e+02,1.414062500000000000e+01
1.126000000000000085e+02,1.410000000000000142e+01
1.126399999999999864e+02,1.436562499999999964e+01
1.126799999999999926e+02,1.442500000000000071e+01
1.127199999999999989e+02,1.434062500000000107e+01
1.127600000000000051e+02,1.419687500000000036e+01
1.127999999999999972e+02,1.406562500000000071e+01
1.128400000000000034e+02,1.384375000000000000e+01
1.128800000000000097e+02,1.415625000000000000e+01
1.129200000000000159e+02,1.410625000000000107e+01
1.129599999999999937e+02,1.400937500000000036e+01
1.130000000000000000e+02,1.436875000000000213e+01
1.130400000000000063e+02,1.427187499999999964e+01
1.130800000000000125e+02,1.427500000000000036e+01
1.131200000000000188e+02,1.432812500000000000e+01
1.131599999999999966e+02,1.418437500000000107e+01
1.132000000000000028e+02,1.419062500000000071e+01
1.132400000000000091e+02,1.404062500000000036e+01
1.132800000000000153e+02,1.430937500000000107e+01
1.133199999999999932e+02,1.408437500000000142e+01
1.133599999999999994e+02,1.429375000000000107e+01
1.134000000000000057e+02,1.429375000000000107e+01
1.134400000000000119e+02,1.444687500000000213e+01
1.134799999999999898e+02,1.441249999999999964e+01
1.135199999999999960e+02,1.407812500000000000e+01
1.135600000000000023e+02,1.430937500000000107e+01
1.136000000000000085e+02,1.443437500000000107e+01
1.136399999999999864e+02,1.405000000000000071e+01
1.136799999999999926e+02,1.424062500000000142e+01
1.137199999999999989e+02,1.418437500000000107e+01
1.137600000000000051e+02,1.391250000000000142e+01
1.138000000000000114e+02,1.413125000000000142e+01
1.138399999999999892e+02,1.445312500000000000e+01
1.138799999999999955e+02,1.414687500000000142e+01
1.139200000000000017e+02,1.407812500000000000e+01
1.139600000000000080e+02,1.439062500000000000e+01
1.139999999999999858e+02,1.405937500000000107e+01
1.140399999999999920e+02,1.399375000000000036e+01
1.140800000000000125e+02,1.413437500000000036e+01
1.141200000000000188e+02,1.383125000000000071e+01
1.141599999999999966e+02,1.419375000000000142e+01
1.142000000000000028e+02,1.405625000000000036e+01
1.142400000000000091e+02,1.413125000000000142e+01
1.142800000000000153e+02,1.405625000000000036e+01
1.143199999999999932e+02,1.428437500000000071e+01
1.143599999999999994e+02,1.428125000000000000e+01
1.144000000000000057e+02,1.407812500000000000e+01
1.144400000000000119e+02,1.406562500000000071e+01
1.144800000000000182e+02,1.407187500000000036e+01
1.145199999999999960e+02,1.395312500000000000e+01
1.145600000000000023e+02,1.414062500000000000e+01
1.146000000000000085e+02,1.425000000000000000e+01
1.146400000000000148e+02,1.422187500000000071e+01
1.146799999999999926e+02,1.419687500000000036e+01
1.147199999999999989e+02,1.421875000000000000e+01
1.147600000000000051e+02,1.391250000000000142e+01
1.148000000000000114e+02,1.433125000000000071e+01
1.148399999999999892e+02,1.418750000000000000e+01
1.148799999999999955e+02,1.408750000000000036e+01
1.149200000000000017e+02,1.422500000000000142e+01
1.149600000000000080e+02,1.413125000000000142e+01
1.149999999999999858e+02,1.421875000000000000e+01
1.150399999999999920e+02,1.420000000000000107e+01
1.150799999999999983e+02,1.425937500000000036e+01
1.151200000000000045e+02,1.399687500000000107e+01
1.151599999999999824e+02,1.433125000000000071e+01
1.151999999999999886e+02,1.428125000000000000e+01
1.152399999999999949e+02,1.403750000000000142e+01
1.152800000000000011e+02,1.413437500000000036e+01
1.153200000000000074e+02,1.420937500000000142e+01
1.153599999999999994e+02,1.400625000000000142e+01
1.154000000000000057e+02,1.426875000000000071e+01
1.154400000000000119e+02,1.419687500000000036e+01
1.154800000000000182e+02,1.430625000000000213e+01
1.155199999999999960e+02,1.424687500000000107e+01
1.155600000000000023e+02,1.441875000000000107e+01
1.156000000000000085e+02,1.446875000000000000e+01
1.156400000000000148e+02,1.430000000000000071e+01
1.156799999999999926e+02,1.405625000000000036e+01
1.157199999999999989e+02,1.387500000000000000e+01
1.157600000000000051e+02,1.403437500000000071e+01
1.158000000000000114e+02,1.436875000000000213e+01
1.158399999999999892e+02,1.429062500000000213e+01
1.158799999999999955e+02,1.423750000000000071e+01
1.159200000000000017e+02,1.414687500000000142e+01
1.159600000000000080e+02,1.422812500000000036e+01
1.160000000000000142e+02,1.419062500000000071e+01
1.160399999999999920e+02,1.405937500000000107e+01
1.160799999999999983e+02,1.412500000000000000e+01
1.161200000000000045e+02,1.420625000000000071e+01
1.161600000000000108e+02,1.415937500000000071e+01
1.161999999999999886e+02,1.418750000000000000e+01
1.162399999999999949e+02,1.402500000000000036e+01
1.162800000000000011e+02,1.409687500000000071e+01
1.163200000000000074e+02,1.433437499999999964e+01
1.163599999999999852e+02,1.410937500000000000e+01
1.163999999999999915e+02,1.419062500000000071e+01
1.164399999999999977e+02,1.424687500000000107e+01
1.164800000000000040e+02,1.433437499999999964e+01
1.165199999999999960e+02,1.432187500000000213e+01
1.165600000000000023e+02,1.395625000000000071e+01
1.166000000000000085e+02,1.420937500000000142e+01
1.166400000000000148e+02,1.396875000000000000e+01
1.166800000000000210e+02,1.431250000000000000e+01
1.167199999999999989e+02,1.418750000000000000e+01
1.167600000000000051e+02,1.422187500000000071e+01
1.168000000000000114e+02,1.414375000000000071e+01
1.168400000000000176e+02,1.410312500000000036e+01
1.168799999999999955e+02,1.415625000000000000e+01
1.169200000000000017e+02,1.400625000000000142e+01
1.169600000000000080e+02,1.412500000000000000e+01
1.170000000000000142e+02,1.405000000000000071e+01
1.170399999999999920e+02,1.421562500000000107e+01
1.170799999999999983e+02,1.424375000000000036e+01
1.171200000000000045e+02,1.422187500000000071e+01
1.171600000000000108e+02,1.425624999999999964e+01
1.171999999999999886e+02,1.415937500000000071e+01
1.172399999999999949e+02,1.420625000000000071e+01
1.172800000000000011e+02,1.415625000000000000e+01
1.173200000000000074e+02,1.416250000000000142e+01
1.173600000000000136e+02,1.416250000000000142e+01
1.173999999999999915e+02,1.434375000000000000e+01
1.174399999999999977e+02,1.418437500000000107e+01
1.174800000000000040e+02,1.423750000000000071e+01
1.175200000000000102e+02,1.405000000000000071e+01
1.175599999999999881e+02,1.435312500000000213e+01
1.175999999999999943e+02,1.412500000000000000e+01
1.176400000000000006e+02,1.408437500000000142e+01
1.176800000000000068e+02,1.413125000000000142e+01
1.177199999999999847e+02,1.414687500000000142e+01
1.177599999999999909e+02,1.415312500000000107e+01
1.177999999999999972e+02,1.420312500000000000e+01
1.178400000000000034e+02,1.413750000000000107e+01
1.178799999999999955e+02,1.416562500000000036e+01
1.179200000000000017e+02,1.410937500000000000e+01
1.179600000000000080e+02,1.400937500000000036e+01
1.180000000000000142e+02,1.421562500000000107e+01
1.180400000000000205e+02,1.416562500000000036e+01
1.180799999999999983e+02,1.431562500000000071e+01
1.181200000000000045e+02,1.429062500000000213e+01
1.181600000000000108e+02,1.416250000000000142e+01
1.182000000000000171e+02,1.430625000000000213e+01
1.182399999999999949e+02,1.413437500000000036e+01
1.182800000000000011e+02,1.409375000000000000e+01
1.183200000000000074e+02,1.413437500000000036e+01
1.183600000000000136e+02,1.439375000000000071e+01
1.183999999999999915e+02,1.432500000000000107e+01
1.184399999999999977e+02,1.413750000000000107e+01
1.184800000000000040e+02,1.401875000000000071e+01
1.185200000000000102e+02,1.411875000000000036e+01
1.185599999999999881e+02,1.408125000000000071e+01
1.185999999999999943e+02,1.428749999999999964e+01
1.186400000000000006e+02,1.414062500000000000e+01
1.186800000000000068e+02,1.407812500000000000e+01
1.187200000000000131e+02,1.406562500000000071e+01
1.187599999999999909e+02,1.427187499999999964e+01
1.187999999999999972e+02,1.407187500000000036e+01
1.188400000000000034e+02,1.421875000000000000e+01
1.188800000000000097e+02,1.406250000000000000e+01
1.189199999999999875e+02,1.425937500000000036e+01
1.189599999999999937e+02,1.406875000000000142e+01
1.190000000000000000e+02,1.430625000000000213e+01
1.190400000000000063e+02,1.394062500000000071e+01
1.190799999999999983e+02,1.418437500000000107e+01
1.191200000000000045e+02,1.424062500000000142e+01
1.191600000000000108e+02,1.407500000000000107e+01
1.192000000000000171e+02,1.436562499999999964e+01
1.192399999999999949e+02,1.412500000000000000e+01
1.192800000000000011e+02,1.376875000000000071e+01
1.193200000000000074e+02,1.420312500000000000e+01
1.193600000000000136e+02,1.415000000000000036e+01
1.193999999999999915e+02,1.414062500000000000e+01
1.194399999999999977e+02,1.405625000000000036e+01
1.194800000000000040e+02,1.431562500000000071e+01
1.195200000000000102e+02,1.410937500000000000e+01
1.195600000000000165e+02,1.424375000000000036e+01
1.195999999999999943e+02,1.435625000000000107e+01
1.196400000000000006e+02,1.420312500000000000e+01
1.196800000000000068e+02,1.398125000000000107e+01
1.197200000000000131e+02,1.417500000000000071e+01
1.197599999999999909e+02,1.419375000000000142e+01
1.197999999999999972e+02,1.385000000000000142e+01
1.198400000000000034e+02,1.432812500000000000e+01
1.198800000000000097e+02,1.426562500000000000e+01
1.199199999999999875e+02,1.415937500000000071e+01
1.199599999999999937e+02,1.442187500000000000e+01
1.200000000000000000e+02,1.397187500000000071e+01
1.200400000000000063e+02,1.431250000000000000e+01
1.200799999999999841e+02,1.410000000000000142e+01
1.201199999999999903e+02,1.393437500000000107e+01
1.201599999999999966e+02,1.415000000000000036e+01
1.202000000000000028e+02,1.416562500000000036e+01
1.202400000000000091e+02,1.430625000000000213e+01
1.202799999999999869e+02,1.430625000000000213e+01
1.203199999999999932e+02,1.433437499999999964e+01
1.203599999999999994e+02,1.415625000000000000e+01
1.204000000000000057e+02,1.431562500000000071e+01
1.204399999999999977e+02,1.424687500000000107e+01
1.204800000000000040e+02,1.415937500000000071e+01
1.205200000000000102e+02,1.415000000000000036e+01
1.205600000000000165e+02,1.404375000000000107e+01
1.205999999999999943e+02,1.411562500000000142e+01
1.206400000000000006e+02,1.421875000000000000e+01
1.206800000000000068e+02,1.410625000000000107e+01
1.207200000000000131e+02,1.413750000000000107e+01
1.207599999999999909e+02,1.420625000000000071e+01
1.207999999999999972e+02,1.435312500000000213e+01
1.208400000000000034e+02,1.388750000000000107e+01
1.208800000000000097e+02,1.401875000000000071e+01
1.209200000000000159e+02,1.404375000000000107e+01
1.209599999999999937e+02,1.430625000000000213e+01
1.210000000000000000e+02,1.402500000000000036e+01
1.210400000000000063e+02,1.419062500000000071e+01
1.210800000000000125e+02,1.402500000000000036e+01
1.211199999999999903e+02,1.422187500000000071e+01
1.211599999999999966e+02,1.439375000000000071e+01
1.212000000000000028e+02,1.404687500000000000e+01
1.212400000000000091e+02,1.402500000000000036e+01
1.212799999999999869e+02,1.430937500000000107e+01
1.213199999999999932e+02,1.434687500000000071e+01
1.213599999999999994e+02,1.434062500000000107e+01
1.214000000000000057e+02,1.433125000000000071e+01
1.214399999999999835e+02,1.409687500000000071e+01
1.214799999999999898e+02,1.425312500000000071e+01
1.215199999999999960e+02,1.415937500000000071e+01
1.215600000000000023e+02,1.410625000000000107e+01
1.216000000000000085e+02,1.416562500000000036e+01
1.216400000000000006e+02,1.398437500000000000e+01
1.216800000000000068e+02,1.415000000000000036e+01
1.217200000000000131e+02,1.399375000000000036e+01
1.217600000000000193e+02,1.413125000000000142e+01
1.217999999999999972e+02,1.420312500000000000e+01
1.218400000000000034e+02,1.412500000000000000e+01
1.218800000000000097e+02,1.405312500000000142e+01
1.219200000000000159e+02,1.412812500000000071e+01
1.219599999999999937e+02,1.437187500000000107e+01
1.220000000000000000e+02,1.403437500000000071e+01
1.220400000000000063e+02,1.415000000000000036e+01
1.220799999999999983e+02,1.420312500000000000e+01
1.221199999999999761e+02,1.415937500000000071e+01
1.221600000000000108e+02,1.431250000000000000e+01
1.221999999999999886e+02,1.403125000000000000e+01
1.222400000000000233e+02,1.439375000000000071e+01
1.222800000000000011e+02,1.432187500000000213e+01
1.223199999999999790e+02,1.402812500000000107e+01
1.223600000000000136e+02,1.434375000000000000e+01
1.223999999999999915e+02,1.420000000000000107e+01
1.224400000000000261e+02,1.405000000000000071e+01
1.224800000000000040e+02,1.381875000000000142e+01
1.225199999999999818e+02,1.424687500000000107e+01
1.225600000000000165e+02,1.415937500000000071e+01
1.225999999999999943e+02,1.412187500000000107e+01
1.226399999999999721e+02,1.413125000000000142e+01
1.226800000000000068e+02,1.411250000000000071e+01
1.227199999999999847e+02,1.433437499999999964e+01
1.227600000000000193e+02,1.404375000000000107e+01
1.227999999999999972e+02,1.424062500000000142e+01
1.228399999999999892e+02,1.415625000000000000e+01
1.228800000000000097e+02,1.422812500000000036e+01
1.229200000000000017e+02,1.395312500000000000e+01
1.229600000000000222e+02,1.414062500000000000e+01
1.230000000000000142e+02,1.408437500000000142e+01
1.230399999999999920e+02,1.421250000000000036e+01
1.230800000000000267e+02,1.413125000000000142e+01
1.231200000000000045e+02,1.428749999999999964e+01
1.231599999999999824e+02,1.410937500000000000e+01
1.232000000000000171e+02,1.406875000000000142e+01
1.232399999999999949e+02,1.422500000000000142e+01
1.232800000000000296e+02,1.431874999999999964e+01
1.233200000000000074e+02,1.424062500000000142e+01
1.233599999999999852e+02,1.400937500000000036e+01
1.234000000000000199e+02,1.408750000000000036e+01
1.234399999999999977e+02,1.425000000000000000e+01
1.234799999999999756e+02,1.412187500000000107e+01
1.235200000000000102e+02,1.394062500000000071e+01
1.235599999999999881e+02,1.424687500000000107e+01
1.236000000000000227e+02,1.410000000000000142e+01
1.236400000000000006e+02,1.429687500000000000e+01
1.236799999999999784e+02,1.423437500000000000e+01
1.237200000000000131e+02,1.414062500000000000e+01
1.237599999999999909e+02,1.402500000000000036e+01
1.238000000000000256e+02,1.409062500000000107e+01
1.238400000000000034e+02,1.425312500000000071e+01
1.238799999999999812e+02,1.432187500000000213e+01
1.239200000000000159e+02,1.410625000000000107e+01
1.239599999999999937e+02,1.418750000000000000e+01
1.239999999999999716e+02,1.433125000000000071e+01
1.240400000000000063e+02,1.413750000000000107e+01
1.240799999999999841e+02,1.409375000000000000e+01
1.241200000000000188e+02,1.403750000000000142e+01
1.241600000000000108e+02,1.406875000000000142e+01
1.242000000000000313e+02,1.408750000000000036e+01
1.242400000000000233e+02,1.425000000000000000e+01
1.242800000000000011e+02,1.399687500000000107e+01
1.243200000000000358e+02,1.426250000000000107e+01
1.243600000000000136e+02,1.455937500000000107e+01
1.244000000000000483e+02,1.416250000000000142e+01
1.244400000000000261e+02,1.429687500000000000e+01
1.244800000000000040e+02,1.405625000000000036e+01
1.245200000000000387e+02,1.405937500000000107e+01
1.245600000000000165e+02,1.421250000000000036e+01
1.245999999999999943e+02,1.430625000000000213e+01
1.246400000000000290e+02,1.419375000000000142e+01
1.246800000000000068e+02,1.391875000000000107e+01
1.247200000000000415e+02,1.399375000000000036e+01
1.247600000000000193e+02,1.422500000000000142e+01
1.247999999999999972e+02,1.426875000000000071e+01
1.248400000000000318e+02,1.409687500000000071e+01
1.248800000000000097e+02,1.405937500000000107e+01
1.249199999999999875e+02,1.412812500000000071e+01
1.249600000000000222e+02,1.396250000000000036e+01
1.250000000000000000e+02,1.435312500000000213e+01
1.250400000000000347e+02,1.405000000000000071e+01
1.250800000000000125e+02,1.427812500000000107e+01
1.251199999999999903e+02,1.404062500000000036e+01
1.251600000000000250e+02,1.436250000000000071e+01
1.252000000000000028e+02,1.408125000000000071e+01
1.252400000000000375e+02,1.423437500000000000e+01
1.252800000000000153e+02,1.410937500000000000e+01
1.253199999999999932e+02,1.408125000000000071e+01
1.253600000000000279e+02,1.418750000000000000e+01
1.254000000000000057e+02,1.415937500000000071e+01
1.254399999999999977e+02,1.429375000000000107e+01
1.254800000000000182e+02,1.414062500000000000e+01
1.255200000000000102e+02,1.431874999999999964e+01
1.255600000000000449e+02,1.409062500000000107e+01
1.256000000000000227e+02,1.452187499999999964e+01
1.256400000000000006e+02,1.422500000000000142e+01
1.256800000000000352e+02,1.401250000000000107e+01
1.257200000000000131e+02,1.412812500000000071e+01
1.257600000000000477e+02,1.437187500000000107e+01
1.258000000000000256e+02,1.429375000000000107e+01
1.258400000000000034e+02,1.407812500000000000e+01
1.258800000000000381e+02,1.402812500000000107e+01
1.259200000000000159e+02,1.411562500000000142e+01
1.259599999999999937e+02,1.424375000000000036e+01
1.260000000000000284e+02,1.411250000000000071e+01
1.260400000000000063e+02,1.418437500000000107e+01
1.260800000000000409e+02,1.429375000000000107e+01
1.261200000000000188e+02,1.420625000000000071e+01
1.261599999999999966e+02,1.409687500000000071e+01
1.262000000000000313e+02,1.401562500000000000e+01
1.262400000000000091e+02,1.441249999999999964e+01
1.262799999999999869e+02,1.412500000000000000e+01
1.263200000000000216e+02,1.421875000000000000e+01
1.263599999999999994e+02,1.424375000000000036e+01
1.264000000000000341e+02,1.425937500000000036e+01
1.264400000000000119e+02,1.422500000000000142e+01
1.264799999999999898e+02,1.415937500000000071e+01
1.265200000000000244e+02,1.417500000000000071e+01
1.265600000000000023e+02,1.418437500000000107e+01
1.266000000000000369e+02,1.411562500000000142e+01
1.266400000000000148e+02,1.425312500000000071e+01
1.266800000000000068e+02,1.402500000000000036e+01
1.267200000000000273e+02,1.413750000000000107e+01
1.267600000000000193e+02,1.424687500000000107e+01
1.267999999999999972e+02,1.446875000000000000e+01
1.268400000000000318e+02,1.436562499999999964e+01
1.268800000000000097e+02,1.414375000000000071e+01
1.269200000000000443e+02,1.417500000000000071e+01
1.269600000000000222e+02,1.427500000000000036e+01
1.270000000000000000e+02,1.424375000000000036e+01
1.270400000000000347e+02,1.422187500000000071e+01
1.270800000000000125e+02,1.401875000000000071e+01
1.271199999999999903e+02,1.400000000000000000e+01
1.271600000000000250e+02,1.416250000000000142e+01
1.272000000000000028e+02,1.393750000000000000e+01
1.272400000000000375e+02,1.408750000000000036e+01
1.272800000000000153e+02,1.436250000000000071e+01
1.273199999999999932e+02,1.407812500000000000e+01
1.273600000000000279e+02,1.417812500000000142e+01
1.274000000000000057e+02,1.452187499999999964e+01
1.274400000000000404e+02,1.431562500000000071e+01
1.274800000000000182e+02,1.410312500000000036e+01
1.275199999999999960e+02,1.414375000000000071e+01
1.275600000000000307e+02,1.397812500000000036e+01
1.276000000000000085e+02,1.427500000000000036e+01
1.276399999999999864e+02,1.401562500000000000e+01
1.276800000000000210e+02,1.435937500000000000e+01
1.277199999999999989e+02,1.423437500000000000e+01
1.277600000000000335e+02,1.421562500000000107e+01
1.278000000000000114e+02,1.418125000000000036e+01
1.278399999999999892e+02,1.430625000000000213e+01
1.278800000000000239e+02,1.446250000000000213e+01
1.279200000000000017e+02,1.403437500000000071e+01
1.279600000000000364e+02,1.417187500000000000e+01
1.280000000000000284e+02,1.425937500000000036e+01
1.280399999999999920e+02,1.409062500000000107e+01
1.280800000000000409e+02,1.406562500000000071e+01
1.281200000000000045e+02,1.416250000000000142e+01
1.281599999999999966e+02,1.434375000000000000e+01
1.282000000000000171e+02,1.388750000000000107e+01
1.282400000000000091e+02,1.436562499999999964e+01
1.282800000000000296e+02,1.422187500000000071e+01
1.283200000000000216e+02,1.407187500000000036e+01
1.283599999999999852e+02,1.394375000000000142e+01
1.284000000000000341e+02,1.419687500000000036e+01
1.284399999999999977e+02,1.388125000000000142e+01
1.284799999999999898e+02,1.414062500000000000e+01
1.285200000000000102e+02,1.424375000000000036e+01
1.285600000000000023e+02,1.436875000000000213e+01
1.286000000000000227e+02,1.434062500000000107e+01
1.286400000000000148e+02,1.425624999999999964e+01
1.286800000000000068e+02,1.429375000000000107e+01
1.287200000000000273e+02,1.441249999999999964e+01
1.287600000000000193e+02,1.413750000000000107e+01
1.288000000000000398e+02,1.410312500000000036e+01
1.288400000000000318e+02,1.401250000000000107e+01
1.288799999999999955e+02,1.415937500000000071e+01
1.289200000000000443e+02,1.417500000000000071e+01
1.289600000000000080e+02,1.420937500000000142e+01
1.290000000000000000e+02,1.423125000000000107e+01
1.290400000000000205e+02,1.419687500000000036e+01
1.290800000000000125e+02,1.411875000000000036e+01
1.291200000000000330e+02,1.420000000000000107e+01
1.291600000000000250e+02,1.407187500000000036e+01
1.291999999999999886e+02,1.426562500000000000e+01
1.292400000000000375e+02,1.410312500000000036e+01
1.292800000000000011e+02,1.409375000000000000e+01
1.293200000000000500e+02,1.410625000000000107e+01
1.293600000000000136e+02,1.399687500000000107e+01
1.294000000000000057e+02,1.444062500000000071e+01
1.294400000000000261e+02,1.417500000000000071e+01
1.294800000000000182e+02,1.422812500000000036e+01
1.295199999999999818e+02,1.422812500000000036e+01
1.295600000000000307e+02,1.415625000000000000e+01
1.295999999999999943e+02,1.406875000000000142e+01
1.296400000000000432e+02,1.417187500000000000e+01
1.296800000000000068e+02,1.440625000000000000e+01
1.297199999999999989e+02,1.405937500000000107e+01
1.297600000000000193e+02,1.430625000000000213e+01
1.298000000000000114e+02,1.425937500000000036e+01
1.298400000000000034e+02,1.413125000000000142e+01
1.298800000000000239e+02,1.404687500000000000e+01
1.299200000000000159e+02,1.424062500000000142e+01
1.299600000000000364e+02,1.409687500000000071e+01
1.300000000000000284e+02,1.436250000000000071e+01
1.300399999999999920e+02,1.434062500000000107e+01
1.300800000000000409e+02,1.410937500000000000e+01
1.301200000000000045e+02,1.413437500000000036e+01
1.301600000000000534e+02,1.410625000000000107e+01
1.302000000000000171e+02,1.424062500000000142e+01
1.302400000000000091e+02,1.413125000000000142e+01
1.302800000000000296e+02,1.434375000000000000e+01
1.303200000000000216e+02,1.405312500000000142e+01
1.303599999999999852e+02,1.422187500000000071e+01
1.304000000000000341e+02,1.417500000000000071e+01
1.304399999999999977e+02,1.420312500000000000e+01
1.304800000000000466e+02,1.446875000000000000e+01
1.305200000000000102e+02,1.407500000000000107e+01
1.305600000000000023e+02,1.414062500000000000e+01
1.306000000000000227e+02,1.408750000000000036e+01
1.306400000000000148e+02,1.430625000000000213e+01
1.306799999999999784e+02,1.396875000000000000e+01
1.307200000000000273e+02,1.394375000000000142e+01
1.307599999999999909e+02,1.411562500000000142e+01
1.308000000000000398e+02,1.424375000000000036e+01
1.308400000000000034e+02,1.428749999999999964e+01
1.308799999999999955e+02,1.417500000000000071e+01
1.309200000000000159e+02,1.439375000000000071e+01
1.309600000000000080e+02,1.417812500000000142e+01
1.310000000000000284e+02,1.429687500000000000e+01
1.310400000000000205e+02,1.437812500000000071e+01
1.310800000000000125e+02,1.418750000000000000e+01
1.311200000000000330e+02,1.394687500000000036e+01
1.311600000000000250e+02,1.419687500000000036e+01
1.311999999999999886e+02,1.425624999999999964e+01
1.312400000000000375e+02,1.409375000000000000e+01
1.312800000000000011e+02,1.434687500000000071e+01
1.313200000000000500e+02,1.420625000000000071e+01
1.313600000000000136e+02,1.422187500000000071e+01
1.314000000000000057e+02,1.404062500000000036e+01
1.314400000000000261e+02,1.405312500000000142e+01
1.314800000000000182e+02,1.448437500000000000e+01
1.315200000000000387e+02,1.401562500000000000e+01
1.315600000000000307e+02,1.409375000000000000e+01
1.315999999999999943e+02,1.408125000000000071e+01
1.316400000000000432e+02,1.403125000000000000e+01
1.316800000000000068e+02,1.411875000000000036e+01
1.317199999999999989e+02,1.408437500000000142e+01
1.317600000000000193e+02,1.420625000000000071e+01
1.318000000000000114e+02,1.439375000000000071e+01
1.318400000000000318e+02,1.425937500000000036e+01
1.318800000000000239e+02,1.420937500000000142e+01
1.319199999999999875e+02,1.413125000000000142e+01
1.319600000000000364e+02,1.429375000000000107e+01
1.320000000000000000e+02,1.420312500000000000e+01
1.320399999999999920e+02,1.423437500000000000e+01
1.320800000000000125e+02,1.413750000000000107e+01
1.321200000000000045e+02,1.437812500000000071e+01
1.321600000000000250e+02,1.432812500000000000e+01
1.322000000000000171e+02,1.421250000000000036e+01
1.322399999999999807e+02,1.439687499999999964e+01
1.322800000000000296e+02,1.408437500000000142e+01
1.323199999999999932e+02,1.418750000000000000e+01
1.323600000000000421e+02,1.434999999999999964e+01
1.324000000000000057e+02,1.427500000000000036e+01
1.324399999999999977e+02,1.433750000000000213e+01
1.324800000000000466e+02,1.445625000000000071e+01
1.325200000000000102e+02,1.403437500000000071e+01
1.325600000000000023e+02,1.416875000000000107e+01
1.326000000000000227e+02,1.428125000000000000e+01
1.326400000000000148e+02,1.400312500000000071e+01
1.326800000000000352e+02,1.400000000000000000e+01
1.327200000000000273e+02,1.405937500000000107e+01
1.327599999999999909e+02,1.415312500000000107e+01
1.328000000000000398e+02,1.389375000000000071e+01
1.328400000000000034e+02,1.410625000000000107e+01
1.328800000000000523e+02,1.432500000000000107e+01
1.329200000000000159e+02,1.422187500000000071e+01
1.329600000000000080e+02,1.426875000000000071e+01
1.330000000000000284e+02,1.428749999999999964e+01
1.330400000000000205e+02,1.410937500000000000e+01
1.330799999999999841e+02,1.400625000000000142e+01
1.331200000000000330e+02,1.430937500000000107e+01
1.331599999999999966e+02,1.413437500000000036e+01
1.332000000000000455e+02,1.416250000000000142e+01
1.332400000000000091e+02,1.415625000000000000e+01
1.332800000000000011e+02,1.439687499999999964e+01
1.333200000000000216e+02,1.412812500000000071e+01
1.333600000000000136e+02,1.415312500000000107e+01
1.333999999999999773e+02,1.412500000000000000e+01
1.334400000000000261e+02,1.408750000000000036e+01
1.334799999999999898e+02,1.432812500000000000e+01
1.335200000000000387e+02,1.420937500000000142e+01
1.335600000000000023e+02,1.427812500000000107e+01
1.335999999999999943e+02,1.415937500000000071e+01
1.336400000000000148e+02,1.409687500000000071e+01
1.336800000000000068e+02,1.413125000000000142e+01
1.337200000000000273e+02,1.432500000000000107e+01
1.337600000000000193e+02,1.434375000000000000e+01
1.338000000000000114e+02,1.424062500000000142e+01
1.338400000000000318e+02,1.427812500000000107e+01
1.338800000000000239e+02,1.438750000000000107e+01
1.339199999999999875e+02,1.414062500000000000e+01
1.339600000000000364e+02,1.427500000000000036e+01
1.340000000000000000e+02,1.411250000000000071e+01
1.340400000000000489e+02,1.410625000000000107e+01
1.340800000000000125e+02,1.439375000000000071e+01
1.341200000000000045e+02,1.430000000000000071e+01
1.341600000000000250e+02,1.439375000000000071e+01
1.342000000000000171e+02,1.408750000000000036e+01
1.342400000000000375e+02,1.427500000000000036e+01
1.342800000000000296e+02,1.416875000000000107e+01
1.343199999999999932e+02,1.411875000000000036e+01
1.343600000000000421e+02,1.424375000000000036e+01
1.344000000000000057e+02,1.405937500000000107e+01
1.344399999999999977e+02,1.416875000000000107e+01
1.344800000000000182e+02,1.417812500000000142e+01
1.345200000000000102e+02,1.418125000000000036e+01
1.345600000000000307e+02,1.427187499999999964e+01
1.346000000000000227e+02,1.449375000000000213e+01
1.346399999999999864e+02,1.415000000000000036e+01
1.346800000000000352e+02,1.430000000000000071e+01
1.347199999999999989e+02,1.448437500000000000e+01
1.347599999999999909e+02,1.415937500000000071e+01
1.348000000000000114e+02,1.422812500000000036e+01
1.348400000000000034e+02,1.405000000000000071e+01
1.348800000000000239e+02,1.410937500000000000e+01
1.349200000000000159e+02,1.420000000000000107e+01
1.349600000000000080e+02,1.438437500000000213e+01
1.350000000000000284e+02,1.443437500000000107e+01
1.350400000000000205e+02,1.427187499999999964e+01
1.350800000000000409e+02,1.412187500000000107e+01
1.351200000000000330e+02,1.398437500000000000e+01
1.351599999999999966e+02,1.420625000000000071e+01
1.352000000000000455e+02,1.423437500000000000e+01
1.352400000000000091e+02,1.411875000000000036e+01
1.352800000000000011e+02,1.424375000000000036e+01
1.353200000000000216e+02,1.423125000000000107e+01
1.353600000000000136e+02,1.432812500000000000e+01
1.354000000000000341e+02,1.405000000000000071e+01
1.354400000000000261e+02,1.422500000000000142e+01
1.354799999999999898e+02,1.424375000000000036e+01
1.355200000000000387e+02,1.400625000000000142e+01
1.355600000000000023e+02,1.426250000000000107e+01
1.355999999999999943e+02,1.405937500000000107e+01
1.356400000000000148e+02,1.421562500000000107e+01
1.356800000000000068e+02,1.425312500000000071e+01
1.357200000000000273e+02,1.433750000000000213e+01
1.357600000000000193e+02,1.418125000000000036e+01
1.357999999999999829e+02,1.444062500000000071e+01
1.358400000000000318e+02,1.409062500000000107e+01
1.358799999999999955e+02,1.418437500000000107e+01
1.359200000000000443e+02,1.421562500000000107e+01
1.359600000000000080e+02,1.419375000000000142e+01
1.360000000000000000e+02,1.420625000000000071e+01
1.360400000000000205e+02,1.399375000000000036e+01
1.360800000000000125e+02,1.415312500000000107e+01
1.361200000000000045e+02,1.419062500000000071e+01
1.361600000000000250e+02,1.425937500000000036e+01
1.362000000000000171e+02,1.436875000000000213e+01
1.362400000000000375e+02,1.440937500000000071e+01
1.362800000000000296e+02,1.417812500000000142e+01
1.363199999999999932e+02,1.412187500000000107e+01
1.363600000000000421e+02,1.418125000000000036e+01
1.364000000000000057e+02,1.400937500000000036e+01
1.364400000000000546e+02,1.425937500000000036e+01
1.364800000000000182e+02,1.420000000000000107e+01
1.365200000000000102e+02,1.422812500000000036e+01
1.365600000000000307e+02,1.423125000000000107e+01
1.366000000000000227e+02,1.414687500000000142e+01
1.366399999999999864e+02,1.414375000000000071e+01
1.366800000000000352e+02,1.423750000000000071e+01
1.367199999999999989e+02,1.402812500000000107e+01
1.367600000000000477e+02,1.439062500000000000e+01
1.368000000000000114e+02,1.441562500000000213e+01
1.368400000000000034e+02,1.401562500000000000e+01
1.368800000000000239e+02,1.409687500000000071e+01
1.369200000000000159e+02,1.423437500000000000e+01
1.369599999999999795e+02,1.434375000000000000e+01
1.370000000000000284e+02,1.407500000000000107e+01
1.370399999999999920e+02,1.428437500000000071e+01
1.370800000000000409e+02,1.414062500000000000e+01
1.371200000000000045e+02,1.398125000000000107e+01
1.371599999999999966e+02,1.404687500000000000e+01
1.372000000000000171e+02,1.422812500000000036e+01
1.372400000000000091e+02,1.423125000000000107e+01
1.372800000000000296e+02,1.420625000000000071e+01
1.373200000000000216e+02,1.410000000000000142e+01
1.373600000000000136e+02,1.428749999999999964e+01
1.374000000000000341e+02,1.403750000000000142e+01
1.374400000000000261e+02,1.419375000000000142e+01
1.374799999999999898e+02,1.395625000000000071e+01
1.375200000000000387e+02,1.431874999999999964e+01
1.375600000000000023e+02,1.428437500000000071e+01
1.376000000000000512e+02,1.427187499999999964e+01
1.376400000000000148e+02,1.439687499999999964e+01
1.376800000000000068e+02,1.421250000000000036e+01
1.377200000000000273e+02,1.408437500000000142e+01
1.377600000000000193e+02,1.428125000000000000e+01
1.378000000000000398e+02,1.411875000000000036e+01
1.378400000000000318e+02,1.415000000000000036e+01
1.378799999999999955e+02,1.437812500000000071e+01
1.379200000000000443e+02,1.420937500000000142e+01
1.379600000000000080e+02,1.421875000000000000e+01
1.380000000000000000e+02,1.410312500000000036e+01
1.380400000000000205e+02,1.418750000000000000e+01
1.380800000000000125e+02,1.403437500000000071e+01
1.381200000000000330e+02,1.429375000000000107e+01
1.381600000000000250e+02,1.421875000000000000e+01
1.381999999999999886e+02,1.411250000000000071e+01
1.382400000000000375e+02,1.443750000000000000e+01
1.382800000000000011e+02,1.425624999999999964e+01
1.383199999999999932e+02,1.437187500000000107e+01
1.383600000000000136e+02,1.423437500000000000e+01
1.384000000000000057e+02,1.423750000000000071e+01
1.384400000000000261e+02,1.418750000000000000e+01
1.384800000000000182e+02,1.424062500000000142e+01
1.385199999999999818e+02,1.431250000000000000e+01
1.385600000000000307e+02,1.430937500000000107e+01
1.385999999999999943e+02,1.433750000000000213e+01
1.386400000000000432e+02,1.439375000000000071e+01
1.386800000000000068e+02,1.424375000000000036e+01
1.387199999999999989e+02,1.457187500000000213e+01
1.387600000000000193e+02,1.435937500000000000e+01
1.388000000000000114e+02,1.401875000000000071e+01
1.388400000000000034e+02,1.425937500000000036e+01
1.388800000000000239e+02,1.418125000000000036e+01
1.389200000000000159e+02,1.424687500000000107e+01
1.389600000000000364e+02,1.428125000000000000e+01
1.390000000000000284e+02,1.420937500000000142e+01
1.390399999999999920e+02,1.417187500000000000e+01
1.390800000000000409e+02,1.439375000000000071e+01
1.391200000000000045e+02,1.454375000000000107e+01
1.391599999999999966e+02,1.421250000000000036e+01
1.392000000000000171e+02,1.427812500000000107e+01
1.392400000000000091e+02,1.412187500000000107e+01
1.392800000000000296e+02,1.431562500000000071e+01
1.393200000000000216e+02,1.438750000000000107e+01
1.393599999999999852e+02,1.430000000000000071e+01
1.394000000000000341e+02,1.432812500000000000e+01
1.394399999999999977e+02,1.418750000000000000e+01
1.394800000000000466e+02,1.421250000000000036e+01
1.395200000000000102e+02,1.428125000000000000e+01
1.395600000000000023e+02,1.436562499999999964e+01
1.396000000000000227e+02,1.443125000000000213e+01
1.396400000000000148e+02,1.422812500000000036e+01
1.396799999999999784e+02,1.434062500000000107e+01
1.397200000000000273e+02,1.424062500000000142e+01
1.397599999999999909e+02,1.422187500000000071e+01
1.398000000000000398e+02,1.415937500000000071e+01
1.398400000000000034e+02,1.430000000000000071e+01
1.398799999999999955e+02,1.425624999999999964e+01
1.399200000000000159e+02,1.428437500000000071e+01
1.399600000000000080e+02,1.448437500000000000e+01
1.400000000000000284e+02,1.424687500000000107e+01
1.400400000000000205e+02,1.434999999999999964e+01
1.400800000000000125e+02,1.438750000000000107e+01
1.401200000000000330e+02,1.427500000000000036e+01
1.401600000000000250e+02,1.440625000000000000e+01
1.401999999999999886e+02,1.435625000000000107e+01
1.402400000000000375e+02,1.435937500000000000e+01
1.402800000000000011e+02,1.443125000000000213e+01
1.403200000000000500e+02,1.449687500000000107e+01
1.403600000000000136e+02,1.439687499999999964e+01
1.404000000000000057e+02,1.430000000000000071e+01
1.404400000000000261e+02,1.430000000000000071e+01
1.404800000000000182e+02,1.445625000000000071e+01
1.405199999999999818e+02,1.451875000000000071e+01
1.405600000000000307e+02,1.415000000000000036e+01
1.405999999999999943e+02,1.430625000000000213e+01
1.406400000000000432e+02,1.423125000000000107e+01
1.406800000000000068e+02,1.436250000000000071e+01
1.407199999999999989e+02,1.424062500000000142e+01
1.407600000000000193e+02,1.407187500000000036e+01
1.408000000000000114e+02,1.419687500000000036e+01
1.408400000000000318e+02,1.415625000000000000e+01
1.408800000000000239e+02,1.432500000000000107e+01
1.409199999999999875e+02,1.434687500000000071e+01
1.409600000000000364e+02,1.449687500000000107e+01
1.410000000000000000e+02,1.416562500000000036e+01
1.410399999999999920e+02,1.420937500000000142e+01
1.410800000000000125e+02,1.455937500000000107e+01
1.411200000000000045e+02,1.452187499999999964e+01
1.411600000000000250e+02,1.445312500000000000e+01
1.412000000000000171e+02,1.431562500000000071e+01
1.412400000000000091e+02,1.439375000000000071e+01
1.412800000000000296e+02,1.438437500000000213e+01
1.413200000000000216e+02,1.410000000000000142e+01
1.413600000000000421e+02,1.447187500000000071e+01
1.414000000000000341e+02,1.418750000000000000e+01
1.414399999999999977e+02,1.427812500000000107e+01
1.414800000000000466e+02,1.438750000000000107e+01
1.415200000000000102e+02,1.423750000000000071e+01
1.415600000000000023e+02,1.427500000000000036e+01
1.416000000000000227e+02,1.412812500000000071e+01
1.416400000000000148e+02,1.440000000000000213e+01
1.416800000000000352e+02,1.430937500000000107e+01
1.417200000000000273e+02,1.409375000000000000e+01
1.417599999999999909e+02,1.448125000000000107e+01
1.418000000000000398e+02,1.434687500000000071e+01
1.418400000000000034e+02,1.459062500000000107e+01
1.418799999999999955e+02,1.424062500000000142e+01
1.419200000000000159e+02,1.455312499999999964e+01
1.419600000000000080e+02,1.448125000000000107e+01
1.420000000000000284e+02,1.414687500000000142e+01
1.420400000000000205e+02,1.424687500000000107e+01
1.420799999999999841e+02,1.409062500000000107e+01
1.421200000000000330e+02,1.431562500000000071e+01
1.421599999999999966e+02,1.415312500000000107e+01
1.422000000000000455e+02,1.419687500000000036e+01
1.422400000000000091e+02,1.434062500000000107e+01
1.422800000000000011e+02,1.426875000000000071e+01
1.423200000000000216e+02,1.413437500000000036e+01
1.423600000000000136e+02,1.419375000000000142e+01
1.424000000000000057e+02,1.440937500000000071e+01
1.424400000000000261e+02,1.456250000000000000e+01
1.424800000000000182e+02,1.412812500000000071e+01
1.425200000000000387e+02,1.428437500000000071e+01
1.425600000000000307e+02,1.428437500000000071e+01
1.425999999999999943e+02,1.425624999999999964e+01
1.426400000000000432e+02,1.401875000000000071e+01
1.426800000000000068e+02,1.447499999999999964e+01
1.427200000000000557e+02,1.429375000000000107e+01
1.427600000000000193e+02,1.435625000000000107e+01
1.428000000000000114e+02,1.447499999999999964e+01
1.428400000000000318e+02,1.439062500000000000e+01
1.428800000000000239e+02,1.437187500000000107e+01
1.429199999999999875e+02,1.420937500000000142e+01
1.429600000000000364e+02,1.435312500000000213e+01
1.430000000000000000e+02,1.440937500000000071e+01
1.430400000000000489e+02,1.400625000000000142e+01
1.430800000000000125e+02,1.428437500000000071e+01
1.431200000000000045e+02,1.452812500000000107e+01
1.431600000000000250e+02,1.447812500000000213e+01
1.432000000000000171e+02,1.416562500000000036e+01
1.432399999999999807e+02,1.442500000000000071e+01
1.432800000000000296e+02,1.427500000000000036e+01
1.433199999999999932e+02,1.405937500000000107e+01
1.433600000000000421e+02,1.459999999999999964e+01
1.434000000000000057e+02,1.426875000000000071e+01
1.434399999999999977e+02,1.390625000000000000e+01
1.434800000000000182e+02,1.428437500000000071e+01
1.435200000000000102e+02,1.439375000000000071e+01
1.435600000000000307e+02,1.434999999999999964e+01
1.436000000000000227e+02,1.454375000000000107e+01
1.436399999999999864e+02,1.429062500000000213e+01
1.436800000000000352e+02,1.447187500000000071e+01
1.437200000000000273e+02,1.438750000000000107e+01
1.437599999999999909e+02,1.413750000000000107e+01
1.438000000000000398e+02,1.436875000000000213e+01
1.438400000000000034e+02,1.433125000000000071e+01
1.438800000000000523e+02,1.424375000000000036e+01
1.439200000000000159e+02,1.442500000000000071e+01
1.439600000000000080e+02,1.433125000000000071e+01
1.440000000000000284e+02,1.419687500000000036e+01
1.440400000000000205e+02,1.445937499999999964e+01
1.440799999999999841e+02,1.400312500000000071e+01
1.441200000000000330e+02,1.419062500000000071e+01
1.441599999999999966e+02,1.424062500000000142e+01
1.442000000000000455e+02,1.414375000000000071e+01
1.442400000000000091e+02,1.455625000000000213e+01
1.442800000000000011e+02,1.439375000000000071e+01
1.443200000000000216e+02,1.425624999999999964e+01
1.443600000000000136e+02,1.425000000000000000e+01
1.444000000000000341e+02,1.446562500000000107e+01
1.444400000000000261e+02,1.436250000000000071e+01
1.444799999999999898e+02,1.428437500000000071e+01
1.445200000000000387e+02,1.436875000000000213e+01
1.445600000000000023e+02,1.423750000000000071e+01
1.445999999999999943e+02,1.428125000000000000e+01
1.446400000000000148e+02,1.437812500000000071e+01
1.446800000000000068e+02,1.411562500000000142e+01
1.447200000000000273e+02,1.452187499999999964e+01
1.447600000000000193e+02,1.438750000000000107e+01
1.447999999999999829e+02,1.418125000000000036e+01
1.448400000000000318e+02,1.431250000000000000e+01
1.448799999999999955e+02,1.434687500000000071e+01
1.449200000000000443e+02,1.441562500000000213e+01
1.449600000000000080e+02,1.436250000000000071e+01
1.450000000000000000e+02,1.453125000000000000e+01
1.450400000000000205e+02,1.434999999999999964e+01
1.450800000000000125e+02,1.419062500000000071e+01
1.451200000000000045e+02,1.415625000000000000e+01
1.451600000000000250e+02,1.451250000000000107e+01
1.452000000000000171e+02,1.431562500000000071e+01
1.452400000000000375e+02,1.435312500000000213e+01
1.452800000000000296e+02,1.418750000000000000e+01
1.453199999999999932e+02,1.417812500000000142e+01
1.453600000000000421e+02,1.435937500000000000e+01
1.454000000000000057e+02,1.415625000000000000e+01
1.454399999999999977e+02,1.437500000000000000e+01
1.454800000000000182e+02,1.437500000000000000e+01
1.455200000000000102e+02,1.418125000000000036e+01
1.455600000000000307e+02,1.434062500000000107e+01
1.456000000000000227e+02,1.429375000000000107e+01
1.456399999999999864e+02,1.417187500000000000e+01
1.456800000000000352e+02,1.420625000000000071e+01
1.457199999999999989e+02,1.434999999999999964e+01
1.457600000000000477e+02,1.447812500000000213e+01
1.458000000000000114e+02,1.447187500000000071e+01
1.458400000000000034e+02,1.429375000000000107e+01
1.458800000000000239e+02,1.437500000000000000e+01
1.459200000000000159e+02,1.440625000000000000e+01
1.459599999999999795e+02,1.428125000000000000e+01
1.460000000000000284e+02,1.443125000000000213e+01
1.460399999999999920e+02,1.423125000000000107e+01
1.460800000000000409e+02,1.418125000000000036e+01
1.461200000000000045e+02,1.420625000000000071e+01
1.461599999999999966e+02,1.423750000000000071e+01
1.462000000000000171e+02,1.422187500000000071e+01
1.462400000000000091e+02,1.431562500000000071e+01
1.462800000000000296e+02,1.440000000000000213e+01
1.463200000000000216e+02,1.455000000000000071e+01
1.463600000000000136e+02,1.422187500000000071e+01
1.464000000000000341e+02,1.413125000000000142e+01
1.464400000000000261e+02,1.415937500000000071e+01
1.464799999999999898e+02,1.430312499999999964e+01
1.465200000000000387e+02,1.416562500000000036e+01
1.465600000000000023e+02,1.422500000000000142e+01
1.466000000000000512e+02,1.428125000000000000e+01
1.466400000000000148e+02,1.437812500000000071e+01
1.466800000000000068e+02,1.441562500000000213e+01
1.467200000000000273e+02,1.418750000000000000e+01
1.467600000000000193e+02,1.407812500000000000e+01
1.467999999999999829e+02,1.453125000000000000e+01
1.468400000000000318e+02,1.433437499999999964e+01
1.468799999999999955e+02,1.429062500000000213e+01
1.469200000000000443e+02,1.444062500000000071e+01
1.469600000000000080e+02,1.433437499999999964e+01
1.470000000000000000e+02,1.444374999999999964e+01
1.470400000000000205e+02,1.419375000000000142e+01
1.470800000000000125e+02,1.437812500000000071e+01
1.471200000000000330e+02,1.451875000000000071e+01
1.471600000000000250e+02,1.444374999999999964e+01
1.471999999999999886e+02,1.455312499999999964e+01
1.472400000000000375e+02,1.439062500000000000e+01
1.472800000000000011e+02,1.434062500000000107e+01
1.473199999999999932e+02,1.419062500000000071e+01
1.473600000000000136e+02,1.439062500000000000e+01
1.474000000000000057e+02,1.390937500000000071e+01
1.474400000000000261e+02,1.432500000000000107e+01
1.474800000000000182e+02,1.431562500000000071e+01
1.475200000000000102e+02,1.443750000000000000e+01
1.475600000000000307e+02,1.422500000000000142e+01
1.476000000000000227e+02,1.430000000000000071e+01
1.476399999999999864e+02,1.441249999999999964e+01
1.476800000000000352e+02,1.425624999999999964e+01
1.477199999999999989e+02,1.440937500000000071e+01
1.477600000000000477e+02,1.428125000000000000e+01
1.478000000000000114e+02,1.413750000000000107e+01
1.478400000000000034e+02,1.425624999999999964e+01
1.478800000000000239e+02,1.420312500000000000e+01
1.479200000000000159e+02,1.439375000000000071e+01
1.479600000000000364e+02,1.460937500000000000e+01
1.480000000000000284e+02,1.452500000000000213e+01
1.480399999999999920e+02,1.452500000000000213e+01
1.480800000000000409e+02,1.461875000000000213e+01
1.481200000000000045e+02,1.455625000000000213e+01
1.481599999999999966e+02,1.434375000000000000e+01
1.482000000000000171e+02,1.466562500000000036e+01
1.482400000000000091e+02,1.444687500000000213e+01
1.482800000000000296e+02,1.410000000000000142e+01
1.483200000000000216e+02,1.420312500000000000e+01
1.483599999999999852e+02,1.433125000000000071e+01
1.484000000000000341e+02,1.424375000000000036e+01
1.484399999999999977e+02,1.430312499999999964e+01
1.484800000000000466e+02,1.456874999999999964e+01
1.485200000000000102e+02,1.442500000000000071e+01
1.485600000000000023e+02,1.449687500000000107e+01
1.486000000000000227e+02,1.412187500000000107e+01
1.486400000000000148e+02,1.426250000000000107e+01
1.486800000000000068e+02,1.419375000000000142e+01
1.487200000000000273e+02,1.426250000000000107e+01
1.487600000000000193e+02,1.441875000000000107e+01
1.488000000000000398e+02,1.437500000000000000e+01
1.488400000000000318e+02,1.431874999999999964e+01
1.488799999999999955e+02,1.448750000000000071e+01
1.489200000000000443e+02,1.448750000000000071e+01
1.489600000000000080e+02,1.421250000000000036e+01
1.490000000000000000e+02,1.432812500000000000e+01
1.490400000000000205e+02,1.445625000000000071e+01
1.490800000000000125e+02,1.417812500000000142e+01
1.491200000000000330e+02,1.445312500000000000e+01
1.491600000000000250e+02,1.441562500000000213e+01
1.491999999999999886e+02,1.437812500000000071e+01
1.492400000000000375e+02,1.409375000000000000e+01
1.492800000000000011e+02,1.437187500000000107e+01
1.493200000000000500e+02,1.437187500000000107e+01
1.493600000000000136e+02,1.440312500000000107e+01
1.494000000000000057e+02,1.462187500000000107e+01
1.494400000000000261e+02,1.438124999999999964e+01
1.494800000000000182e+02,1.434999999999999964e+01
1.495199999999999818e+02,1.428125000000000000e+01
1.495600000000000307e+02,1.425312500000000071e+01
1.495999999999999943e+02,1.427812500000000107e+01
1.496400000000000432e+02,1.425312500000000071e+01
1.496800000000000068e+02,1.443750000000000000e+01
1.497199999999999989e+02,1.407187500000000036e+01
1.497600000000000193e+02,1.454375000000000107e+01
1.498000000000000114e+02,1.430937500000000107e+01
1.498400000000000318e+02,1.447812500000000213e+01
1.498800000000000239e+02,1.442812499999999964e+01
1.499199999999999875e+02,1.425937500000000036e+01
1.499600000000000364e+02,1.454687500000000000e+01
1.500000000000000000e+02,1.449687500000000107e+01
1.500399999999999920e+02,1.440000000000000213e+01
1.500800000000000409e+02,1.437187500000000107e+01
1.501200000000000045e+02,1.422812500000000036e+01
1.501600000000000534e+02,1.450624999999999964e+01
1.502000000000000171e+02,1.431562500000000071e+01
1.502400000000000091e+02,1.414375000000000071e+01
1.502800000000000296e+02,1.443125000000000213e+01
1.503200000000000216e+02,1.448437500000000000e+01
1.503599999999999852e+02,1.424687500000000107e+01
1.504000000000000341e+02,1.427187499999999964e+01
1.504399999999999977e+02,1.438124999999999964e+01
1.504800000000000466e+02,1.435625000000000107e+01
1.505200000000000102e+02,1.445625000000000071e+01
1.505600000000000023e+02,1.430937500000000107e+01
1.506000000000000227e+02,1.425624999999999964e+01
1.506400000000000148e+02,1.423437500000000000e+01
1.506800000000000352e+02,1.445312500000000000e+01
1.507200000000000273e+02,1.440000000000000213e+01
1.507599999999999909e+02,1.411250000000000071e+01
1.508000000000000398e+02,1.465000000000000213e+01
1.508400000000000034e+02,1.437812500000000071e+01
1.508799999999999955e+02,1.428125000000000000e+01
1.509200000000000159e+02,1.449687500000000107e+01
1.509600000000000080e+02,1.427500000000000036e+01
1.510000000000000284e+02,1.461875000000000213e+01
1.510400000000000205e+02,1.419375000000000142e+01
1.510799999999999841e+02,1.423437500000000000e+01
1.511200000000000330e+02,1.442812499999999964e+01
1.511599999999999966e+02,1.459999999999999964e+01
1.512000000000000455e+02,1.447187500000000071e+01
1.512400000000000091e+02,1.430625000000000213e+01
1.512800000000000011e+02,1.447499999999999964e+01
1.513200000000000216e+02,1.441875000000000107e+01
1.513600000000000136e+02,1.434062500000000107e+01
1.514000000000000057e+02,1.446562500000000107e+01
1.514400000000000261e+02,1.462500000000000000e+01
1.514800000000000182e+02,1.437187500000000107e+01
1.515200000000000387e+02,1.421875000000000000e+01
1.515600000000000307e+02,1.439687499999999964e+01
1.515999999999999943e+02,1.417812500000000142e+01
1.516400000000000432e+02,1.440312500000000107e+01
1.516800000000000068e+02,1.430000000000000071e+01
1.517199999999999989e+02,1.451562500000000000e+01
1.517600000000000193e+02,1.454687500000000000e+01
1.518000000000000114e+02,1.459375000000000000e+01
1.518400000000000318e+02,1.432187500000000213e+01
1.518800000000000239e+02,1.430625000000000213e+01
1.519199999999999875e+02,1.456874999999999964e+01
1.519600000000000364e+02,1.435937500000000000e+01
1.520000000000000000e+02,1.423125000000000107e+01
1.520400000000000489e+02,1.453125000000000000e+01
1.520800000000000125e+02,1.439062500000000000e+01
1.521200000000000045e+02,1.425312500000000071e+01
1.521600000000000250e+02,1.417187500000000000e+01
1.522000000000000171e+02,1.418750000000000000e+01
1.522399999999999807e+02,1.440000000000000213e+01
1.522800000000000296e+02,1.428749999999999964e+01
1.523199999999999932e+02,1.415625000000000000e+01
1.523600000000000421e+02,1.453125000000000000e+01
1.524000000000000057e+02,1.447812500000000213e+01
1.524399999999999977e+02,1.462187500000000107e+01
1.524800000000000182e+02,1.441249999999999964e+01
1.525200000000000102e+02,1.440000000000000213e+01
1.525600000000000023e+02,1.428437500000000071e+01
1.526000000000000227e+02,1.425000000000000000e+01
1.526400000000000148e+02,1.443750000000000000e+01
1.526800000000000352e+02,1.426562500000000000e+01
1.527200000000000273e+02,1.440937500000000071e+01
1.527599999999999909e+02,1.428437500000000071e+01
1.528000000000000398e+02,1.455625000000000213e+01
1.528400000000000034e+02,1.457500000000000107e+01
1.528800000000000523e+02,1.422812500000000036e+01
1.529200000000000159e+02,1.425624999999999964e+01
1.529600000000000080e+02,1.431874999999999964e+01
1.530000000000000284e+02,1.424062500000000142e+01
1.530400000000000205e+02,1.434062500000000107e+01
1.530799999999999841e+02,1.429062500000000213e+01
1.531200000000000330e+02,1.438124999999999964e+01
1.531599999999999966e+02,1.465312500000000107e+01
1.532000000000000455e+02,1.447187500000000071e+01
1.532400000000000091e+02,1.426562500000000000e+01
1.532800000000000011e+02,1.434687500000000071e+01
1.533200000000000216e+02,1.442812499999999964e+01
1.533600000000000136e+02,1.412812500000000071e+01
1.534000000000000341e+02,1.435937500000000000e+01
1.534400000000000261e+02,1.433750000000000213e+01
1.534799999999999898e+02,1.420312500000000000e+01
1.535200000000000387e+02,1.457812500000000000e+01
1.535600000000000023e+02,1.425937500000000036e+01
1.535999999999999943e+02,1.446250000000000213e+01
1.536400000000000148e+02,1.449687500000000107e+01
1.536800000000000068e+02,1.452500000000000213e+01
1.537200000000000273e+02,1.426250000000000107e+01
1.537600000000000193e+02,1.446562500000000107e+01
1.538000000000000114e+02,1.443125000000000213e+01
1.538400000000000318e+02,1.423750000000000071e+01
1.538800000000000239e+02,1.451562500000000000e+01
1.539199999999999875e+02,1.433125000000000071e+01
1.539600000000000364e+02,1.445312500000000000e+01
1.540000000000000000e+02,1.443437500000000107e+01
1.540400000000000489e+02,1.436250000000000071e+01
1.540800000000000125e+02,1.437812500000000071e+01
1.541200000000000045e+02,1.452500000000000213e+01
1.541600000000000250e+02,1.459375000000000000e+01
1.542000000000000171e+02,1.449687500000000107e+01
1.542400000000000375e+02,1.469687500000000036e+01
1.542800000000000296e+02,1.445625000000000071e+01
1.543199999999999932e+02,1.454687500000000000e+01
1.543600000000000421e+02,1.449062499999999964e+01
1.544000000000000057e+02,1.422187500000000071e+01
1.544399999999999977e+02,1.423437500000000000e+01
1.544800000000000182e+02,1.435312500000000213e+01
1.545200000000000102e+02,1.456874999999999964e+01
1.545600000000000307e+02,1.440000000000000213e+01
1.546000000000000227e+02,1.446562500000000107e+01
1.546399999999999864e+02,1.434062500000000107e+01
1.546800000000000352e+02,1.433125000000000071e+01
1.547199999999999989e+02,1.445000000000000107e+01
1.547600000000000477e+02,1.449375000000000213e+01
1.548000000000000114e+02,1.443125000000000213e+01
1.548400000000000034e+02,1.460937500000000000e+01
1.548800000000000239e+02,1.429687500000000000e+01
1.549200000000000159e+02,1.438750000000000107e+01
1.549599999999999795e+02,1.457812500000000000e+01
1.550000000000000284e+02,1.445312500000000000e+01
1.550400000000000205e+02,1.454062500000000213e+01
1.550800000000000409e+02,1.432187500000000213e+01
1.551200000000000330e+02,1.457812500000000000e+01
1.551599999999999966e+02,1.440312500000000107e+01
1.552000000000000455e+02,1.444687500000000213e+01
1.552400000000000091e+02,1.462187500000000107e+01
1.552800000000000011e+02,1.437812500000000071e+01
1.553200000000000216e+02,1.430625000000000213e+01
1.553600000000000136e+02,1.414375000000000071e+01
1.554000000000000341e+02,1.435937500000000000e+01
1.554400000000000261e+02,1.452187499999999964e+01
1.554799999999999898e+02,1.438124999999999964e+01
1.555200000000000387e+02,1.445937499999999964e+01
1.555600000000000023e+02,1.430000000000000071e+01
1.556000000000000512e+02,1.446250000000000213e+01
1.556400000000000148e+02,1.434375000000000000e+01
1.556800000000000068e+02,1.423125000000000107e+01
1.557200000000000273e+02,1.424687500000000107e+01
1.557600000000000193e+02,1.458125000000000071e+01
1.557999999999999829e+02,1.436875000000000213e+01
1.558400000000000318e+02,1.441249999999999964e+01
1.558799999999999955e+02,1.448437500000000000e+01
1.559200000000000443e+02,1.435625000000000107e+01
1.559600000000000080e+02,1.441562500000000213e+01
1.560000000000000000e+02,1.456874999999999964e+01
1.560400000000000205e+02,1.463124999999999964e+01
1.560800000000000125e+02,1.430625000000000213e+01
1.561199999999999761e+02,1.438750000000000107e+01
1.561600000000000250e+02,1.456562500000000071e+01
1.561999999999999886e+02,1.432500000000000107e+01
1.562400000000000375e+02,1.449375000000000213e+01
1.562800000000000011e+02,1.448750000000000071e+01
1.563199999999999932e+02,1.435312500000000213e+01
1.563600000000000136e+02,1.455000000000000071e+01
1.564000000000000057e+02,1.454062500000000213e+01
1.564400000000000546e+02,1.465625000000000000e+01
1.564800000000000182e+02,1.463124999999999964e+01
1.565200000000000102e+02,1.459375000000000000e+01
1.565600000000000307e+02,1.431562500000000071e+01
1.566000000000000227e+02,1.424375000000000036e+01
1.566399999999999864e+02,1.442812499999999964e+01
1.566800000000000352e+02,1.426875000000000071e+01
1.567199999999999989e+02,1.461250000000000071e+01
1.567600000000000477e+02,1.425937500000000036e+01
1.568000000000000114e+02,1.463124999999999964e+01
1.568400000000000034e+02,1.468437500000000107e+01
1.568800000000000239e+02,1.443437500000000107e+01
1.569200000000000159e+02,1.459375000000000000e+01
1.569600000000000364e+02,1.436562499999999964e+01
1.570000000000000284e+02,1.462187500000000107e+01
1.570399999999999920e+02,1.450000000000000000e+01
1.570800000000000409e+02,1.442500000000000071e+01
1.571200000000000045e+02,1.439687499999999964e+01
1.571599999999999966e+02,1.459999999999999964e+01
1.572000000000000171e+02,1.445937499999999964e+01
1.572400000000000091e+02,1.448437500000000000e+01
1.572800000000000296e+02,1.466875000000000107e+01
1.573200000000000216e+02,1.440000000000000213e+01
1.573599999999999852e+02,1.458437499999999964e+01
1.574000000000000341e+02,1.436250000000000071e+01
1.574399999999999977e+02,1.449375000000000213e+01
1.574799999999999898e+02,1.441249999999999964e+01
1.575200000000000102e+02,1.432500000000000107e+01
1.575600000000000023e+02,1.439687499999999964e+01
1.576000000000000227e+02,1.463124999999999964e+01
1.576400000000000148e+02,1.475937500000000036e+01
1.576800000000000068e+02,1.476875000000000071e+01
1.577200000000000273e+02,1.470625000000000071e+01
1.577600000000000193e+02,1.462187500000000107e+01
1.578000000000000398e+02,1.438750000000000107e+01
1.578400000000000318e+02,1.430625000000000213e+01
1.578799999999999955e+02,1.462812500000000071e+01
1.579200000000000443e+02,1.442187500000000000e+01
1.579600000000000080e+02,1.467500000000000071e+01
1.580000000000000000e+02,1.464062500000000000e+01
1.580400000000000205e+02,1.450312500000000071e+01
1.580800000000000125e+02,1.447812500000000213e+01
1.581200000000000330e+02,1.468750000000000178e+01
1.581600000000000250e+02,1.467187500000000000e+01
1.581999999999999886e+02,1.458750000000000213e+01
1.582400000000000375e+02,1.450624999999999964e+01
1.582800000000000011e+02,1.462187500000000107e+01
1.583200000000000500e+02,1.442500000000000071e+01
1.583600000000000136e+02,1.447812500000000213e+01
1.584000000000000057e+02,1.461875000000000213e+01
1.584400000000000261e+02,1.444374999999999964e+01
1.584800000000000182e+02,1.470312500000000178e+01
1.585199999999999818e+02,1.468750000000000178e+01
1.585600000000000307e+02,1.447187500000000071e+01
1.585999999999999943e+02,1.430312499999999964e+01
1.586400000000000432e+02,1.448437500000000000e+01
1.586800000000000068e+02,1.442812499999999964e+01
1.587199999999999989e+02,1.472187500000000071e+01
1.587600000000000193e+02,1.453437500000000071e+01
1.588000000000000114e+02,1.443437500000000107e+01
1.588400000000000034e+02,1.459062500000000107e+01
1.588800000000000239e+02,1.442812499999999964e+01
1.589200000000000159e+02,1.464375000000000071e+01
1.589600000000000364e+02,1.457187500000000213e+01
1.590000000000000284e+02,1.446562500000000107e+01
1.590399999999999920e+02,1.458750000000000213e+01
1.590800000000000409e+02,1.468437500000000107e+01
1.591200000000000045e+02,1.433125000000000071e+01
1.591600000000000534e+02,1.409062500000000107e+01
1.592000000000000171e+02,1.459062500000000107e+01
1.592400000000000091e+02,1.453749999999999964e+01
1.592800000000000296e+02,1.436562499999999964e+01
1.593200000000000216e+02,1.450000000000000000e+01
1.593599999999999852e+02,1.493437500000000107e+01
1.594000000000000341e+02,1.457500000000000107e+01
1.594399999999999977e+02,1.462187500000000107e+01
1.594800000000000466e+02,1.459999999999999964e+01
1.595200000000000102e+02,1.439687499999999964e+01
1.595600000000000023e+02,1.428437500000000071e+01
1.596000000000000227e+02,1.443437500000000107e+01
1.596400000000000148e+02,1.424687500000000107e+01
1.596800000000000352e+02,1.437187500000000107e+01
1.597200000000000273e+02,1.430625000000000213e+01
1.597599999999999909e+02,1.449062499999999964e+01
1.598000000000000398e+02,1.477500000000000036e+01
1.598400000000000034e+02,1.456874999999999964e+01
1.598799999999999955e+02,1.445312500000000000e+01
1.599200000000000159e+02,1.475000000000000178e+01
1.599600000000000080e+02,1.445625000000000071e+01
1.600000000000000284e+02,1.453749999999999964e+01
1.600400000000000205e+02,1.441562500000000213e+01
1.600800000000000125e+02,1.447812500000000213e+01
1.601200000000000330e+02,1.450624999999999964e+01
1.601600000000000250e+02,1.440625000000000000e+01
1.601999999999999886e+02,1.448750000000000071e+01
1.602400000000000375e+02,1.447187500000000071e+01
1.602800000000000011e+02,1.473125000000000107e+01
1.603200000000000500e+02,1.450312500000000071e+01
1.603600000000000136e+02,1.454062500000000213e+01
1.604000000000000057e+02,1.468750000000000178e+01
1.604400000000000261e+02,1.441875000000000107e+01
1.604800000000000182e+02,1.449375000000000213e+01
1.605200000000000387e+02,1.470937499999999964e+01
1.605600000000000307e+02,1.453437500000000071e+01
1.605999999999999943e+02,1.455937500000000107e+01
1.606400000000000432e+02,1.432187500000000213e+01
1.606800000000000068e+02,1.465937500000000071e+01
1.607199999999999989e+02,1.456250000000000000e+01
1.607600000000000193e+02,1.460937500000000000e+01
1.608000000000000114e+02,1.441875000000000107e+01
1.608400000000000318e+02,1.462187500000000107e+01
1.608800000000000239e+02,1.438750000000000107e+01
1.609199999999999875e+02,1.453125000000000000e+01
1.609600000000000364e+02,1.452812500000000107e+01
1.610000000000000000e+02,1.449062499999999964e+01
1.610399999999999920e+02,1.428749999999999964e+01
1.610800000000000125e+02,1.455625000000000213e+01
1.611200000000000045e+02,1.456874999999999964e+01
1.611600000000000250e+02,1.450312500000000071e+01
1.612000000000000171e+02,1.446875000000000000e+01
1.612399999999999807e+02,1.455312499999999964e+01
1.612800000000000296e+02,1.440937500000000071e+01
1.613199999999999932e+02,1.456250000000000000e+01
1.613600000000000421e+02,1.480625000000000036e+01
1.614000000000000341e+02,1.454687500000000000e+01
1.614399999999999977e+02,1.456250000000000000e+01
1.614800000000000466e+02,1.459999999999999964e+01
1.615200000000000102e+02,1.448437500000000000e+01
1.615600000000000023e+02,1.462812500000000071e+01
1.616000000000000227e+02,1.471250000000000036e+01
1.616400000000000148e+02,1.445000000000000107e+01
1.616800000000000352e+02,1.456874999999999964e+01
1.617200000000000273e+02,1.480625000000000036e+01
1.617599999999999909e+02,1.438437500000000213e+01
1.618000000000000398e+02,1.440312500000000107e+01
1.618400000000000034e+02,1.443125000000000213e+01
1.618800000000000523e+02,1.448125000000000107e+01
1.619200000000000159e+02,1.432187500000000213e+01
1.619600000000000080e+02,1.452812500000000107e+01
1.620000000000000284e+02,1.466875000000000107e+01
1.620400000000000205e+02,1.433750000000000213e+01
1.620799999999999841e+02,1.461562499999999964e+01
1.621200000000000330e+02,1.488124999999999964e+01
1.621599999999999966e+02,1.441875000000000107e+01
1.622000000000000455e+02,1.437812500000000071e+01
1.622400000000000091e+02,1.470312500000000178e+01
1.622800000000000011e+02,1.461875000000000213e+01
1.623200000000000216e+02,1.464375000000000071e+01
1.623600000000000136e+02,1.451562500000000000e+01
1.623999999999999773e+02,1.454062500000000213e+01
1.624400000000000261e+02,1.467500000000000071e+01
1.624799999999999898e+02,1.465000000000000213e+01
1.625200000000000387e+02,1.482500000000000107e+01
1.625600000000000023e+02,1.447812500000000213e+01
1.625999999999999943e+02,1.473750000000000071e+01
1.626400000000000148e+02,1.441562500000000213e+01
1.626800000000000068e+02,1.420625000000000071e+01
1.627200000000000273e+02,1.465312500000000107e+01
1.627600000000000193e+02,1.456250000000000000e+01
1.628000000000000114e+02,1.444062500000000071e+01
1.628400000000000318e+02,1.485937500000000178e+01
1.628800000000000239e+02,1.456250000000000000e+01
1.629199999999999875e+02,1.480000000000000071e+01
1.629600000000000364e+02,1.465000000000000213e+01
1.630000000000000000e+02,1.463124999999999964e+01
1.630400000000000489e+02,1.469687500000000036e+01
1.630800000000000125e+02,1.444687500000000213e+01
1.631200000000000045e+02,1.463437500000000213e+01
1.631600000000000250e+02,1.460937500000000000e+01
1.632000000000000171e+02,1.448750000000000071e+01
1.632400000000000375e+02,1.431562500000000071e+01
1.632800000000000296e+02,1.464062500000000000e+01
1.633199999999999932e+02,1.471875000000000178e+01
1.633600000000000421e+02,1.457500000000000107e+01
1.634000000000000057e+02,1.450312500000000071e+01
1.634399999999999977e+02,1.461875000000000213e+01
1.634800000000000182e+02,1.437812500000000071e+01
1.635200000000000102e+02,1.464687499999999964e+01
1.635600000000000307e+02,1.456874999999999964e+01
1.636000000000000227e+02,1.451562500000000000e+01
1.636399999999999864e+02,1.465000000000000213e+01
1.636800000000000352e+02,1.430625000000000213e+01
1.637199999999999989e+02,1.481250000000000178e+01
1.637599999999999909e+02,1.456874999999999964e+01
1.638000000000000114e+02,1.506562500000000071e+01
1.638400000000000034e+02,1.463750000000000107e+01
1.638800000000000239e+02,1.472812500000000036e+01
1.639200000000000159e+02,1.469374999999999964e+01
1.639600000000000080e+02,1.448437500000000000e+01
1.640000000000000284e+02,1.464062500000000000e+01
1.640400000000000205e+02,1.480312499999999964e+01
1.640800000000000409e+02,1.458750000000000213e+01
1.641200000000000330e+02,1.467500000000000071e+01
1.641599999999999966e+02,1.463437500000000213e+01
1.642000000000000455e+02,1.465937500000000071e+01
1.642400000000000091e+02,1.453125000000000000e+01
1.642800000000000011e+02,1.451875000000000071e+01
1.643200000000000216e+02,1.450312500000000071e+01
1.643600000000000136e+02,1.480312499999999964e+01
1.644000000000000341e+02,1.460312500000000213e+01
1.644400000000000261e+02,1.459999999999999964e+01
1.644799999999999898e+02,1.460937500000000000e+01
1.645200000000000387e+02,1.467187500000000000e+01
1.645600000000000023e+02,1.475312500000000071e+01
1.645999999999999943e+02,1.491875000000000107e+01
1.646400000000000148e+02,1.486562499999999964e+01
1.646800000000000068e+02,1.467500000000000071e+01
1.647200000000000273e+02,1.494374999999999964e+01
1.647600000000000193e+02,1.460625000000000107e+01
1.647999999999999829e+02,1.475624999999999964e+01
1.648400000000000318e+02,1.465937500000000071e+01
1.648799999999999955e+02,1.462812500000000071e+01
1.649200000000000443e+02,1.473125000000000107e+01
1.649600000000000080e+02,1.474687500000000107e+01
1.650000000000000000e+02,1.476562500000000178e+01
1.650400000000000205e+02,1.473125000000000107e+01
1.650800000000000125e+02,1.448125000000000107e+01
1.651200000000000045e+02,1.465000000000000213e+01
1.651600000000000250e+02,1.468750000000000178e+01
1.652000000000000171e+02,1.448750000000000071e+01
1.652400000000000375e+02,1.459062500000000107e+01
1.652800000000000296e+02,1.473437500000000178e+01
1.653199999999999932e+02,1.463437500000000213e+01
1.653600000000000421e+02,1.457187500000000213e+01
1.654000000000000057e+02,1.451250000000000107e+01
1.654400000000000546e+02,1.452500000000000213e+01
1.654800000000000182e+02,1.481250000000000178e+01
1.655200000000000102e+02,1.468125000000000036e+01
1.655600000000000307e+02,1.486562499999999964e+01
1.656000000000000227e+02,1.465000000000000213e+01
1.656399999999999864e+02,1.453437500000000071e+01
1.656800000000000352e+02,1.454062500000000213e+01
1.657199999999999989e+02,1.450312500000000071e+01
1.657600000000000477e+02,1.448125000000000107e+01
1.658000000000000114e+02,1.477187499999999964e+01
1.658400000000000034e+02,1.450312500000000071e+01
1.658800000000000239e+02,1.460937500000000000e+01
1.659200000000000159e+02,1.464062500000000000e+01
1.659599999999999795e+02,1.463437500000000213e+01
1.660000000000000284e+02,1.443750000000000000e+01
1.660399999999999920e+02,1.487812500000000071e+01
1.660800000000000409e+02,1.429062500000000213e+01
1.661200000000000045e+02,1.453749999999999964e+01
1.661599999999999966e+02,1.447187500000000071e+01
1.662000000000000171e+02,1.462187500000000107e+01
1.662400000000000091e+02,1.447187500000000071e+01
1.662800000000000296e+02,1.462812500000000071e+01
1.663200000000000216e+02,1.461250000000000071e+01
1.663600000000000136e+02,1.440937500000000071e+01
1.664000000000000341e+02,1.472499999999999964e+01
1.664400000000000261e+02,1.464375000000000071e+01
1.664799999999999898e+02,1.472499999999999964e+01
1.665200000000000387e+02,1.485312500000000036e+01
1.665600000000000023e+02,1.464062500000000000e+01
1.666000000000000512e+02,1.452500000000000213e+01
1.666400000000000148e+02,1.475624999999999964e+01
1.666800000000000068e+02,1.458750000000000213e+01
1.667200000000000273e+02,1.462500000000000000e+01
1.667600000000000193e+02,1.467812499999999964e+01
1.668000000000000398e+02,1.474687500000000107e+01
1.668400000000000318e+02,1.491249999999999964e+01
1.668799999999999955e+02,1.470000000000000107e+01
1.669200000000000443e+02,1.444687500000000213e+01
1.669600000000000080e+02,1.448437500000000000e+01
1.670000000000000000e+02,1.473437500000000178e+01
1.670400000000000205e+02,1.469062500000000071e+01
1.670800000000000125e+02,1.466562500000000036e+01
1.671200000000000330e+02,1.479375000000000107e+01
1.671600000000000250e+02,1.461250000000000071e+01
1.671999999999999886e+02,1.449687500000000107e+01
1.672400000000000375e+02,1.453125000000000000e+01
1.672800000000000011e+02,1.453437500000000071e+01
1.673199999999999932e+02,1.465937500000000071e+01
1.673600000000000136e+02,1.471250000000000036e+01
1.674000000000000057e+02,1.441562500000000213e+01
1.674400000000000261e+02,1.439375000000000071e+01
1.674800000000000182e+02,1.452187499999999964e+01
1.675199999999999818e+02,1.445937499999999964e+01
1.675600000000000307e+02,1.457500000000000107e+01
1.675999999999999943e+02,1.446562500000000107e+01
1.676400000000000432e+02,1.469062500000000071e+01
1.676800000000000068e+02,1.469062500000000071e+01
1.677199999999999989e+02,1.495312500000000178e+01
1.677600000000000477e+02,1.471562500000000107e+01
1.678000000000000114e+02,1.449375000000000213e+01
1.678400000000000034e+02,1.458125000000000071e+01
1.678800000000000239e+02,1.464062500000000000e+01
1.679200000000000159e+02,1.465937500000000071e+01
1.679600000000000364e+02,1.475312500000000071e+01
1.680000000000000284e+02,1.439062500000000000e+01
1.680399999999999920e+02,1.485937500000000178e+01
1.680800000000000409e+02,1.471562500000000107e+01
1.681200000000000045e+02,1.473125000000000107e+01
1.681600000000000534e+02,1.460937500000000000e+01
1.682000000000000171e+02,1.457187500000000213e+01
1.682400000000000091e+02,1.461562499999999964e+01
1.682800000000000296e+02,1.468750000000000178e+01
1.683200000000000216e+02,1.470000000000000107e+01
1.683599999999999852e+02,1.462500000000000000e+01
1.684000000000000341e+02,1.482500000000000107e+01
1.684399999999999977e+02,1.480312499999999964e+01
1.684800000000000466e+02,1.475312500000000071e+01
1.685200000000000102e+02,1.449062499999999964e+01
1.685600000000000023e+02,1.461875000000000213e+01
1.686000000000000227e+02,1.449375000000000213e+01
1.686400000000000148e+02,1.452187499999999964e+01
1.686799999999999784e+02,1.473125000000000107e+01
1.687200000000000273e+02,1.468750000000000178e+01
1.687599999999999909e+02,1.467187500000000000e+01
1.688000000000000398e+02,1.480625000000000036e+01
1.688400000000000034e+02,1.476562500000000178e+01
1.688799999999999955e+02,1.450000000000000000e+01
1.689200000000000159e+02,1.477187499999999964e+01
1.689600000000000080e+02,1.468125000000000036e+01
1.690000000000000284e+02,1.471250000000000036e+01
1.690400000000000205e+02,1.462812500000000071e+01
1.690800000000000125e+02,1.459062500000000107e+01
1.691200000000000330e+02,1.458750000000000213e+01
1.691600000000000250e+02,1.470625000000000071e+01
1.691999999999999886e+02,1.463750000000000107e+01
1.692400000000000375e+02,1.471875000000000178e+01
1.692800000000000011e+02,1.472187500000000071e+01
1.693200000000000500e+02,1.441249999999999964e+01
1.693600000000000136e+02,1.470312500000000178e+01
1.694000000000000057e+02,1.457812500000000000e+01
1.694400000000000261e+02,1.474062499999999964e+01
1.694800000000000182e+02,1.454375000000000107e+01
1.695199999999999818e+02,1.482812500000000178e+01
1.695600000000000307e+02,1.461875000000000213e+01
1.695999999999999943e+02,1.465937500000000071e+01
1.696400000000000432e+02,1.465937500000000071e+01
1.696800000000000068e+02,1.440937500000000071e+01
1.697199999999999989e+02,1.453125000000000000e+01
1.697600000000000193e+02,1.453749999999999964e+01
1.698000000000000114e+02,1.470000000000000107e+01
1.698400000000000318e+02,1.471250000000000036e+01
1.698800000000000239e+02,1.468437500000000107e+01
1.699199999999999875e+02,1.475000000000000178e+01
1.699600000000000364e+02,1.459999999999999964e+01
1.700000000000000000e+02,1.477812500000000107e+01
1.700399999999999920e+02,1.471250000000000036e+01
1.700800000000000125e+02,1.454687500000000000e+01
1.701200000000000045e+02,1.482187500000000036e+01
1.701600000000000250e+02,1.445312500000000000e+01
1.702000000000000171e+02,1.465937500000000071e+01
1.702400000000000091e+02,1.460625000000000107e+01
1.702800000000000296e+02,1.449062499999999964e+01
1.703200000000000216e+02,1.480312499999999964e+01
1.703600000000000421e+02,1.484062500000000107e+01
1.704000000000000341e+02,1.462812500000000071e+01
1.704399999999999977e+02,1.467187500000000000e+01
1.704800000000000466e+02,1.451562500000000000e+01
1.705200000000000102e+02,1.478437500000000071e+01
1.705600000000000023e+02,1.444374999999999964e+01
1.706000000000000227e+02,1.485937500000000178e+01
1.706400000000000148e+02,1.486250000000000071e+01
1.706800000000000352e+02,1.495625000000000071e+01
1.707200000000000273e+02,1.484687500000000071e+01
1.707599999999999909e+02,1.510312500000000036e+01
1.708000000000000398e+02,1.470625000000000071e+01
1.708400000000000034e+02,1.472812500000000036e+01
1.708799999999999955e+02,1.467187500000000000e+01
1.709200000000000159e+02,1.448125000000000107e+01
1.709600000000000080e+02,1.487812500000000071e+01
1.710000000000000284e+02,1.486875000000000036e+01
1.710400000000000205e+02,1.475000000000000178e+01
1.710799999999999841e+02,1.482500000000000107e+01
1.711200000000000330e+02,1.464687499999999964e+01
1.711599999999999966e+02,1.453125000000000000e+01
1.712000000000000455e+02,1.453749999999999964e+01
1.712400000000000091e+02,1.447187500000000071e+01
1.712800000000000011e+02,1.463437500000000213e+01
1.713200000000000216e+02,1.473750000000000071e+01
1.713600000000000136e+02,1.476875000000000071e+01
1.714000000000000057e+02,1.477500000000000036e+01
1.714400000000000261e+02,1.480937500000000107e+01
1.714800000000000182e+02,1.475937500000000036e+01
1.715200000000000387e+02,1.484375000000000178e+01
1.715600000000000307e+02,1.488437500000000036e+01
1.715999999999999943e+02,1.454375000000000107e+01
1.716400000000000432e+02,1.489687499999999964e+01
1.716800000000000068e+02,1.468437500000000107e+01
1.717200000000000557e+02,1.480000000000000071e+01
1.717600000000000193e+02,1.464062500000000000e+01
1.718000000000000114e+02,1.477812500000000107e+01
1.718400000000000318e+02,1.479375000000000107e+01
1.718800000000000239e+02,1.477187499999999964e+01
1.719199999999999875e+02,1.453125000000000000e+01
1.719600000000000364e+02,1.480937500000000107e+01
1.720000000000000000e+02,1.475312500000000071e+01
1.720400000000000489e+02,1.489687499999999964e+01
1.720800000000000125e+02,1.477500000000000036e+01
1.721200000000000045e+02,1.481562500000000071e+01
1.721600000000000250e+02,1.488437500000000036e+01
1.722000000000000171e+02,1.472187500000000071e+01
1.722399999999999807e+02,1.464687499999999964e+01
1.722800000000000296e+02,1.464062500000000000e+01
1.723199999999999932e+02,1.471875000000000178e+01
1.723600000000000421e+02,1.481562500000000071e+01
1.724000000000000057e+02,1.464687499999999964e+01
1.724399999999999977e+02,1.470312500000000178e+01
1.724800000000000182e+02,1.467500000000000071e+01
1.725200000000000102e+02,1.466562500000000036e+01
1.725600000000000307e+02,1.464062500000000000e+01
1.726000000000000227e+02,1.430937500000000107e+01
1.726399999999999864e+02,1.478749999999999964e+01
1.726800000000000352e+02,1.478749999999999964e+01
1.727200000000000273e+02,1.483750000000000036e+01
1.727599999999999909e+02,1.481874999999999964e+01
1.728000000000000398e+02,1.463124999999999964e+01
1.728400000000000034e+02,1.462187500000000107e+01
1.728800000000000523e+02,1.480312499999999964e+01
1.729200000000000159e+02,1.462500000000000000e+01
1.729600000000000080e+02,1.461875000000000213e+01
1.730000000000000284e+02,1.477500000000000036e+01
1.730400000000000205e+02,1.476562500000000178e+01
1.730800000000000409e+02,1.475312500000000071e+01
1.731200000000000330e+02,1.484999999999999964e+01
1.731599999999999966e+02,1.496562500000000107e+01
1.732000000000000455e+02,1.487812500000000071e+01
1.732400000000000091e+02,1.483125000000000071e+01
1.732800000000000011e+02,1.464375000000000071e+01
1.733200000000000216e+02,1.459999999999999964e+01
1.733600000000000136e+02,1.485937500000000178e+01
1.734000000000000341e+02,1.484062500000000107e+01
1.734400000000000261e+02,1.476562500000000178e+01
1.734799999999999898e+02,1.486562499999999964e+01
1.735200000000000387e+02,1.478125000000000178e+01
1.735600000000000023e+02,1.483750000000000036e+01
1.735999999999999943e+02,1.480937500000000107e+01
1.736400000000000148e+02,1.495000000000000107e+01
1.736800000000000068e+02,1.457500000000000107e+01
1.737200000000000273e+02,1.476250000000000107e+01
1.737600000000000193e+02,1.464375000000000071e+01
1.737999999999999829e+02,1.455000000000000071e+01
1.738400000000000318e+02,1.483750000000000036e+01
1.738799999999999955e+02,1.459687500000000071e+01
1.739200000000000443e+02,1.485625000000000107e+01
1.739600000000000080e+02,1.480312499999999964e+01
1.740000000000000000e+02,1.478437500000000071e+01
1.740400000000000205e+02,1.473750000000000071e+01
1.740800000000000125e+02,1.490312500000000107e+01
1.741200000000000045e+02,1.486875000000000036e+01
1.741600000000000250e+02,1.478437500000000071e+01
1.742000000000000171e+02,1.488124999999999964e+01
1.742400000000000375e+02,1.457187500000000213e+01
1.742800000000000296e+02,1.466875000000000107e+01
1.743199999999999932e+02,1.478437500000000071e+01
1.743600000000000421e+02,1.461875000000000213e+01
1.744000000000000057e+02,1.470625000000000071e+01
1.744399999999999977e+02,1.500937500000000036e+01
1.744800000000000182e+02,1.484687500000000071e+01
1.745200000000000102e+02,1.470625000000000071e+01
1.745600000000000307e+02,1.487500000000000178e+01
1.746000000000000227e+02,1.469062500000000071e+01
1.746399999999999864e+02,1.481562500000000071e+01
1.746800000000000352e+02,1.482812500000000178e+01
1.747199999999999989e+02,1.447812500000000213e+01
1.747600000000000477e+02,1.498437500000000178e+01
1.748000000000000114e+02,1.485937500000000178e+01
1.748400000000000034e+02,1.479062500000000036e+01
1.748800000000000239e+02,1.449062499999999964e+01
1.749200000000000159e+02,1.504375000000000107e+01
1.749599999999999795e+02,1.482187500000000036e+01
1.750000000000000284e+02,1.481250000000000178e+01
1.750399999999999920e+02,1.487500000000000178e+01
1.750800000000000409e+02,1.452812500000000107e+01
1.751200000000000045e+02,1.464687499999999964e+01
1.751599999999999966e+02,1.472812500000000036e+01
1.752000000000000171e+02,1.486562499999999964e+01
1.752400000000000091e+02,1.459062500000000107e+01
1.752800000000000296e+02,1.501562500000000178e+01
1.753200000000000216e+02,1.499375000000000036e+01
1.753600000000000136e+02,1.504375000000000107e+01
1.754000000000000341e+02,1.495312500000000178e+01
1.754400000000000261e+02,1.484999999999999964e+01
1.754799999999999898e+02,1.459687500000000071e+01
1.755200000000000387e+02,1.487187500000000107e+01
1.755600000000000023e+02,1.457812500000000000e+01
1.756000000000000512e+02,1.472812500000000036e+01
1.756400000000000148e+02,1.470000000000000107e+01
1.756800000000000068e+02,1.486250000000000071e+01
1.757200000000000273e+02,1.482812500000000178e+01
1.757600000000000193e+02,1.491875000000000107e+01
1.757999999999999829e+02,1.487812500000000071e+01
1.758400000000000318e+02,1.488437500000000036e+01
1.758799999999999955e+02,1.474687500000000107e+01
1.759200000000000443e+02,1.463124999999999964e+01
1.759600000000000080e+02,1.468750000000000178e+01
1.760000000000000000e+02,1.488437500000000036e+01
1.760400000000000205e+02,1.458125000000000071e+01
1.760800000000000125e+02,1.482500000000000107e+01
1.761200000000000330e+02,1.505937500000000107e+01
1.761600000000000250e+02,1.467812499999999964e+01
1.761999999999999886e+02,1.502500000000000036e+01
1.762400000000000375e+02,1.511250000000000071e+01
1.762800000000000011e+02,1.480312499999999964e+01
1.763199999999999932e+02,1.460625000000000107e+01
1.763600000000000136e+02,1.477812500000000107e+01
1.764000000000000057e+02,1.492500000000000071e+01
1.764400000000000261e+02,1.462812500000000071e+01
1.764800000000000182e+02,1.475624999999999964e+01
1.765200000000000102e+02,1.488750000000000107e+01
1.765600000000000307e+02,1.479375000000000107e+01
1.766000000000000227e+02,1.490000000000000036e+01
1.766400000000000432e+02,1.480937500000000107e+01
1.766800000000000352e+02,1.491562500000000036e+01
1.767199999999999989e+02,1.497812500000000036e+01
1.767600000000000477e+02,1.483125000000000071e+01
1.768000000000000114e+02,1.488437500000000036e+01
1.768400000000000034e+02,1.484375000000000178e+01
1.768800000000000239e+02,1.468437500000000107e+01
1.769200000000000159e+02,1.492187500000000178e+01
1.769600000000000364e+02,1.499375000000000036e+01
1.770000000000000284e+02,1.471250000000000036e+01
1.770399999999999920e+02,1.497187500000000071e+01
1.770800000000000409e+02,1.482500000000000107e+01
1.771200000000000045e+02,1.475312500000000071e+01
1.771599999999999966e+02,1.503125000000000178e+01
1.772000000000000171e+02,1.481250000000000178e+01
1.772400000000000091e+02,1.467812499999999964e+01
1.772800000000000296e+02,1.461562499999999964e+01
1.773200000000000216e+02,1.478125000000000178e+01
1.773599999999999852e+02,1.473437500000000178e+01
1.774000000000000341e+02,1.465000000000000213e+01
1.774399999999999977e+02,1.468750000000000178e+01
1.774800000000000466e+02,1.478749999999999964e+01
1.775200000000000102e+02,1.472812500000000036e+01
1.775600000000000023e+02,1.485312500000000036e+01
1.776000000000000227e+02,1.473125000000000107e+01
1.776400000000000148e+02,1.452812500000000107e+01
1.776800000000000068e+02,1.476875000000000071e+01
1.777200000000000273e+02,1.500312500000000071e+01
1.777600000000000193e+02,1.456874999999999964e+01
1.778000000000000398e+02,1.489687499999999964e+01
1.778400000000000318e+02,1.487812500000000071e+01
1.778799999999999955e+02,1.476250000000000107e+01
1.779200000000000443e+02,1.470312500000000178e+01
1.779600000000000080e+02,1.490312500000000107e+01
1.780000000000000000e+02,1.475312500000000071e+01
1.780400000000000205e+02,1.484375000000000178e+01
1.780800000000000125e+02,1.467812499999999964e+01
1.781200000000000330e+02,1.467812499999999964e+01
1.781600000000000250e+02,1.457187500000000213e+01
1.781999999999999886e+02,1.463437500000000213e+01
1.782400000000000375e+02,1.487500000000000178e+01
1.782800000000000011e+02,1.478125000000000178e+01
1.783200000000000500e+02,1.486562499999999964e+01
1.783600000000000136e+02,1.488437500000000036e+01
1.784000000000000057e+02,1.480937500000000107e+01
1.784400000000000261e+02,1.477812500000000107e+01
1.784800000000000182e+02,1.452187499999999964e+01
1.785199999999999818e+02,1.484999999999999964e+01
1.785600000000000307e+02,1.492500000000000071e+01
1.785999999999999943e+02,1.468125000000000036e+01
1.786400000000000432e+02,1.478437500000000071e+01
1.786800000000000068e+02,1.477812500000000107e+01
1.787199999999999989e+02,1.481562500000000071e+01
1.787600000000000193e+02,1.463124999999999964e+01
1.788000000000000114e+02,1.496875000000000178e+01
1.788400000000000318e+02,1.462187500000000107e+01
1.788800000000000239e+02,1.487500000000000178e+01
1.789199999999999875e+02,1.498125000000000107e+01
1.789600000000000364e+02,1.492187500000000178e+01
1.790000000000000000e+02,1.465937500000000071e+01
1.790399999999999920e+02,1.459687500000000071e+01
1.790800000000000409e+02,1.491562500000000036e+01
1.791200000000000045e+02,1.459062500000000107e+01
1.791600000000000534e+02,1.482812500000000178e+01
1.792000000000000171e+02,1.464687499999999964e+01
1.792400000000000091e+02,1.476562500000000178e+01
1.792800000000000296e+02,1.491249999999999964e+01
1.793200000000000216e+02,1.494687500000000036e+01
1.793599999999999852e+02,1.488750000000000107e+01
1.794000000000000341e+02,1.495937499999999964e+01
1.794399999999999977e+02,1.468750000000000178e+01
1.794800000000000466e+02,1.495937499999999964e+01
1.795200000000000102e+02,1.470937499999999964e+01
1.795600000000000023e+02,1.502187499999999964e+01
1.796000000000000227e+02,1.466875000000000107e+01
1.796400000000000148e+02,1.502812500000000107e+01
1.796800000000000352e+02,1.496250000000000036e+01
1.797200000000000273e+02,1.483437499999999964e+01
1.797599999999999909e+02,1.506562500000000071e+01
1.798000000000000398e+02,1.493750000000000178e+01
1.798400000000000034e+02,1.499375000000000036e+01
1.798799999999999955e+02,1.518750000000000178e+01
1.799200000000000159e+02,1.483125000000000071e+01
1.799600000000000080e+02,1.491875000000000107e+01
1.800000000000000284e+02,1.511875000000000036e+01
1.800400000000000205e+02,1.490937500000000071e+01
1.800799999999999841e+02,1.482812500000000178e+01
1.801200000000000330e+02,1.489687499999999964e+01
1.801599999999999966e+02,1.484999999999999964e+01
1.802000000000000455e+02,1.461875000000000213e+01
1.802400000000000091e+02,1.490625000000000178e+01
1.802800000000000011e+02,1.487812500000000071e+01
1.803200000000000216e+02,1.484999999999999964e+01
1.803600000000000136e+02,1.486562499999999964e+01
1.804000000000000057e+02,1.487812500000000071e+01
1.804400000000000261e+02,1.492187500000000178e+01
1.804800000000000182e+02,1.482812500000000178e+01
1.805200000000000387e+02,1.488750000000000107e+01
1.805600000000000307e+02,1.501562500000000178e+01
1.805999999999999943e+02,1.491875000000000107e+01
1.806400000000000432e+02,1.478749999999999964e+01
1.806800000000000068e+02,1.486250000000000071e+01
1.807199999999999989e+02,1.486250000000000071e+01
1.807600000000000193e+02,1.475624999999999964e+01
1.808000000000000114e+02,1.520937500000000142e+01
1.808400000000000318e+02,1.482500000000000107e+01
1.808800000000000239e+02,1.501250000000000107e+01
1.809199999999999875e+02,1.509062499999999929e+01
1.809600000000000364e+02,1.463437500000000213e+01
1.810000000000000000e+02,1.474687500000000107e+01
1.810400000000000489e+02,1.474062499999999964e+01
1.810800000000000125e+02,1.510312500000000036e+01
1.811200000000000045e+02,1.480937500000000107e+01
1.811600000000000250e+02,1.455937500000000107e+01
1.812000000000000171e+02,1.502500000000000036e+01
1.812399999999999807e+02,1.487500000000000178e+01
1.812800000000000296e+02,1.480937500000000107e+01
1.813199999999999932e+02,1.489375000000000071e+01
1.813600000000000421e+02,1.497187500000000071e+01
1.814000000000000057e+02,1.506875000000000142e+01
1.814399999999999977e+02,1.481250000000000178e+01
1.814800000000000182e+02,1.494062500000000071e+01
1.815200000000000102e+02,1.491249999999999964e+01
1.815600000000000307e+02,1.496562500000000107e+01
1.816000000000000227e+02,1.485312500000000036e+01
1.816400000000000148e+02,1.512187499999999929e+01
1.816800000000000352e+02,1.485937500000000178e+01
1.817200000000000273e+02,1.474687500000000107e+01
1.817599999999999909e+02,1.488750000000000107e+01
1.818000000000000398e+02,1.478437500000000071e+01
1.818400000000000034e+02,1.489687499999999964e+01
1.818800000000000523e+02,1.500937500000000036e+01
1.819200000000000159e+02,1.473125000000000107e+01
1.819600000000000080e+02,1.492812499999999964e+01
1.820000000000000284e+02,1.481562500000000071e+01
1.820400000000000205e+02,1.481874999999999964e+01
1.820799999999999841e+02,1.476250000000000107e+01
1.821200000000000330e+02,1.511250000000000071e+01
1.821599999999999966e+02,1.492812499999999964e+01
1.822000000000000455e+02,1.455312499999999964e+01
1.822400000000000091e+02,1.497812500000000036e+01
1.822800000000000011e+02,1.495000000000000107e+01
1.823200000000000216e+02,1.480312499999999964e+01
1.823600000000000136e+02,1.501250000000000107e+01
1.824000000000000341e+02,1.480625000000000036e+01
1.824400000000000261e+02,1.502812500000000107e+01
1.824799999999999898e+02,1.503749999999999964e+01
1.825200000000000387e+02,1.484687500000000071e+01
1.825600000000000023e+02,1.477187499999999964e+01
1.825999999999999943e+02,1.488124999999999964e+01
1.826400000000000148e+02,1.480625000000000036e+01
1.826800000000000068e+02,1.501562500000000178e+01
1.827200000000000273e+02,1.511250000000000071e+01
1.827600000000000193e+02,1.488750000000000107e+01
1.828000000000000114e+02,1.485312500000000036e+01
1.828400000000000318e+02,1.484687500000000071e+01
1.828800000000000239e+02,1.492187500000000178e+01
1.829199999999999875e+02,1.488750000000000107e+01
1.829600000000000364e+02,1.502500000000000036e+01
1.830000000000000000e+02,1.478125000000000178e+01
1.830400000000000489e+02,1.479062500000000036e+01
1.830800000000000125e+02,1.489687499999999964e+01
1.831200000000000045e+02,1.486875000000000036e+01
1.831600000000000250e+02,1.499687500000000107e+01
1.832000000000000171e+02,1.521250000000000036e+01
1.832400000000000375e+02,1.473750000000000071e+01
1.832800000000000296e+02,1.488750000000000107e+01
1.833199999999999932e+02,1.504062500000000036e+01
1.833600000000000421e+02,1.465000000000000213e+01
1.834000000000000057e+02,1.487187500000000107e+01
1.834399999999999977e+02,1.493125000000000036e+01
1.834800000000000182e+02,1.484687500000000071e+01
1.835200000000000102e+02,1.486562499999999964e+01
1.835600000000000307e+02,1.519687500000000036e+01
1.836000000000000227e+02,1.495625000000000071e+01
1.836399999999999864e+02,1.443125000000000213e+01
1.836800000000000352e+02,1.477812500000000107e+01
1.837199999999999989e+02,1.484999999999999964e+01
1.837600000000000477e+02,1.498437500000000178e+01
1.838000000000000114e+02,1.514687500000000142e+01
1.838400000000000034e+02,1.503125000000000178e+01
1.838800000000000239e+02,1.486562499999999964e+01
1.839200000000000159e+02,1.511875000000000036e+01
1.839600000000000080e+02,1.479062500000000036e+01
1.840000000000000284e+02,1.487500000000000178e+01
1.840400000000000205e+02,1.486562499999999964e+01
1.840800000000000409e+02,1.497499999999999964e+01
1.841200000000000330e+02,1.486875000000000036e+01
1.841599999999999966e+02,1.498437500000000178e+01
1.842000000000000455e+02,1.495312500000000178e+01
1.842400000000000091e+02,1.489687499999999964e+01
1.842800000000000011e+02,1.514375000000000071e+01
1.843200000000000216e+02,1.516874999999999929e+01
1.843600000000000136e+02,1.490937500000000071e+01
1.844000000000000341e+02,1.499687500000000107e+01
1.844400000000000261e+02,1.475624999999999964e+01
1.844799999999999898e+02,1.486875000000000036e+01
1.845200000000000387e+02,1.503437500000000071e+01
1.845600000000000023e+02,1.478125000000000178e+01
1.846000000000000512e+02,1.493750000000000178e+01
1.846400000000000148e+02,1.475312500000000071e+01
1.846800000000000068e+02,1.475937500000000036e+01
1.847200000000000273e+02,1.515937500000000071e+01
1.847600000000000193e+02,1.505937500000000107e+01
1.847999999999999829e+02,1.494062500000000071e+01
1.848400000000000318e+02,1.505000000000000071e+01
1.848799999999999955e+02,1.480625000000000036e+01
1.849200000000000443e+02,1.479375000000000107e+01
1.849600000000000080e+02,1.483437499999999964e+01
1.850000000000000000e+02,1.489375000000000071e+01
1.850400000000000205e+02,1.510937500000000178e+01
1.850800000000000125e+02,1.491249999999999964e+01
1.851200000000000330e+02,1.480625000000000036e+01
1.851600000000000250e+02,1.505312500000000142e+01
1.851999999999999886e+02,1.505937500000000107e+01
1.852400000000000375e+02,1.490937500000000071e+01
1.852800000000000011e+02,1.475937500000000036e+01
1.853199999999999932e+02,1.501562500000000178e+01
1.853600000000000136e+02,1.515000000000000036e+01
1.854000000000000057e+02,1.489375000000000071e+01
1.854400000000000546e+02,1.494062500000000071e+01
1.854800000000000182e+02,1.514062500000000178e+01
1.855200000000000102e+02,1.507812500000000178e+01
1.855600000000000307e+02,1.478749999999999964e+01
1.856000000000000227e+02,1.480312499999999964e+01
1.856399999999999864e+02,1.489687499999999964e+01
1.856800000000000352e+02,1.493750000000000178e+01
1.857199999999999989e+02,1.494687500000000036e+01
1.857600000000000477e+02,1.480312499999999964e+01
1.858000000000000114e+02,1.520937500000000142e+01
1.858400000000000034e+02,1.511250000000000071e+01
1.858800000000000239e+02,1.504062500000000036e+01
1.859200000000000159e+02,1.489687499999999964e+01
1.859600000000000364e+02,1.496875000000000178e+01
1.860000000000000284e+02,1.504375000000000107e+01
1.860399999999999920e+02,1.491875000000000107e+01
1.860800000000000409e+02,1.501250000000000107e+01
1.861200000000000045e+02,1.501562500000000178e+01
1.861599999999999966e+02,1.500624999999999964e+01
1.862000000000000171e+02,1.508750000000000036e+01
1.862400000000000091e+02,1.513125000000000142e+01
1.862800000000000296e+02,1.502187499999999964e+01
1.863200000000000216e+02,1.466875000000000107e+01
1.863599999999999852e+02,1.486875000000000036e+01
1.864000000000000341e+02,1.491562500000000036e+01
1.864399999999999977e+02,1.481250000000000178e+01
1.864799999999999898e+02,1.504375000000000107e+01
1.865200000000000102e+02,1.512500000000000178e+01
1.865600000000000023e+02,1.497187500000000071e+01
1.866000000000000227e+02,1.506562500000000071e+01
1.866400000000000148e+02,1.500624999999999964e+01
1.866800000000000068e+02,1.515625000000000178e+01
1.867200000000000273e+02,1.516250000000000142e+01
1.867600000000000193e+02,1.497187500000000071e+01
1.868000000000000398e+02,1.501250000000000107e+01
1.868400000000000318e+02,1.492187500000000178e+01
1.868799999999999955e+02,1.480937500000000107e+01
1.869200000000000443e+02,1.504062500000000036e+01
1.869600000000000080e+02,1.494374999999999964e+01
1.870000000000000000e+02,1.504062500000000036e+01
1.870400000000000205e+02,1.494062500000000071e+01
1.870800000000000125e+02,1.505000000000000071e+01
1.871200000000000330e+02,1.507187500000000036e+01
1.871600000000000250e+02,1.480937500000000107e+01
1.871999999999999886e+02,1.505000000000000071e+01
1.872400000000000375e+02,1.510937500000000178e+01
1.872800000000000011e+02,1.503749999999999964e+01
1.873200000000000500e+02,1.497499999999999964e+01
1.873600000000000136e+02,1.487812500000000071e+01
1.874000000000000057e+02,1.484687500000000071e+01
1.874400000000000261e+02,1.492500000000000071e+01
1.874800000000000182e+02,1.527187500000000142e+01
1.875199999999999818e+02,1.505625000000000036e+01
1.875600000000000307e+02,1.486562499999999964e+01
1.875999999999999943e+02,1.517500000000000071e+01
1.876400000000000432e+02,1.485937500000000178e+01
1.876800000000000068e+02,1.517812500000000142e+01
1.877199999999999989e+02,1.516562500000000036e+01
1.877600000000000193e+02,1.497812500000000036e+01
1.878000000000000114e+02,1.520625000000000071e+01
1.878400000000000034e+02,1.494374999999999964e+01
1.878800000000000239e+02,1.491562500000000036e+01
1.879200000000000159e+02,1.507499999999999929e+01
1.879600000000000364e+02,1.522812500000000036e+01
1.880000000000000284e+02,1.506250000000000178e+01
1.880399999999999920e+02,1.503437500000000071e+01
1.880800000000000409e+02,1.508750000000000036e+01
1.881200000000000045e+02,1.504062500000000036e+01
1.881600000000000534e+02,1.522500000000000142e+01
1.882000000000000171e+02,1.488437500000000036e+01
1.882400000000000091e+02,1.504687500000000178e+01
1.882800000000000296e+02,1.522187500000000071e+01
1.883200000000000216e+02,1.501875000000000071e+01
1.883599999999999852e+02,1.506250000000000178e+01
1.884000000000000341e+02,1.502187499999999964e+01
1.884399999999999977e+02,1.489062500000000178e+01
1.884800000000000466e+02,1.503749999999999964e+01
1.885200000000000102e+02,1.509375000000000178e+01
1.885600000000000023e+02,1.497812500000000036e+01
1.886000000000000227e+02,1.507499999999999929e+01
1.886400000000000148e+02,1.489687499999999964e+01
1.886800000000000352e+02,1.510624999999999929e+01
1.887200000000000273e+02,1.506875000000000142e+01
1.887599999999999909e+02,1.518437499999999929e+01
1.888000000000000398e+02,1.489375000000000071e+01
1.888400000000000034e+02,1.509687500000000071e+01
1.888799999999999955e+02,1.510312500000000036e+01
1.889200000000000159e+02,1.498750000000000071e+01
1.889600000000000080e+02,1.536875000000000036e+01
1.890000000000000284e+02,1.490000000000000036e+01
1.890400000000000205e+02,1.508125000000000071e+01
1.890800000000000125e+02,1.511875000000000036e+01
1.891200000000000330e+02,1.482812500000000178e+01
1.891600000000000250e+02,1.505312500000000142e+01
1.891999999999999886e+02,1.531250000000000178e+01
1.892400000000000375e+02,1.492812499999999964e+01
1.892800000000000011e+02,1.501875000000000071e+01
1.893200000000000500e+02,1.518125000000000036e+01
1.893600000000000136e+02,1.495625000000000071e+01
1.894000000000000057e+02,1.466875000000000107e+01
1.894400000000000261e+02,1.495937499999999964e+01
1.894800000000000182e+02,1.490312500000000107e+01
1.895200000000000387e+02,1.481250000000000178e+01
1.895600000000000307e+02,1.514687500000000142e+01
1.895999999999999943e+02,1.509375000000000178e+01
1.896400000000000432e+02,1.489375000000000071e+01
1.896800000000000068e+02,1.521250000000000036e+01
1.897199999999999989e+02,1.493750000000000178e+01
1.897600000000000193e+02,1.487500000000000178e+01
1.898000000000000114e+02,1.517187500000000178e+01
1.898400000000000318e+02,1.457812500000000000e+01
1.898800000000000239e+02,1.479687500000000178e+01
1.899199999999999875e+02,1.524375000000000036e+01
1.899600000000000364e+02,1.498750000000000071e+01
1.900000000000000000e+02,1.481250000000000178e+01
1.900400000000000489e+02,1.523750000000000071e+01
1.900800000000000125e+02,1.507812500000000178e+01
1.901200000000000045e+02,1.492187500000000178e+01
1.901600000000000250e+02,1.525000000000000178e+01
1.902000000000000171e+02,1.496250000000000036e+01
1.902399999999999807e+02,1.491249999999999964e+01
1.902800000000000296e+02,1.505625000000000036e+01
1.903200000000000216e+02,1.492812499999999964e+01
1.903600000000000421e+02,1.503125000000000178e+01
1.904000000000000341e+02,1.509375000000000178e+01
1.904399999999999977e+02,1.489062500000000178e+01
1.904800000000000466e+02,1.514687500000000142e+01
1.905200000000000102e+02,1.501875000000000071e+01
1.905600000000000023e+02,1.513437500000000036e+01
1.906000000000000227e+02,1.523437500000000178e+01
1.906400000000000148e+02,1.505000000000000071e+01
1.906800000000000352e+02,1.490625000000000178e+01
1.907200000000000273e+02,1.494374999999999964e+01
1.907599999999999909e+02,1.499687500000000107e+01
1.908000000000000398e+02,1.511562500000000142e+01
1.908400000000000034e+02,1.497812500000000036e+01
1.908800000000000523e+02,1.502187499999999964e+01
1.909200000000000159e+02,1.500624999999999964e+01
1.909600000000000080e+02,1.489687499999999964e+01
1.910000000000000284e+02,1.505625000000000036e+01
1.910400000000000205e+02,1.495625000000000071e+01
1.910799999999999841e+02,1.495937499999999964e+01
1.911200000000000330e+02,1.517187500000000178e+01
1.911599999999999966e+02,1.477500000000000036e+01
1.912000000000000455e+02,1.508750000000000036e+01
1.912400000000000091e+02,1.508437500000000142e+01
1.912800000000000011e+02,1.499062499999999964e+01
1.913200000000000216e+02,1.509375000000000178e+01
1.913600000000000136e+02,1.536250000000000071e+01
1.913999999999999773e+02,1.512500000000000178e+01
1.914400000000000261e+02,1.481874999999999964e+01
1.914799999999999898e+02,1.504375000000000107e+01
1.915200000000000387e+02,1.505625000000000036e+01
1.915600000000000023e+02,1.523124999999999929e+01
1.915999999999999943e+02,1.519999999999999929e+01
1.916400000000000148e+02,1.506250000000000178e+01
1.916800000000000068e+02,1.515312499999999929e+01
1.917200000000000273e+02,1.512500000000000178e+01
1.917600000000000193e+02,1.501250000000000107e+01
1.918000000000000114e+02,1.496250000000000036e+01
1.918400000000000318e+02,1.504687500000000178e+01
1.918800000000000239e+02,1.514687500000000142e+01
1.919199999999999875e+02,1.502500000000000036e+01
1.919600000000000364e+02,1.520937500000000142e+01
1.920000000000000000e+02,1.505000000000000071e+01
1.920400000000000489e+02,1.483437499999999964e+01
1.920800000000000125e+02,1.495000000000000107e+01
1.921200000000000045e+02,1.521562499999999929e+01
1.921600000000000250e+02,1.501875000000000071e+01
1.922000000000000171e+02,1.485312500000000036e+01
1.922400000000000375e+02,1.535000000000000142e+01
1.922800000000000296e+02,1.515937500000000071e+01
1.923199999999999932e+02,1.505000000000000071e+01
1.923600000000000421e+02,1.484687500000000071e+01
1.924000000000000057e+02,1.521875000000000178e+01
1.924399999999999977e+02,1.514687500000000142e+01
1.924800000000000182e+02,1.496250000000000036e+01
1.925200000000000102e+02,1.517812500000000142e+01
1.925600000000000307e+02,1.528125000000000178e+01
1.926000000000000227e+02,1.515000000000000036e+01
1.926399999999999864e+02,1.512500000000000178e+01
1.926800000000000352e+02,1.523124999999999929e+01
1.927199999999999989e+02,1.493125000000000036e+01
1.927599999999999909e+02,1.545312500000000178e+01
1.928000000000000114e+02,1.515000000000000036e+01
1.928400000000000034e+02,1.528125000000000178e+01
1.928800000000000239e+02,1.511875000000000036e+01
1.929200000000000159e+02,1.511562500000000142e+01
1.929600000000000080e+02,1.511250000000000071e+01
1.930000000000000284e+02,1.513437500000000036e+01
1.930400000000000205e+02,1.495625000000000071e+01
1.930800000000000409e+02,1.500937500000000036e+01
1.931200000000000330e+02,1.510000000000000142e+01
1.931599999999999966e+02,1.504687500000000178e+01
1.932000000000000455e+02,1.523750000000000071e+01
1.932400000000000091e+02,1.515937500000000071e+01
1.932800000000000011e+02,1.530000000000000071e+01
1.933200000000000216e+02,1.526875000000000071e+01
1.933600000000000136e+02,1.513125000000000142e+01
1.934000000000000341e+02,1.510937500000000178e+01
1.934400000000000261e+02,1.519062500000000071e+01
1.934799999999999898e+02,1.509375000000000178e+01
1.935200000000000387e+02,1.499687500000000107e+01
1.935600000000000023e+02,1.505000000000000071e+01
1.936000000000000512e+02,1.481874999999999964e+01
1.936400000000000148e+02,1.482500000000000107e+01
1.936800000000000068e+02,1.514687500000000142e+01
1.937200000000000273e+02,1.521250000000000036e+01
1.937600000000000193e+02,1.545000000000000107e+01
1.937999999999999829e+02,1.535624999999999929e+01
1.938400000000000318e+02,1.532499999999999929e+01
1.938799999999999955e+02,1.502187499999999964e+01
1.939200000000000443e+02,1.511250000000000071e+01
1.939600000000000080e+02,1.495000000000000107e+01
1.940000000000000000e+02,1.500937500000000036e+01
1.940400000000000205e+02,1.479687500000000178e+01
1.940800000000000125e+02,1.518125000000000036e+01
1.941200000000000045e+02,1.519375000000000142e+01
1.941600000000000250e+02,1.514375000000000071e+01
1.942000000000000171e+02,1.508125000000000071e+01
1.942400000000000375e+02,1.494687500000000036e+01
1.942800000000000296e+02,1.499687500000000107e+01
1.943199999999999932e+02,1.517812500000000142e+01
1.943600000000000421e+02,1.519999999999999929e+01
1.944000000000000057e+02,1.515625000000000178e+01
1.944400000000000546e+02,1.514687500000000142e+01
1.944800000000000182e+02,1.504062500000000036e+01
1.945200000000000102e+02,1.526562500000000178e+01
1.945600000000000307e+02,1.521562499999999929e+01
1.946000000000000227e+02,1.524062500000000142e+01
1.946399999999999864e+02,1.507499999999999929e+01
1.946800000000000352e+02,1.530937499999999929e+01
1.947199999999999989e+02,1.532187500000000036e+01
1.947600000000000477e+02,1.498750000000000071e+01
1.948000000000000114e+02,1.508750000000000036e+01
1.948400000000000034e+02,1.488437500000000036e+01
1.948800000000000239e+02,1.486875000000000036e+01
1.949200000000000159e+02,1.500937500000000036e+01
1.949599999999999795e+02,1.510624999999999929e+01
1.950000000000000284e+02,1.538437500000000036e+01
1.950399999999999920e+02,1.518437499999999929e+01
1.950800000000000409e+02,1.516562500000000036e+01
1.951200000000000045e+02,1.522500000000000142e+01
1.951599999999999966e+02,1.517812500000000142e+01
1.952000000000000171e+02,1.500624999999999964e+01
1.952400000000000091e+02,1.542812500000000142e+01
1.952800000000000296e+02,1.535000000000000142e+01
1.953200000000000216e+02,1.512187499999999929e+01
1.953600000000000136e+02,1.522500000000000142e+01
1.954000000000000341e+02,1.512812500000000071e+01
1.954400000000000261e+02,1.493437500000000107e+01
1.954799999999999898e+02,1.500937500000000036e+01
1.955200000000000387e+02,1.514375000000000071e+01
1.955600000000000023e+02,1.513749999999999929e+01
1.956000000000000512e+02,1.505937500000000107e+01
1.956400000000000148e+02,1.532499999999999929e+01
1.956800000000000068e+02,1.521562499999999929e+01
1.957200000000000273e+02,1.527812499999999929e+01
1.957600000000000193e+02,1.503749999999999964e+01
1.958000000000000398e+02,1.541250000000000142e+01
1.958400000000000318e+02,1.512500000000000178e+01
1.958799999999999955e+02,1.547500000000000142e+01
1.959200000000000443e+02,1.526562500000000178e+01
1.959600000000000080e+02,1.517500000000000071e+01
1.960000000000000000e+02,1.504062500000000036e+01
1.960400000000000205e+02,1.521875000000000178e+01
1.960800000000000125e+02,1.514062500000000178e+01
1.961200000000000330e+02,1.500937500000000036e+01
1.961600000000000250e+02,1.500000000000000178e+01
1.961999999999999886e+02,1.517812500000000142e+01
1.962400000000000375e+02,1.532812500000000178e+01
1.962800000000000011e+02,1.533125000000000071e+01
1.963199999999999932e+02,1.519687500000000036e+01
1.963600000000000136e+02,1.505937500000000107e+01
1.964000000000000057e+02,1.525312500000000071e+01
1.964400000000000261e+02,1.508437500000000142e+01
1.964800000000000182e+02,1.501562500000000178e+01
1.965199999999999818e+02,1.506875000000000142e+01
1.965600000000000307e+02,1.525625000000000142e+01
1.965999999999999943e+02,1.526249999999999929e+01
1.966400000000000432e+02,1.515625000000000178e+01
1.966800000000000352e+02,1.515000000000000036e+01
1.967199999999999989e+02,1.513125000000000142e+01
1.967600000000000477e+02,1.520625000000000071e+01
1.968000000000000114e+02,1.507187500000000036e+01
1.968400000000000034e+02,1.499062499999999964e+01
1.968800000000000239e+02,1.494374999999999964e+01
1.969200000000000159e+02,1.503437500000000071e+01
1.969600000000000364e+02,1.514375000000000071e+01
1.970000000000000284e+02,1.540937500000000071e+01
1.970399999999999920e+02,1.517187500000000178e+01
1.970800000000000409e+02,1.524062500000000142e+01
1.971200000000000045e+02,1.527812499999999929e+01
1.971600000000000534e+02,1.499062499999999964e+01
1.972000000000000171e+02,1.506250000000000178e+01
1.972400000000000091e+02,1.532812500000000178e+01
1.972800000000000296e+02,1.511875000000000036e+01
1.973200000000000216e+02,1.528750000000000142e+01
1.973599999999999852e+02,1.521250000000000036e+01
1.974000000000000341e+02,1.533437500000000142e+01
1.974399999999999977e+02,1.507812500000000178e+01
1.974800000000000466e+02,1.554375000000000107e+01
1.975200000000000102e+02,1.519062500000000071e+01
1.975600000000000023e+02,1.516250000000000142e+01
1.976000000000000227e+02,1.515937500000000071e+01
1.976400000000000148e+02,1.500937500000000036e+01
1.976799999999999784e+02,1.521562499999999929e+01
1.977200000000000273e+02,1.516874999999999929e+01
1.977599999999999909e+02,1.496250000000000036e+01
1.978000000000000398e+02,1.515937500000000071e+01
1.978400000000000034e+02,1.498437500000000178e+01
1.978799999999999955e+02,1.519062500000000071e+01
1.979200000000000159e+02,1.494374999999999964e+01
1.979600000000000080e+02,1.525625000000000142e+01
1.980000000000000284e+02,1.511562500000000142e+01
1.980400000000000205e+02,1.518750000000000178e+01
1.980800000000000125e+02,1.508437500000000142e+01
1.981200000000000330e+02,1.519062500000000071e+01
1.981600000000000250e+02,1.507499999999999929e+01
1.981999999999999886e+02,1.526562500000000178e+01
1.982400000000000375e+02,1.517187500000000178e+01
1.982800000000000011e+02,1.501250000000000107e+01
1.983200000000000500e+02,1.500937500000000036e+01
1.983600000000000136e+02,1.523124999999999929e+01
1.984000000000000057e+02,1.519375000000000142e+01
1.984400000000000261e+02,1.517812500000000142e+01
1.984800000000000182e+02,1.510937500000000178e+01
1.985200000000000387e+02,1.507812500000000178e+01
1.985600000000000307e+02,1.523750000000000071e+01
1.985999999999999943e+02,1.517187500000000178e+01
1.986400000000000432e+02,1.529687500000000178e+01
1.986800000000000068e+02,1.544687500000000036e+01
1.987199999999999989e+02,1.533125000000000071e+01
1.987600000000000193e+02,1.519999999999999929e+01
1.988000000000000114e+02,1.524375000000000036e+01
1.988400000000000318e+02,1.510312500000000036e+01
1.988800000000000239e+02,1.493125000000000036e+01
1.989199999999999875e+02,1.511875000000000036e+01
1.989600000000000364e+02,1.514062500000000178e+01
1.990000000000000000e+02,1.532187500000000036e+01
1.990399999999999920e+02,1.544062500000000071e+01
1.990800000000000125e+02,1.547812500000000036e+01
1.991200000000000045e+02,1.552187500000000142e+01
1.991600000000000250e+02,1.543750000000000178e+01
1.992000000000000171e+02,1.521562499999999929e+01
1.992400000000000091e+02,1.538125000000000142e+01
1.992800000000000296e+02,1.514062500000000178e+01
1.993200000000000216e+02,1.525937500000000036e+01
1.993600000000000421e+02,1.509062499999999929e+01
1.994000000000000341e+02,1.500624999999999964e+01
1.994399999999999977e+02,1.511562500000000142e+01
1.994800000000000466e+02,1.517187500000000178e+01
1.995200000000000102e+02,1.536875000000000036e+01
1.995600000000000023e+02,1.522500000000000142e+01
1.996000000000000227e+02,1.542187500000000178e+01
1.996400000000000148e+02,1.532499999999999929e+01
1.996800000000000352e+02,1.520312500000000178e+01
1.997200000000000273e+02,1.521875000000000178e+01
1.997599999999999909e+02,1.515312499999999929e+01
1.998000000000000398e+02,1.517812500000000142e+01
1.998400000000000034e+02,1.502500000000000036e+01
1.998799999999999955e+02,1.490937500000000071e+01
1.999200000000000159e+02,1.504062500000000036e+01
1.999600000000000080e+02,1.510937500000000178e+01
2.000000000000000284e+02,1.550937500000000036e+01
2.000400000000000205e+02,1.524375000000000036e+01
2.000799999999999841e+02,1.527500000000000036e+01
2.001200000000000330e+02,1.524062500000000142e+01
2.001599999999999966e+02,1.537500000000000178e+01
2.002000000000000455e+02,1.535312500000000036e+01
2.002400000000000091e+02,1.518125000000000036e+01
2.002800000000000011e+02,1.513437500000000036e+01
2.003200000000000216e+02,1.527812499999999929e+01
2.003600000000000136e+02,1.510000000000000142e+01
2.004000000000000057e+02,1.504687500000000178e+01
2.004400000000000261e+02,1.517812500000000142e+01
2.004800000000000182e+02,1.510624999999999929e+01
2.005200000000000387e+02,1.520312500000000178e+01
2.005600000000000307e+02,1.510624999999999929e+01
2.005999999999999943e+02,1.527187500000000142e+01
2.006400000000000432e+02,1.539062500000000178e+01
2.006800000000000068e+02,1.536250000000000071e+01
2.007200000000000557e+02,1.514062500000000178e+01
2.007600000000000193e+02,1.510624999999999929e+01
2.008000000000000114e+02,1.548437500000000000e+01
2.008400000000000318e+02,1.501250000000000107e+01
2.008800000000000239e+02,1.515937500000000071e+01
2.009199999999999875e+02,1.517500000000000071e+01
2.009600000000000364e+02,1.535937500000000178e+01
2.010000000000000000e+02,1.513125000000000142e+01
2.010400000000000489e+02,1.518750000000000178e+01
2.010800000000000125e+02,1.513749999999999929e+01
2.011200000000000045e+02,1.497187500000000071e+01
2.011600000000000250e+02,1.522812500000000036e+01
2.012000000000000171e+02,1.508437500000000142e+01
2.012399999999999807e+02,1.507499999999999929e+01
2.012800000000000296e+02,1.519999999999999929e+01
2.013199999999999932e+02,1.550937500000000036e+01
2.013600000000000421e+02,1.549375000000000036e+01
2.014000000000000057e+02,1.504062500000000036e+01
2.014399999999999977e+02,1.513437500000000036e+01
2.014800000000000182e+02,1.528125000000000178e+01
2.015200000000000102e+02,1.515625000000000178e+01
2.015600000000000307e+02,1.506250000000000178e+01
2.016000000000000227e+02,1.526562500000000178e+01
2.016400000000000148e+02,1.540000000000000036e+01
2.016800000000000352e+02,1.539062500000000178e+01
2.017200000000000273e+02,1.501250000000000107e+01
2.017599999999999909e+02,1.525000000000000178e+01
2.018000000000000398e+02,1.524687499999999929e+01
2.018400000000000034e+02,1.525937500000000036e+01
2.018800000000000523e+02,1.513437500000000036e+01
2.019200000000000159e+02,1.522812500000000036e+01
2.019600000000000080e+02,1.510937500000000178e+01
2.020000000000000284e+02,1.513125000000000142e+01
2.020400000000000205e+02,1.514687500000000142e+01
2.020800000000000409e+02,1.533437500000000142e+01
2.021200000000000330e+02,1.544375000000000142e+01
2.021599999999999966e+02,1.519375000000000142e+01
2.022000000000000455e+02,1.550312500000000071e+01
2.022400000000000091e+02,1.530000000000000071e+01
2.022800000000000011e+02,1.528750000000000142e+01
2.023200000000000216e+02,1.532499999999999929e+01
2.023600000000000136e+02,1.517500000000000071e+01
2.024000000000000341e+02,1.519687500000000036e+01
2.024400000000000261e+02,1.519687500000000036e+01
2.024799999999999898e+02,1.533750000000000036e+01
2.025200000000000387e+02,1.516874999999999929e+01
2.025600000000000023e+02,1.536562500000000142e+01
2.025999999999999943e+02,1.528125000000000178e+01
2.026400000000000148e+02,1.510624999999999929e+01
2.026800000000000068e+02,1.540625000000000178e+01
2.027200000000000273e+02,1.519687500000000036e+01
2.027600000000000193e+02,1.555625000000000036e+01
2.027999999999999829e+02,1.541562500000000036e+01
2.028400000000000318e+02,1.517812500000000142e+01
2.028799999999999955e+02,1.508750000000000036e+01
2.029200000000000443e+02,1.523750000000000071e+01
2.029600000000000080e+02,1.545937500000000142e+01
2.030000000000000000e+02,1.516562500000000036e+01
2.030400000000000489e+02,1.548437500000000000e+01
2.030800000000000125e+02,1.537187499999999929e+01
2.031200000000000045e+02,1.542187500000000178e+01
2.031600000000000250e+02,1.543437499999999929e+01
2.032000000000000171e+02,1.535312500000000036e+01
2.032400000000000375e+02,1.525937500000000036e+01
2.032800000000000296e+02,1.539375000000000071e+01
2.033199999999999932e+02,1.527812499999999929e+01
2.033600000000000421e+02,1.517187500000000178e+01
2.034000000000000057e+02,1.513125000000000142e+01
2.034399999999999977e+02,1.518437499999999929e+01
2.034800000000000182e+02,1.530625000000000036e+01
2.035200000000000102e+02,1.555312500000000142e+01
2.035600000000000307e+02,1.534375000000000178e+01
2.036000000000000227e+02,1.542187500000000178e+01
2.036399999999999864e+02,1.546875000000000178e+01
2.036800000000000352e+02,1.500000000000000178e+01
2.037199999999999989e+02,1.528125000000000178e+01
2.037600000000000477e+02,1.529062500000000036e+01
2.038000000000000114e+02,1.510312500000000036e+01
2.038400000000000034e+02,1.516250000000000142e+01
2.038800000000000239e+02,1.501875000000000071e+01
2.039200000000000159e+02,1.511562500000000142e+01
2.039599999999999795e+02,1.518437499999999929e+01
2.040000000000000284e+02,1.519375000000000142e+01
2.040399999999999920e+02,1.528125000000000178e+01
2.040800000000000409e+02,1.514062500000000178e+01
2.041200000000000045e+02,1.534062499999999929e+01
2.041599999999999966e+02,1.521875000000000178e+01
2.042000000000000171e+02,1.546875000000000178e+01
2.042400000000000091e+02,1.548125000000000107e+01
2.042800000000000296e+02,1.554687500000000000e+01
2.043200000000000216e+02,1.533125000000000071e+01
2.043600000000000136e+02,1.532187500000000036e+01
2.044000000000000341e+02,1.527500000000000036e+01
2.044400000000000261e+02,1.552187500000000142e+01
2.044799999999999898e+02,1.522187500000000071e+01
2.045200000000000387e+02,1.527500000000000036e+01
2.045600000000000023e+02,1.536250000000000071e+01
2.046000000000000512e+02,1.550000000000000000e+01
2.046400000000000148e+02,1.533437500000000142e+01
2.046800000000000068e+02,1.545000000000000107e+01
2.047200000000000273e+02,1.543437499999999929e+01
2.047600000000000193e+02,1.531875000000000142e+01
2.047999999999999829e+02,1.552187500000000142e+01
2.048400000000000318e+02,1.534375000000000178e+01
2.048799999999999955e+02,1.539062500000000178e+01
2.049200000000000443e+02,1.545625000000000071e+01
2.049600000000000080e+02,1.507499999999999929e+01
2.050000000000000000e+02,1.548125000000000107e+01
2.050400000000000205e+02,1.527812499999999929e+01
2.050800000000000125e+02,1.556562500000000071e+01
2.051200000000000330e+02,1.526249999999999929e+01
2.051600000000000250e+02,1.533125000000000071e+01
2.051999999999999886e+02,1.544062500000000071e+01
2.052400000000000375e+02,1.519062500000000071e+01
2.052800000000000011e+02,1.527812499999999929e+01
2.053199999999999932e+02,1.519999999999999929e+01
2.053600000000000136e+02,1.535624999999999929e+01
2.054000000000000057e+02,1.542187500000000178e+01
2.054400000000000261e+02,1.543750000000000178e+01
2.054800000000000182e+02,1.542500000000000071e+01
2.055200000000000102e+02,1.542812500000000142e+01
2.055600000000000307e+02,1.540312499999999929e+01
2.056000000000000227e+02,1.537812500000000071e+01
2.056400000000000432e+02,1.557812500000000000e+01
2.056800000000000352e+02,1.525000000000000178e+01
2.057199999999999989e+02,1.512812500000000071e+01
2.057600000000000477e+02,1.520312500000000178e+01
2.058000000000000114e+02,1.515625000000000178e+01
2.058400000000000034e+02,1.528750000000000142e+01
2.058800000000000239e+02,1.511250000000000071e+01
2.059200000000000159e+02,1.521562499999999929e+01
2.059600000000000364e+02,1.532187500000000036e+01
2.060000000000000284e+02,1.523437500000000178e+01
2.060399999999999920e+02,1.507187500000000036e+01
2.060800000000000409e+02,1.501875000000000071e+01
2.061200000000000045e+02,1.526249999999999929e+01
2.061599999999999966e+02,1.519999999999999929e+01
2.062000000000000171e+02,1.512812500000000071e+01
2.062400000000000091e+02,1.519999999999999929e+01
2.062800000000000296e+02,1.522500000000000142e+01
2.063200000000000216e+02,1.541250000000000142e+01
2.063599999999999852e+02,1.540625000000000178e+01
2.064000000000000341e+02,1.541874999999999929e+01
2.064399999999999977e+02,1.545312500000000178e+01
2.064800000000000466e+02,1.542187500000000178e+01
2.065200000000000102e+02,1.543750000000000178e+01
2.065600000000000023e+02,1.556250000000000000e+01
2.066000000000000227e+02,1.554375000000000107e+01
2.066400000000000148e+02,1.522187500000000071e+01
2.066800000000000068e+02,1.538749999999999929e+01
2.067200000000000273e+02,1.542500000000000071e+01
2.067600000000000193e+02,1.527812499999999929e+01
2.068000000000000398e+02,1.528125000000000178e+01
2.068400000000000318e+02,1.552812500000000107e+01
2.068799999999999955e+02,1.544687500000000036e+01
2.069200000000000443e+02,1.538125000000000142e+01
2.069600000000000080e+02,1.540000000000000036e+01
2.070000000000000568e+02,1.519375000000000142e+01
2.070400000000000205e+02,1.530937499999999929e+01
2.070800000000000125e+02,1.545312500000000178e+01
2.071200000000000330e+02,1.520312500000000178e+01
2.071600000000000250e+02,1.553125000000000000e+01
2.071999999999999886e+02,1.535937500000000178e+01
2.072400000000000375e+02,1.533437500000000142e+01
2.072800000000000011e+02,1.515312499999999929e+01
2.073200000000000500e+02,1.536875000000000036e+01
2.073600000000000136e+02,1.515625000000000178e+01
2.074000000000000057e+02,1.530312500000000142e+01
2.074400000000000261e+02,1.525625000000000142e+01
2.074800000000000182e+02,1.525937500000000036e+01
2.075199999999999818e+02,1.560312500000000036e+01
2.075600000000000307e+02,1.532812500000000178e+01
2.075999999999999943e+02,1.518125000000000036e+01
2.076400000000000432e+02,1.484062500000000107e+01
2.076800000000000068e+02,1.530312500000000142e+01
2.077199999999999989e+02,1.523437500000000178e+01
2.077600000000000193e+02,1.531250000000000178e+01
2.078000000000000114e+02,1.559062500000000107e+01
2.078400000000000318e+02,1.540937500000000071e+01
2.078800000000000239e+02,1.544375000000000142e+01
2.079199999999999875e+02,1.534687500000000071e+01
2.079600000000000364e+02,1.515312499999999929e+01
2.080000000000000284e+02,1.521250000000000036e+01
2.080399999999999920e+02,1.514375000000000071e+01
2.080800000000000409e+02,1.541250000000000142e+01
2.081200000000000045e+02,1.527812499999999929e+01
2.081600000000000534e+02,1.521875000000000178e+01
2.082000000000000171e+02,1.504375000000000107e+01
2.082400000000000091e+02,1.537500000000000178e+01
2.082800000000000296e+02,1.555000000000000071e+01
2.083200000000000216e+02,1.544062500000000071e+01
2.083599999999999852e+02,1.535624999999999929e+01
2.084000000000000341e+02,1.548125000000000107e+01
2.084399999999999977e+02,1.532187500000000036e+01
2.084800000000000466e+02,1.528437500000000071e+01
2.085200000000000102e+02,1.528437500000000071e+01
2.085600000000000023e+02,1.542500000000000071e+01
2.086000000000000227e+02,1.539687500000000142e+01
2.086400000000000148e+02,1.549687500000000107e+01
2.086800000000000352e+02,1.530000000000000071e+01
2.087200000000000273e+02,1.524687499999999929e+01
2.087599999999999909e+02,1.533437500000000142e+01
2.088000000000000398e+02,1.535937500000000178e+01
2.088400000000000034e+02,1.543437499999999929e+01
2.088799999999999955e+02,1.531250000000000178e+01
2.089200000000000159e+02,1.513437500000000036e+01
2.089600000000000080e+02,1.535312500000000036e+01
2.090000000000000284e+02,1.530625000000000036e+01
2.090400000000000205e+02,1.496875000000000178e+01
2.090799999999999841e+02,1.529374999999999929e+01
2.091200000000000330e+02,1.537812500000000071e+01
2.091599999999999966e+02,1.518125000000000036e+01
2.092000000000000455e+02,1.560937500000000000e+01
2.092400000000000091e+02,1.542812500000000142e+01
2.092800000000000011e+02,1.540625000000000178e+01
2.093200000000000216e+02,1.515625000000000178e+01
2.093600000000000136e+02,1.524375000000000036e+01
2.094000000000000057e+02,1.543125000000000036e+01
2.094400000000000261e+02,1.537812500000000071e+01
2.094800000000000182e+02,1.525312500000000071e+01
2.095200000000000387e+02,1.538437500000000036e+01
2.095600000000000307e+02,1.521562499999999929e+01
2.095999999999999943e+02,1.548125000000000107e+01
2.096400000000000432e+02,1.532812500000000178e+01
2.096800000000000068e+02,1.523750000000000071e+01
2.097199999999999989e+02,1.550937500000000036e+01
2.097600000000000193e+02,1.563124999999999964e+01
2.098000000000000114e+02,1.558437500000000142e+01
2.098400000000000318e+02,1.532187500000000036e+01
2.098800000000000239e+02,1.520625000000000071e+01
2.099199999999999875e+02,1.506250000000000178e+01
2.099600000000000364e+02,1.546250000000000036e+01
2.100000000000000000e+02,1.552187500000000142e+01
2.100400000000000489e+02,1.543437499999999929e+01
2.100800000000000125e+02,1.532499999999999929e+01
2.101200000000000045e+02,1.557812500000000000e+01
2.101600000000000250e+02,1.531250000000000178e+01
2.102000000000000171e+02,1.537187499999999929e+01
2.102399999999999807e+02,1.548125000000000107e+01
2.102800000000000296e+02,1.526875000000000071e+01
2.103199999999999932e+02,1.540625000000000178e+01
2.103600000000000421e+02,1.550000000000000000e+01
2.104000000000000057e+02,1.545625000000000071e+01
2.104399999999999977e+02,1.543125000000000036e+01
2.104800000000000182e+02,1.551875000000000071e+01
2.105200000000000102e+02,1.547187500000000071e+01
2.105600000000000307e+02,1.528750000000000142e+01
2.106000000000000227e+02,1.529062500000000036e+01
2.106400000000000148e+02,1.509375000000000178e+01
2.106800000000000352e+02,1.531250000000000178e+01
2.107200000000000273e+02,1.525312500000000071e+01
2.107599999999999909e+02,1.543750000000000178e+01
2.108000000000000398e+02,1.562812499999999893e+01
2.108400000000000034e+02,1.539062500000000178e+01
2.108800000000000523e+02,1.540937500000000071e+01
2.109200000000000159e+02,1.552187500000000142e+01
2.109600000000000080e+02,1.558437500000000142e+01
2.110000000000000284e+02,1.548437500000000000e+01
2.110400000000000205e+02,1.542500000000000071e+01
2.110799999999999841e+02,1.520625000000000071e+01
2.111200000000000330e+02,1.553750000000000142e+01
2.111599999999999966e+02,1.533437500000000142e+01
2.112000000000000455e+02,1.540937500000000071e+01
2.112400000000000091e+02,1.548750000000000071e+01
2.112800000000000011e+02,1.548125000000000107e+01
2.113200000000000216e+02,1.550000000000000000e+01
2.113600000000000136e+02,1.548437500000000000e+01
2.114000000000000341e+02,1.523124999999999929e+01
2.114400000000000261e+02,1.543437499999999929e+01
2.114799999999999898e+02,1.562187500000000107e+01
2.115200000000000387e+02,1.540312499999999929e+01
2.115600000000000023e+02,1.543750000000000178e+01
2.115999999999999943e+02,1.561875000000000036e+01
2.116400000000000148e+02,1.562500000000000000e+01
2.116800000000000068e+02,1.537187499999999929e+01
2.117200000000000273e+02,1.551250000000000107e+01
2.117600000000000193e+02,1.522812500000000036e+01
2.118000000000000114e+02,1.550000000000000000e+01
2.118400000000000318e+02,1.534687500000000071e+01
2.118800000000000239e+02,1.553750000000000142e+01
2.119200000000000443e+02,1.536562500000000142e+01
2.119600000000000364e+02,1.551250000000000107e+01
2.120000000000000000e+02,1.540937500000000071e+01
2.120400000000000489e+02,1.539375000000000071e+01
2.120800000000000125e+02,1.556250000000000000e+01
2.121200000000000045e+02,1.558437500000000142e+01
2.121600000000000250e+02,1.544375000000000142e+01
2.122000000000000171e+02,1.560000000000000142e+01
2.122400000000000375e+02,1.548437500000000000e+01
2.122800000000000296e+02,1.540000000000000036e+01
2.123199999999999932e+02,1.543125000000000036e+01
2.123600000000000421e+02,1.589687500000000142e+01
2.124000000000000057e+02,1.550937500000000036e+01
2.124399999999999977e+02,1.545312500000000178e+01
2.124800000000000182e+02,1.546875000000000178e+01
2.125200000000000102e+02,1.540312499999999929e+01
2.125600000000000307e+02,1.536562500000000142e+01
2.126000000000000227e+02,1.550312500000000071e+01
2.126399999999999864e+02,1.536562500000000142e+01
2.126800000000000352e+02,1.555625000000000036e+01
2.127199999999999989e+02,1.569687499999999858e+01
2.127600000000000477e+02,1.555000000000000071e+01
2.128000000000000114e+02,1.519999999999999929e+01
2.128400000000000034e+02,1.545312500000000178e+01
2.128800000000000239e+02,1.560312500000000036e+01
2.129200000000000159e+02,1.551875000000000071e+01
2.129600000000000080e+02,1.532812500000000178e+01
2.130000000000000284e+02,1.538125000000000142e+01
2.130400000000000205e+02,1.550312500000000071e+01
2.130800000000000409e+02,1.553750000000000142e+01
2.131200000000000330e+02,1.540000000000000036e+01
2.131599999999999966e+02,1.548750000000000071e+01
2.132000000000000455e+02,1.551875000000000071e+01
2.132400000000000091e+02,1.550625000000000142e+01
2.132800000000000011e+02,1.554062500000000036e+01
2.133200000000000216e+02,1.560625000000000107e+01
2.133600000000000136e+02,1.557500000000000107e+01
2.134000000000000341e+02,1.549375000000000036e+01
2.134400000000000261e+02,1.562500000000000000e+01
2.134799999999999898e+02,1.530000000000000071e+01
2.135200000000000387e+02,1.519999999999999929e+01
2.135600000000000023e+02,1.545000000000000107e+01
2.136000000000000512e+02,1.517812500000000142e+01
2.136400000000000148e+02,1.525625000000000142e+01
2.136800000000000068e+02,1.567187500000000178e+01
2.137200000000000273e+02,1.566875000000000284e+01
2.137600000000000193e+02,1.560312500000000036e+01
2.137999999999999829e+02,1.548437500000000000e+01
2.138400000000000318e+02,1.532187500000000036e+01
2.138799999999999955e+02,1.545000000000000107e+01
2.139200000000000443e+02,1.565937499999999893e+01
2.139600000000000080e+02,1.545312500000000178e+01
2.140000000000000000e+02,1.528125000000000178e+01
2.140400000000000205e+02,1.523750000000000071e+01
2.140800000000000125e+02,1.565625000000000000e+01
2.141200000000000330e+02,1.550937500000000036e+01
2.141600000000000250e+02,1.545625000000000071e+01
2.141999999999999886e+02,1.560625000000000107e+01
2.142400000000000375e+02,1.543437499999999929e+01
2.142800000000000011e+02,1.552500000000000036e+01
2.143199999999999932e+02,1.531562500000000071e+01
2.143600000000000421e+02,1.540937500000000071e+01
2.144000000000000057e+02,1.579687500000000178e+01
2.144400000000000546e+02,1.559687500000000071e+01
2.144800000000000182e+02,1.568125000000000036e+01
2.145200000000000102e+02,1.542187500000000178e+01
2.145600000000000307e+02,1.548750000000000071e+01
2.146000000000000227e+02,1.550000000000000000e+01
2.146399999999999864e+02,1.530000000000000071e+01
2.146800000000000352e+02,1.540000000000000036e+01
2.147199999999999989e+02,1.533750000000000036e+01
2.147600000000000477e+02,1.544375000000000142e+01
2.148000000000000114e+02,1.567500000000000071e+01
2.148400000000000034e+02,1.551250000000000107e+01
2.148800000000000239e+02,1.550312500000000071e+01
2.149200000000000159e+02,1.557500000000000107e+01
2.149600000000000364e+02,1.532812500000000178e+01
2.150000000000000284e+02,1.546250000000000036e+01
2.150399999999999920e+02,1.555625000000000036e+01
2.150800000000000409e+02,1.530312500000000142e+01
2.151200000000000045e+02,1.534375000000000178e+01
2.151599999999999966e+02,1.576875000000000071e+01
2.152000000000000171e+02,1.565000000000000036e+01
2.152400000000000091e+02,1.563750000000000284e+01
2.152800000000000296e+02,1.553437500000000071e+01
2.153200000000000216e+02,1.531250000000000178e+01
2.153599999999999852e+02,1.536875000000000036e+01
2.154000000000000341e+02,1.553437500000000071e+01
2.154399999999999977e+02,1.550937500000000036e+01
2.154800000000000466e+02,1.544375000000000142e+01
2.155200000000000102e+02,1.542500000000000071e+01
2.155600000000000023e+02,1.550312500000000071e+01
2.156000000000000227e+02,1.534062499999999929e+01
2.156400000000000148e+02,1.535000000000000142e+01
2.156800000000000068e+02,1.556562500000000071e+01
2.157200000000000273e+02,1.540312499999999929e+01
2.157600000000000193e+02,1.553437500000000071e+01
2.158000000000000398e+02,1.536562500000000142e+01
2.158400000000000318e+02,1.563124999999999964e+01
2.158799999999999955e+02,1.553125000000000000e+01
2.159200000000000443e+02,1.555625000000000036e+01
2.159600000000000080e+02,1.555312500000000142e+01
2.160000000000000000e+02,1.565937499999999893e+01
2.160400000000000205e+02,1.531250000000000178e+01
2.160800000000000125e+02,1.556875000000000142e+01
2.161200000000000330e+02,1.538125000000000142e+01
2.161600000000000250e+02,1.558750000000000036e+01
2.161999999999999886e+02,1.546875000000000178e+01
2.162400000000000375e+02,1.537500000000000178e+01
2.162800000000000011e+02,1.544375000000000142e+01
2.163200000000000500e+02,1.563437500000000213e+01
2.163600000000000136e+02,1.540000000000000036e+01
2.164000000000000057e+02,1.553125000000000000e+01
2.164400000000000261e+02,1.541874999999999929e+01
2.164800000000000182e+02,1.559375000000000000e+01
2.165199999999999818e+02,1.552812500000000107e+01
2.165600000000000307e+02,1.538749999999999929e+01
2.165999999999999943e+02,1.545000000000000107e+01
2.166400000000000432e+02,1.520937500000000142e+01
2.166800000000000068e+02,1.549062500000000142e+01
2.167199999999999989e+02,1.554062500000000036e+01
2.167600000000000193e+02,1.563124999999999964e+01
2.168000000000000114e+02,1.557812500000000000e+01
2.168400000000000034e+02,1.533437500000000142e+01
2.168800000000000239e+02,1.554375000000000107e+01
2.169200000000000159e+02,1.534062499999999929e+01
2.169600000000000364e+02,1.542187500000000178e+01
2.170000000000000284e+02,1.541562500000000036e+01
2.170399999999999920e+02,1.567187500000000178e+01
2.170800000000000409e+02,1.559062500000000107e+01
2.171200000000000045e+02,1.553437500000000071e+01
2.171600000000000534e+02,1.544375000000000142e+01
2.172000000000000171e+02,1.550625000000000142e+01
2.172400000000000091e+02,1.537187499999999929e+01
2.172800000000000296e+02,1.533750000000000036e+01
2.173200000000000216e+02,1.544375000000000142e+01
2.173599999999999852e+02,1.564375000000000071e+01
2.174000000000000341e+02,1.553125000000000000e+01
2.174399999999999977e+02,1.556875000000000142e+01
2.174800000000000466e+02,1.566562500000000213e+01
2.175200000000000102e+02,1.570937500000000142e+01
2.175600000000000023e+02,1.552812500000000107e+01
2.176000000000000227e+02,1.565937499999999893e+01
2.176400000000000148e+02,1.556250000000000000e+01
2.176800000000000352e+02,1.555937500000000107e+01
2.177200000000000273e+02,1.559062500000000107e+01
2.177599999999999909e+02,1.545000000000000107e+01
2.178000000000000398e+02,1.542187500000000178e+01
2.178400000000000034e+02,1.568125000000000036e+01
2.178799999999999955e+02,1.545000000000000107e+01
2.179200000000000159e+02,1.557812500000000000e+01
2.179600000000000080e+02,1.560000000000000142e+01
2.180000000000000284e+02,1.571562500000000107e+01
2.180400000000000205e+02,1.573750000000000071e+01
2.180800000000000125e+02,1.561875000000000036e+01
2.181200000000000330e+02,1.575937499999999858e+01
2.181600000000000250e+02,1.562812499999999893e+01
2.181999999999999886e+02,1.550312500000000071e+01
2.182400000000000375e+02,1.548750000000000071e+01
2.182800000000000011e+02,1.556250000000000000e+01
2.183200000000000500e+02,1.550625000000000142e+01
2.183600000000000136e+02,1.553125000000000000e+01
2.184000000000000057e+02,1.565000000000000036e+01
2.184400000000000261e+02,1.555625000000000036e+01
2.184800000000000182e+02,1.568750000000000000e+01
2.185200000000000387e+02,1.553437500000000071e+01
2.185600000000000307e+02,1.551562500000000000e+01
2.185999999999999943e+02,1.572499999999999964e+01
2.186400000000000432e+02,1.545937500000000142e+01
2.186800000000000068e+02,1.569687499999999858e+01
2.187199999999999989e+02,1.559062500000000107e+01
2.187600000000000193e+02,1.560312500000000036e+01
2.188000000000000114e+02,1.567500000000000071e+01
2.188400000000000318e+02,1.551562500000000000e+01
2.188800000000000239e+02,1.575312499999999893e+01
2.189199999999999875e+02,1.563437500000000213e+01
2.189600000000000364e+02,1.557812500000000000e+01
2.190000000000000000e+02,1.579375000000000284e+01
2.190400000000000489e+02,1.574687500000000107e+01
2.190800000000000125e+02,1.551562500000000000e+01
2.191200000000000045e+02,1.533750000000000036e+01
2.191600000000000250e+02,1.556875000000000142e+01
2.192000000000000171e+02,1.542500000000000071e+01
2.192399999999999807e+02,1.580937500000000107e+01
2.192800000000000296e+02,1.542812500000000142e+01
2.193200000000000216e+02,1.574687500000000107e+01
2.193600000000000421e+02,1.582500000000000284e+01
2.194000000000000341e+02,1.551250000000000107e+01
2.194399999999999977e+02,1.569062499999999893e+01
2.194800000000000466e+02,1.521250000000000036e+01
2.195200000000000102e+02,1.530937499999999929e+01
2.195600000000000023e+02,1.554062500000000036e+01
2.196000000000000227e+02,1.540000000000000036e+01
2.196400000000000148e+02,1.557187500000000036e+01
2.196800000000000352e+02,1.578125000000000000e+01
2.197200000000000273e+02,1.565312500000000107e+01
2.197599999999999909e+02,1.541562500000000036e+01
2.198000000000000398e+02,1.561562500000000142e+01
2.198400000000000034e+02,1.570625000000000071e+01
2.198800000000000523e+02,1.546562500000000107e+01
2.199200000000000159e+02,1.557187500000000036e+01
2.199600000000000080e+02,1.540625000000000178e+01
2.200000000000000284e+02,1.583125000000000071e+01
2.200400000000000205e+02,1.556250000000000000e+01
2.200799999999999841e+02,1.585625000000000284e+01
2.201200000000000330e+02,1.575624999999999964e+01
2.201599999999999966e+02,1.548125000000000107e+01
2.202000000000000455e+02,1.554687500000000000e+01
2.202400000000000091e+02,1.541250000000000142e+01
2.202800000000000011e+02,1.548437500000000000e+01
2.203200000000000216e+02,1.567812500000000142e+01
2.203600000000000136e+02,1.560625000000000107e+01
2.204000000000000341e+02,1.578437499999999893e+01
2.204400000000000261e+02,1.565937499999999893e+01
2.204799999999999898e+02,1.580937500000000107e+01
2.205200000000000387e+02,1.571562500000000107e+01
2.205600000000000023e+02,1.560000000000000142e+01
2.205999999999999943e+02,1.568750000000000000e+01
2.206400000000000148e+02,1.575000000000000000e+01
2.206800000000000068e+02,1.559687500000000071e+01
2.207200000000000557e+02,1.574062500000000142e+01
2.207600000000000193e+02,1.570000000000000284e+01
2.208000000000000114e+02,1.563750000000000284e+01
2.208400000000000318e+02,1.575624999999999964e+01
2.208800000000000239e+02,1.562500000000000000e+01
2.209199999999999875e+02,1.545937500000000142e+01
2.209600000000000364e+02,1.560312500000000036e+01
2.210000000000000000e+02,1.551562500000000000e+01
2.210400000000000489e+02,1.579375000000000284e+01
2.210800000000000125e+02,1.571562500000000107e+01
2.211200000000000045e+02,1.587187500000000107e+01
2.211600000000000250e+02,1.584375000000000000e+01
2.212000000000000171e+02,1.572187499999999893e+01
2.212400000000000375e+02,1.574687500000000107e+01
2.212800000000000296e+02,1.561562500000000142e+01
2.213199999999999932e+02,1.562500000000000000e+01
2.213600000000000421e+02,1.545312500000000178e+01
2.214000000000000057e+02,1.541874999999999929e+01
2.214399999999999977e+02,1.544062500000000071e+01
2.214800000000000182e+02,1.585312499999999858e+01
2.215200000000000102e+02,1.563437500000000213e+01
2.215600000000000307e+02,1.575312499999999893e+01
2.216000000000000227e+02,1.583125000000000071e+01
2.216399999999999864e+02,1.573125000000000284e+01
2.216800000000000352e+02,1.553125000000000000e+01
2.217199999999999989e+02,1.545937500000000142e+01
2.217599999999999909e+02,1.549375000000000036e+01
2.218000000000000114e+02,1.559375000000000000e+01
2.218400000000000034e+02,1.578749999999999964e+01
2.218800000000000239e+02,1.568437500000000107e+01
2.219200000000000159e+02,1.574375000000000036e+01
2.219600000000000080e+02,1.576562500000000178e+01
2.220000000000000284e+02,1.571875000000000000e+01
2.220400000000000205e+02,1.580312500000000142e+01
2.220800000000000409e+02,1.551562500000000000e+01
2.221200000000000330e+02,1.570000000000000284e+01
2.221599999999999966e+02,1.559687500000000071e+01
2.222000000000000455e+02,1.565937499999999893e+01
2.222400000000000091e+02,1.524687499999999929e+01
2.222800000000000011e+02,1.563750000000000284e+01
2.223200000000000216e+02,1.564687500000000142e+01
2.223600000000000136e+02,1.544687500000000036e+01
2.224000000000000341e+02,1.567187500000000178e+01
2.224400000000000261e+02,1.595625000000000249e+01
2.224799999999999898e+02,1.548750000000000071e+01
2.225200000000000387e+02,1.563124999999999964e+01
2.225600000000000023e+02,1.568437500000000107e+01
2.226000000000000512e+02,1.541874999999999929e+01
2.226400000000000148e+02,1.550000000000000000e+01
2.226800000000000068e+02,1.552812500000000107e+01
2.227200000000000273e+02,1.573437500000000178e+01
2.227600000000000193e+02,1.575937499999999858e+01
2.227999999999999829e+02,1.575000000000000000e+01
2.228400000000000318e+02,1.553437500000000071e+01
2.228799999999999955e+02,1.599375000000000036e+01
2.229200000000000443e+02,1.580937500000000107e+01
2.229600000000000080e+02,1.584999999999999964e+01
2.230000000000000000e+02,1.562187500000000107e+01
2.230400000000000205e+02,1.560937500000000000e+01
2.230800000000000125e+02,1.547187500000000071e+01
2.231200000000000045e+02,1.541562500000000036e+01
2.231600000000000250e+02,1.581250000000000000e+01
2.232000000000000171e+02,1.565000000000000036e+01
2.232400000000000375e+02,1.550000000000000000e+01
2.232800000000000296e+02,1.563437500000000213e+01
2.233199999999999932e+02,1.569374999999999964e+01
2.233600000000000421e+02,1.567187500000000178e+01
2.234000000000000057e+02,1.569374999999999964e+01
2.234400000000000546e+02,1.544062500000000071e+01
2.234800000000000182e+02,1.558125000000000071e+01
2.235200000000000102e+02,1.572812499999999858e+01
2.235600000000000307e+02,1.567187500000000178e+01
2.236000000000000227e+02,1.584375000000000000e+01
2.236399999999999864e+02,1.569687499999999858e+01
2.236800000000000352e+02,1.533750000000000036e+01
2.237199999999999989e+02,1.569062499999999893e+01
2.237600000000000477e+02,1.570312500000000178e+01
2.238000000000000114e+02,1.563437500000000213e+01
2.238400000000000034e+02,1.555312500000000142e+01
2.238800000000000239e+02,1.548750000000000071e+01
2.239200000000000159e+02,1.567187500000000178e+01
2.239600000000000364e+02,1.551875000000000071e+01
2.240000000000000284e+02,1.578749999999999964e+01
2.240399999999999920e+02,1.547187500000000071e+01
2.240800000000000409e+02,1.569374999999999964e+01
2.241200000000000045e+02,1.554687500000000000e+01
2.241599999999999966e+02,1.578125000000000000e+01
2.242000000000000171e+02,1.568125000000000036e+01
2.242400000000000091e+02,1.590312500000000107e+01
2.242800000000000296e+02,1.564375000000000071e+01
2.243200000000000216e+02,1.572499999999999964e+01
2.243600000000000136e+02,1.577500000000000036e+01
2.244000000000000341e+02,1.558750000000000036e+01
2.244400000000000261e+02,1.565625000000000000e+01
2.244799999999999898e+02,1.578125000000000000e+01
2.245200000000000387e+02,1.565625000000000000e+01
2.245600000000000023e+02,1.575624999999999964e+01
2.246000000000000512e+02,1.554375000000000107e+01
2.246400000000000148e+02,1.567187500000000178e+01
2.246800000000000068e+02,1.580625000000000036e+01
2.247200000000000273e+02,1.581874999999999964e+01
2.247600000000000193e+02,1.564687500000000142e+01
2.248000000000000398e+02,1.579375000000000284e+01
2.248400000000000318e+02,1.578749999999999964e+01
2.248799999999999955e+02,1.569687499999999858e+01
2.249200000000000443e+02,1.567812500000000142e+01
2.249600000000000080e+02,1.548125000000000107e+01
2.250000000000000000e+02,1.556562500000000071e+01
2.250400000000000205e+02,1.567812500000000142e+01
2.250800000000000125e+02,1.558437500000000142e+01
2.251200000000000330e+02,1.562500000000000000e+01
2.251600000000000250e+02,1.565937499999999893e+01
2.251999999999999886e+02,1.567500000000000071e+01
2.252400000000000375e+02,1.575000000000000000e+01
2.252800000000000011e+02,1.550312500000000071e+01
2.253199999999999932e+02,1.545000000000000107e+01
2.253600000000000136e+02,1.564375000000000071e+01
2.254000000000000057e+02,1.589062500000000178e+01
2.254400000000000261e+02,1.598125000000000284e+01
2.254800000000000182e+02,1.567500000000000071e+01
2.255199999999999818e+02,1.568125000000000036e+01
2.255600000000000307e+02,1.559062500000000107e+01
2.255999999999999943e+02,1.541250000000000142e+01
2.256400000000000432e+02,1.568750000000000000e+01
2.256800000000000352e+02,1.561875000000000036e+01
2.257199999999999989e+02,1.561875000000000036e+01
2.257600000000000477e+02,1.575624999999999964e+01
2.258000000000000114e+02,1.575312499999999893e+01
2.258400000000000034e+02,1.569062499999999893e+01
2.258800000000000239e+02,1.562812499999999893e+01
2.259200000000000159e+02,1.587187500000000107e+01
2.259600000000000364e+02,1.604375000000000284e+01
2.260000000000000284e+02,1.580937500000000107e+01
2.260399999999999920e+02,1.569062499999999893e+01
2.260800000000000409e+02,1.600625000000000142e+01
2.261200000000000045e+02,1.572187499999999893e+01
2.261600000000000534e+02,1.564062500000000178e+01
2.262000000000000171e+02,1.576250000000000284e+01
2.262400000000000091e+02,1.566562500000000213e+01
2.262800000000000296e+02,1.576250000000000284e+01
2.263200000000000216e+02,1.577500000000000036e+01
2.263599999999999852e+02,1.568750000000000000e+01
2.264000000000000341e+02,1.576875000000000071e+01
2.264399999999999977e+02,1.566875000000000284e+01
2.264800000000000466e+02,1.550312500000000071e+01
2.265200000000000102e+02,1.556562500000000071e+01
2.265600000000000023e+02,1.573750000000000071e+01
2.266000000000000227e+02,1.563750000000000284e+01
2.266400000000000148e+02,1.584062500000000107e+01
2.266799999999999784e+02,1.571250000000000036e+01
2.267200000000000273e+02,1.561562500000000142e+01
2.267599999999999909e+02,1.579375000000000284e+01
2.268000000000000398e+02,1.584375000000000000e+01
2.268400000000000034e+02,1.597499999999999964e+01
2.268799999999999955e+02,1.592500000000000249e+01
2.269200000000000159e+02,1.582812500000000178e+01
2.269600000000000080e+02,1.565000000000000036e+01
2.270000000000000284e+02,1.572499999999999964e+01
2.270400000000000205e+02,1.549375000000000036e+01
2.270800000000000125e+02,1.548437500000000000e+01
2.271200000000000330e+02,1.562187500000000107e+01
2.271600000000000250e+02,1.591875000000000284e+01
2.271999999999999886e+02,1.596875000000000000e+01
2.272400000000000375e+02,1.598125000000000284e+01
2.272800000000000011e+02,1.571875000000000000e+01
2.273200000000000500e+02,1.554375000000000107e+01
2.273600000000000136e+02,1.594374999999999964e+01
2.274000000000000057e+02,1.595000000000000284e+01
2.274400000000000261e+02,1.567500000000000071e+01
2.274800000000000182e+02,1.570000000000000284e+01
2.275200000000000387e+02,1.547500000000000142e+01
2.275600000000000307e+02,1.590937500000000071e+01
2.275999999999999943e+02,1.581250000000000000e+01
2.276400000000000432e+02,1.571875000000000000e+01
2.276800000000000068e+02,1.566249999999999964e+01
2.277199999999999989e+02,1.580625000000000036e+01
2.277600000000000193e+02,1.570000000000000284e+01
2.278000000000000114e+02,1.569687499999999858e+01
2.278400000000000318e+02,1.541250000000000142e+01
2.278800000000000239e+02,1.550625000000000142e+01
2.279199999999999875e+02,1.563437500000000213e+01
2.279600000000000364e+02,1.558125000000000071e+01
2.280000000000000000e+02,1.561562500000000142e+01
2.280399999999999920e+02,1.582812500000000178e+01
2.280800000000000125e+02,1.605312500000000142e+01
2.281200000000000045e+02,1.591562499999999858e+01
2.281600000000000250e+02,1.583125000000000071e+01
2.282000000000000171e+02,1.584375000000000000e+01
2.282400000000000091e+02,1.580312500000000142e+01
2.282800000000000296e+02,1.543750000000000178e+01
2.283200000000000216e+02,1.565625000000000000e+01
2.283600000000000421e+02,1.571250000000000036e+01
2.284000000000000341e+02,1.556250000000000000e+01
2.284399999999999977e+02,1.570625000000000071e+01
2.284800000000000466e+02,1.563750000000000284e+01
2.285200000000000102e+02,1.590000000000000036e+01
2.285600000000000023e+02,1.559687500000000071e+01
2.286000000000000227e+02,1.585312499999999858e+01
2.286400000000000148e+02,1.603125000000000000e+01
2.286800000000000352e+02,1.571875000000000000e+01
2.287200000000000273e+02,1.591249999999999964e+01
2.287599999999999909e+02,1.577812500000000107e+01
2.288000000000000398e+02,1.606562500000000071e+01
2.288400000000000034e+02,1.559375000000000000e+01
2.288800000000000523e+02,1.574687500000000107e+01
2.289200000000000159e+02,1.570000000000000284e+01
2.289600000000000080e+02,1.582500000000000284e+01
2.290000000000000284e+02,1.569062499999999893e+01
2.290400000000000205e+02,1.571250000000000036e+01
2.290799999999999841e+02,1.577187500000000142e+01
2.291200000000000330e+02,1.565937499999999893e+01
2.291599999999999966e+02,1.573125000000000284e+01
2.292000000000000455e+02,1.580625000000000036e+01
2.292400000000000091e+02,1.552187500000000142e+01
2.292800000000000011e+02,1.571875000000000000e+01
2.293200000000000216e+02,1.567500000000000071e+01
2.293600000000000136e+02,1.594374999999999964e+01
2.294000000000000057e+02,1.584375000000000000e+01
2.294400000000000261e+02,1.561250000000000071e+01
2.294800000000000182e+02,1.554375000000000107e+01
2.295200000000000387e+02,1.568125000000000036e+01
2.295600000000000307e+02,1.566875000000000284e+01
2.295999999999999943e+02,1.543125000000000036e+01
2.296400000000000432e+02,1.570000000000000284e+01
2.296800000000000068e+02,1.552500000000000036e+01
2.297200000000000557e+02,1.564375000000000071e+01
2.297600000000000193e+02,1.586875000000000036e+01
2.298000000000000114e+02,1.562500000000000000e+01
2.298400000000000318e+02,1.567812500000000142e+01
2.298800000000000239e+02,1.570937500000000142e+01
2.299199999999999875e+02,1.554062500000000036e+01
2.299600000000000364e+02,1.583125000000000071e+01
2.300000000000000000e+02,1.554687500000000000e+01
2.300400000000000489e+02,1.580625000000000036e+01
2.300800000000000125e+02,1.587500000000000000e+01
2.301200000000000045e+02,1.582187499999999858e+01
2.301600000000000250e+02,1.555625000000000036e+01
2.302000000000000171e+02,1.570312500000000178e+01
2.302399999999999807e+02,1.565312500000000107e+01
2.302800000000000296e+02,1.547500000000000142e+01
2.303199999999999932e+02,1.596875000000000000e+01
2.303600000000000421e+02,1.587812500000000071e+01
2.304000000000000057e+02,1.575312499999999893e+01
2.304399999999999977e+02,1.574375000000000036e+01
2.304800000000000182e+02,1.580312500000000142e+01
2.305200000000000102e+02,1.599375000000000036e+01
2.305600000000000307e+02,1.559062500000000107e+01
2.306000000000000227e+02,1.570000000000000284e+01
2.306400000000000148e+02,1.554687500000000000e+01
2.306800000000000352e+02,1.594062500000000071e+01
2.307200000000000273e+02,1.565312500000000107e+01
2.307599999999999909e+02,1.577500000000000036e+01
2.308000000000000398e+02,1.581562500000000071e+01
2.308400000000000034e+02,1.575624999999999964e+01
2.308800000000000523e+02,1.569062499999999893e+01
2.309200000000000159e+02,1.554062500000000036e+01
2.309600000000000080e+02,1.560000000000000142e+01
2.310000000000000284e+02,1.559062500000000107e+01
2.310400000000000205e+02,1.573437500000000178e+01
2.310800000000000409e+02,1.563750000000000284e+01
2.311200000000000330e+02,1.576250000000000284e+01
2.311599999999999966e+02,1.589687500000000142e+01
2.312000000000000455e+02,1.571875000000000000e+01
2.312400000000000091e+02,1.591249999999999964e+01
2.312800000000000011e+02,1.591249999999999964e+01
2.313200000000000216e+02,1.558750000000000036e+01
2.313600000000000136e+02,1.557187500000000036e+01
2.314000000000000341e+02,1.579375000000000284e+01
2.314400000000000261e+02,1.583750000000000036e+01
2.314799999999999898e+02,1.572187499999999893e+01
2.315200000000000387e+02,1.561250000000000071e+01
2.315600000000000023e+02,1.583437500000000142e+01
2.315999999999999943e+02,1.610624999999999929e+01
2.316400000000000148e+02,1.602812499999999929e+01
2.316800000000000068e+02,1.602812499999999929e+01
2.317200000000000273e+02,1.575000000000000000e+01
2.317600000000000193e+02,1.541250000000000142e+01
2.317999999999999829e+02,1.565937499999999893e+01
2.318400000000000318e+02,1.573750000000000071e+01
2.318799999999999955e+02,1.570625000000000071e+01
2.319200000000000443e+02,1.586562500000000142e+01
2.319600000000000080e+02,1.565000000000000036e+01
2.320000000000000000e+02,1.587812500000000071e+01
2.320400000000000489e+02,1.577812500000000107e+01
2.320800000000000125e+02,1.567500000000000071e+01
2.321200000000000045e+02,1.580937500000000107e+01
2.321600000000000250e+02,1.587812500000000071e+01
2.322000000000000171e+02,1.592500000000000249e+01
2.322400000000000375e+02,1.587812500000000071e+01
2.322800000000000296e+02,1.562187500000000107e+01
2.323199999999999932e+02,1.568125000000000036e+01
2.323600000000000421e+02,1.571875000000000000e+01
2.324000000000000057e+02,1.585937500000000178e+01
2.324400000000000546e+02,1.566875000000000284e+01
2.324800000000000182e+02,1.586250000000000071e+01
2.325200000000000102e+02,1.565000000000000036e+01
2.325600000000000307e+02,1.583125000000000071e+01
2.326000000000000227e+02,1.586562500000000142e+01
2.326399999999999864e+02,1.577812500000000107e+01
2.326800000000000352e+02,1.558125000000000071e+01
2.327199999999999989e+02,1.584687500000000071e+01
2.327600000000000477e+02,1.595312500000000178e+01
2.328000000000000114e+02,1.576562500000000178e+01
2.328400000000000034e+02,1.590312500000000107e+01
2.328800000000000239e+02,1.559062500000000107e+01
2.329200000000000159e+02,1.572812499999999858e+01
2.329599999999999795e+02,1.567812500000000142e+01
2.330000000000000284e+02,1.575312499999999893e+01
2.330399999999999920e+02,1.590312500000000107e+01
2.330800000000000409e+02,1.597812499999999858e+01
2.331200000000000045e+02,1.565312500000000107e+01
2.331599999999999966e+02,1.573437500000000178e+01
2.332000000000000171e+02,1.577500000000000036e+01
2.332400000000000091e+02,1.564687500000000142e+01
2.332800000000000296e+02,1.572499999999999964e+01
2.333200000000000216e+02,1.560937500000000000e+01
2.333600000000000136e+02,1.570625000000000071e+01
2.334000000000000341e+02,1.570000000000000284e+01
2.334400000000000261e+02,1.577812500000000107e+01
2.334799999999999898e+02,1.582812500000000178e+01
2.335200000000000387e+02,1.562812499999999893e+01
2.335600000000000023e+02,1.559687500000000071e+01
2.336000000000000512e+02,1.586562500000000142e+01
2.336400000000000148e+02,1.579375000000000284e+01
2.336800000000000068e+02,1.576875000000000071e+01
2.337200000000000273e+02,1.590312500000000107e+01
2.337600000000000193e+02,1.576250000000000284e+01
2.337999999999999829e+02,1.577812500000000107e+01
2.338400000000000318e+02,1.575624999999999964e+01
2.338799999999999955e+02,1.589062500000000178e+01
2.339200000000000443e+02,1.571875000000000000e+01
2.339600000000000080e+02,1.577812500000000107e+01
2.340000000000000000e+02,1.577500000000000036e+01
2.340400000000000205e+02,1.573750000000000071e+01
2.340800000000000125e+02,1.590625000000000000e+01
2.341200000000000330e+02,1.573750000000000071e+01
2.341600000000000250e+02,1.562812499999999893e+01
2.341999999999999886e+02,1.599687500000000107e+01
2.342400000000000375e+02,1.594687499999999858e+01
2.342800000000000011e+02,1.572812499999999858e+01
2.343199999999999932e+02,1.586562500000000142e+01
2.343600000000000136e+02,1.593750000000000000e+01
2.344000000000000057e+02,1.578125000000000000e+01
2.344400000000000261e+02,1.599375000000000036e+01
2.344800000000000182e+02,1.582187499999999858e+01
2.345200000000000102e+02,1.579062499999999858e+01
2.345600000000000307e+02,1.560000000000000142e+01
2.346000000000000227e+02,1.595937500000000142e+01
2.346400000000000432e+02,1.565937499999999893e+01
2.346800000000000352e+02,1.572499999999999964e+01
2.347199999999999989e+02,1.577187500000000142e+01
2.347600000000000477e+02,1.583125000000000071e+01
2.348000000000000114e+02,1.571875000000000000e+01
2.348400000000000034e+02,1.583437500000000142e+01
2.348800000000000239e+02,1.589062500000000178e+01
2.349200000000000159e+02,1.582187499999999858e+01
2.349600000000000364e+02,1.562500000000000000e+01
2.350000000000000284e+02,1.600625000000000142e+01
2.350399999999999920e+02,1.575937499999999858e+01
2.350800000000000409e+02,1.574687500000000107e+01
2.351200000000000045e+02,1.565937499999999893e+01
2.351599999999999966e+02,1.571250000000000036e+01
2.352000000000000171e+02,1.584375000000000000e+01
2.352400000000000091e+02,1.594374999999999964e+01
2.352800000000000296e+02,1.585625000000000284e+01
2.353200000000000216e+02,1.609375000000000000e+01
2.353599999999999852e+02,1.579375000000000284e+01
2.354000000000000341e+02,1.583750000000000036e+01
2.354399999999999977e+02,1.593750000000000000e+01
2.354800000000000466e+02,1.573437500000000178e+01
2.355200000000000102e+02,1.594687499999999858e+01
2.355600000000000023e+02,1.610937500000000355e+01
2.356000000000000227e+02,1.557187500000000036e+01
2.356400000000000148e+02,1.601875000000000071e+01
2.356800000000000068e+02,1.597812499999999858e+01
2.357200000000000273e+02,1.570937500000000142e+01
2.357600000000000193e+02,1.574687500000000107e+01
2.358000000000000398e+02,1.590937500000000071e+01
2.358400000000000318e+02,1.571562500000000107e+01
2.358799999999999955e+02,1.578749999999999964e+01
2.359200000000000443e+02,1.593437500000000107e+01
2.359600000000000080e+02,1.601250000000000284e+01
2.360000000000000568e+02,1.581250000000000000e+01
2.360400000000000205e+02,1.598437500000000178e+01
2.360800000000000125e+02,1.581250000000000000e+01
2.361200000000000330e+02,1.591562499999999858e+01
2.361600000000000250e+02,1.592500000000000249e+01
2.361999999999999886e+02,1.579062499999999858e+01
2.362400000000000375e+02,1.588124999999999964e+01
2.362800000000000011e+02,1.586250000000000071e+01
2.363200000000000500e+02,1.577500000000000036e+01
2.363600000000000136e+02,1.591562499999999858e+01
2.364000000000000057e+02,1.599375000000000036e+01
2.364400000000000261e+02,1.587812500000000071e+01
2.364800000000000182e+02,1.594062500000000071e+01
2.365199999999999818e+02,1.597812499999999858e+01
2.365600000000000307e+02,1.587812500000000071e+01
2.365999999999999943e+02,1.585312499999999858e+01
2.366400000000000432e+02,1.575312499999999893e+01
2.366800000000000068e+02,1.610312499999999858e+01
2.367199999999999989e+02,1.572187499999999893e+01
2.367600000000000193e+02,1.584999999999999964e+01
2.368000000000000114e+02,1.578125000000000000e+01
2.368400000000000318e+02,1.616874999999999929e+01
2.368800000000000239e+02,1.605937499999999929e+01
2.369199999999999875e+02,1.595312500000000178e+01
2.369600000000000364e+02,1.586562500000000142e+01
2.370000000000000284e+02,1.598125000000000284e+01
2.370399999999999920e+02,1.572812499999999858e+01
2.370800000000000409e+02,1.583437500000000142e+01
2.371200000000000045e+02,1.585625000000000284e+01
2.371600000000000534e+02,1.584062500000000107e+01
2.372000000000000171e+02,1.604687500000000355e+01
2.372400000000000091e+02,1.577500000000000036e+01
2.372800000000000296e+02,1.573125000000000284e+01
2.373200000000000216e+02,1.590312500000000107e+01
2.373600000000000421e+02,1.550312500000000071e+01
2.374000000000000341e+02,1.581250000000000000e+01
2.374399999999999977e+02,1.565937499999999893e+01
2.374800000000000466e+02,1.598125000000000284e+01
2.375200000000000102e+02,1.596250000000000036e+01
2.375600000000000023e+02,1.583750000000000036e+01
2.376000000000000227e+02,1.569687499999999858e+01
2.376400000000000148e+02,1.580625000000000036e+01
2.376800000000000352e+02,1.597499999999999964e+01
2.377200000000000273e+02,1.596250000000000036e+01
2.377599999999999909e+02,1.586875000000000036e+01
2.378000000000000398e+02,1.589687500000000142e+01
2.378400000000000034e+02,1.609375000000000000e+01
2.378799999999999955e+02,1.577187500000000142e+01
2.379200000000000159e+02,1.587812500000000071e+01
2.379600000000000080e+02,1.567812500000000142e+01
2.380000000000000284e+02,1.553125000000000000e+01
2.380400000000000205e+02,1.609375000000000000e+01
2.380799999999999841e+02,1.581562500000000071e+01
2.381200000000000330e+02,1.605000000000000071e+01
2.381599999999999966e+02,1.604375000000000284e+01
2.382000000000000455e+02,1.579375000000000284e+01
2.382400000000000091e+02,1.560625000000000107e+01
2.382800000000000011e+02,1.562187500000000107e+01
2.383200000000000216e+02,1.576250000000000284e+01
2.383600000000000136e+02,1.600312500000000071e+01
2.384000000000000057e+02,1.598437500000000178e+01
2.384400000000000261e+02,1.572812499999999858e+01
2.384800000000000182e+02,1.583750000000000036e+01
2.385200000000000387e+02,1.600625000000000142e+01
2.385600000000000307e+02,1.602187500000000142e+01
2.385999999999999943e+02,1.584999999999999964e+01
2.386400000000000432e+02,1.587187500000000107e+01
2.386800000000000068e+02,1.590937500000000071e+01
2.387199999999999989e+02,1.597499999999999964e+01
2.387600000000000193e+02,1.592812500000000142e+01
2.388000000000000114e+02,1.575312499999999893e+01
2.388400000000000318e+02,1.609375000000000000e+01
2.388800000000000239e+02,1.579375000000000284e+01
2.389199999999999875e+02,1.571562500000000107e+01
2.389600000000000364e+02,1.597187500000000071e+01
2.390000000000000000e+02,1.578749999999999964e+01
2.390400000000000489e+02,1.614062500000000355e+01
2.390800000000000125e+02,1.589687500000000142e+01
2.391200000000000045e+02,1.610937500000000355e+01
2.391600000000000250e+02,1.565937499999999893e+01
2.392000000000000171e+02,1.597812499999999858e+01
2.392399999999999807e+02,1.600312500000000071e+01
2.392800000000000296e+02,1.585312499999999858e+01
2.393199999999999932e+02,1.601250000000000284e+01
2.393600000000000421e+02,1.599062500000000142e+01
2.394000000000000057e+02,1.584062500000000107e+01
2.394399999999999977e+02,1.595312500000000178e+01
2.394800000000000182e+02,1.609062499999999929e+01
2.395200000000000102e+02,1.599062500000000142e+01
2.395600000000000307e+02,1.584062500000000107e+01
2.396000000000000227e+02,1.604375000000000284e+01
2.396400000000000148e+02,1.580625000000000036e+01
2.396800000000000352e+02,1.587812500000000071e+01
2.397200000000000273e+02,1.578125000000000000e+01
2.397599999999999909e+02,1.597187500000000071e+01
2.398000000000000398e+02,1.590312500000000107e+01
2.398400000000000034e+02,1.581562500000000071e+01
2.398800000000000523e+02,1.591249999999999964e+01
2.399200000000000159e+02,1.598750000000000249e+01
2.399600000000000080e+02,1.581562500000000071e+01
2.400000000000000284e+02,1.580000000000000071e+01
2.400400000000000205e+02,1.570312500000000178e+01
2.400799999999999841e+02,1.598437500000000178e+01
2.401200000000000330e+02,1.579062499999999858e+01
2.401599999999999966e+02,1.588750000000000284e+01
2.402000000000000455e+02,1.591875000000000284e+01
2.402400000000000091e+02,1.575000000000000000e+01
2.402800000000000011e+02,1.598125000000000284e+01
2.403200000000000216e+02,1.584999999999999964e+01
2.403600000000000136e+02,1.590625000000000000e+01
2.404000000000000341e+02,1.604375000000000284e+01
2.404400000000000261e+02,1.600937499999999858e+01
2.404799999999999898e+02,1.588124999999999964e+01
2.405200000000000387e+02,1.587187500000000107e+01
2.405600000000000023e+02,1.596562500000000107e+01
2.405999999999999943e+02,1.605625000000000213e+01
2.406400000000000148e+02,1.580312500000000142e+01
2.406800000000000068e+02,1.594687499999999858e+01
2.407200000000000273e+02,1.579375000000000284e+01
2.407600000000000193e+02,1.580937500000000107e+01
2.408000000000000114e+02,1.587812500000000071e+01
2.408400000000000318e+02,1.560937500000000000e+01
2.408800000000000239e+02,1.592187500000000178e+01
2.409200000000000443e+02,1.613437499999999858e+01
2.409600000000000364e+02,1.580937500000000107e+01
2.410000000000000000e+02,1.595000000000000284e+01
2.410400000000000489e+02,1.580312500000000142e+01
2.410800000000000125e+02,1.598125000000000284e+01
2.411200000000000045e+02,1.591562499999999858e+01
2.411600000000000250e+02,1.588124999999999964e+01
2.412000000000000171e+02,1.633750000000000213e+01
2.412400000000000375e+02,1.598125000000000284e+01
2.412800000000000296e+02,1.617187500000000355e+01
2.413199999999999932e+02,1.611562500000000142e+01
2.413600000000000421e+02,1.580000000000000071e+01
2.414000000000000057e+02,1.596875000000000000e+01
2.414399999999999977e+02,1.590937500000000071e+01
2.414800000000000182e+02,1.604375000000000284e+01
2.415200000000000102e+02,1.601562500000000355e+01
2.415600000000000307e+02,1.586250000000000071e+01
2.416000000000000227e+02,1.590625000000000000e+01
2.416399999999999864e+02,1.606875000000000142e+01
2.416800000000000352e+02,1.593750000000000000e+01
2.417199999999999989e+02,1.581562500000000071e+01
2.417600000000000477e+02,1.575624999999999964e+01
2.418000000000000114e+02,1.601250000000000284e+01
2.418400000000000034e+02,1.591875000000000284e+01
2.418800000000000239e+02,1.585625000000000284e+01
2.419200000000000159e+02,1.593125000000000036e+01
2.419600000000000080e+02,1.574062500000000142e+01
2.420000000000000284e+02,1.587500000000000000e+01
2.420400000000000205e+02,1.601875000000000071e+01
2.420800000000000409e+02,1.600625000000000142e+01
2.421200000000000330e+02,1.586875000000000036e+01
2.421599999999999966e+02,1.579375000000000284e+01
2.422000000000000455e+02,1.595937500000000142e+01
2.422400000000000091e+02,1.588124999999999964e+01
2.422800000000000011e+02,1.589062500000000178e+01
2.423200000000000216e+02,1.588750000000000284e+01
2.423600000000000136e+02,1.590937500000000071e+01
2.424000000000000341e+02,1.618125000000000213e+01
2.424400000000000261e+02,1.612812500000000071e+01
2.424799999999999898e+02,1.595625000000000249e+01
2.425200000000000387e+02,1.584687500000000071e+01
2.425600000000000023e+02,1.562812499999999893e+01
2.426000000000000512e+02,1.590937500000000071e+01
2.426400000000000148e+02,1.611562500000000142e+01
2.426800000000000068e+02,1.599062500000000142e+01
2.427200000000000273e+02,1.593125000000000036e+01
2.427600000000000193e+02,1.600312500000000071e+01
2.427999999999999829e+02,1.563750000000000284e+01
2.428400000000000318e+02,1.589687500000000142e+01
2.428799999999999955e+02,1.610000000000000142e+01
2.429200000000000443e+02,1.599062500000000142e+01
2.429600000000000080e+02,1.618125000000000213e+01
2.430000000000000000e+02,1.609687500000000071e+01
2.430400000000000205e+02,1.595937500000000142e+01
2.430800000000000125e+02,1.606250000000000000e+01
2.431200000000000330e+02,1.615312499999999929e+01
2.431600000000000250e+02,1.605312500000000142e+01
2.431999999999999886e+02,1.592500000000000249e+01
2.432400000000000375e+02,1.609375000000000000e+01
2.432800000000000011e+02,1.611562500000000142e+01
2.433199999999999932e+02,1.616874999999999929e+01
2.433600000000000421e+02,1.610000000000000142e+01
2.434000000000000057e+02,1.587812500000000071e+01
2.434400000000000546e+02,1.591875000000000284e+01
2.434800000000000182e+02,1.606250000000000000e+01
2.435200000000000102e+02,1.618125000000000213e+01
2.435600000000000307e+02,1.600000000000000000e+01
2.436000000000000227e+02,1.620937500000000142e+01
2.436399999999999864e+02,1.588124999999999964e+01
2.436800000000000352e+02,1.575000000000000000e+01
2.437199999999999989e+02,1.581250000000000000e+01
2.437600000000000477e+02,1.587500000000000000e+01
2.438000000000000114e+02,1.576875000000000071e+01
2.438400000000000034e+02,1.587812500000000071e+01
2.438800000000000239e+02,1.592187500000000178e+01
2.439200000000000159e+02,1.598437500000000178e+01
2.439600000000000364e+02,1.624062500000000142e+01
2.440000000000000284e+02,1.619375000000000142e+01
2.440399999999999920e+02,1.604687500000000355e+01
2.440800000000000409e+02,1.618750000000000000e+01
2.441200000000000045e+02,1.618437499999999929e+01
2.441599999999999966e+02,1.606562500000000071e+01
2.442000000000000171e+02,1.621562499999999929e+01
2.442400000000000091e+02,1.596250000000000036e+01
2.442800000000000296e+02,1.602500000000000213e+01
2.443200000000000216e+02,1.589375000000000249e+01
2.443599999999999852e+02,1.594374999999999964e+01
2.444000000000000341e+02,1.593437500000000107e+01
2.444399999999999977e+02,1.620625000000000071e+01
2.444800000000000466e+02,1.610937500000000355e+01
2.445200000000000102e+02,1.604375000000000284e+01
2.445600000000000023e+02,1.599062500000000142e+01
2.446000000000000227e+02,1.605312500000000142e+01
2.446400000000000148e+02,1.601875000000000071e+01
2.446800000000000068e+02,1.592187500000000178e+01
2.447200000000000273e+02,1.599687500000000107e+01
2.447600000000000193e+02,1.641562499999999858e+01
2.448000000000000398e+02,1.619687499999999858e+01
2.448400000000000318e+02,1.577812500000000107e+01
2.448799999999999955e+02,1.592187500000000178e+01
2.449200000000000443e+02,1.611562500000000142e+01
2.449600000000000080e+02,1.580937500000000107e+01
2.450000000000000000e+02,1.611250000000000071e+01
2.450400000000000205e+02,1.585312499999999858e+01
2.450800000000000125e+02,1.618125000000000213e+01
2.451200000000000330e+02,1.619375000000000142e+01
2.451600000000000250e+02,1.604687500000000355e+01
2.451999999999999886e+02,1.586562500000000142e+01
2.452400000000000375e+02,1.602187500000000142e+01
2.452800000000000011e+02,1.601562500000000355e+01
2.453200000000000500e+02,1.604062499999999858e+01
2.453600000000000136e+02,1.601875000000000071e+01
2.454000000000000057e+02,1.613437499999999858e+01
2.454400000000000261e+02,1.591562499999999858e+01
2.454800000000000182e+02,1.581562500000000071e+01
2.455199999999999818e+02,1.582500000000000284e+01
2.455600000000000307e+02,1.588437499999999858e+01
2.455999999999999943e+02,1.620312500000000355e+01
2.456400000000000432e+02,1.604062499999999858e+01
2.456800000000000068e+02,1.599062500000000142e+01
2.457199999999999989e+02,1.600000000000000000e+01
2.457600000000000193e+02,1.596875000000000000e+01
2.458000000000000114e+02,1.605937499999999929e+01
2.458400000000000318e+02,1.614062500000000355e+01
2.458800000000000239e+02,1.580000000000000071e+01
2.459200000000000159e+02,1.612812500000000071e+01
2.459600000000000364e+02,1.605625000000000213e+01
2.460000000000000284e+02,1.589375000000000249e+01
2.460399999999999920e+02,1.612500000000000000e+01
2.460800000000000409e+02,1.609062499999999929e+01
2.461200000000000045e+02,1.581874999999999964e+01
2.461600000000000534e+02,1.601875000000000071e+01
2.462000000000000171e+02,1.623750000000000071e+01
2.462400000000000091e+02,1.605625000000000213e+01
2.462800000000000296e+02,1.607500000000000284e+01
2.463200000000000216e+02,1.610937500000000355e+01
2.463599999999999852e+02,1.595000000000000284e+01
2.464000000000000341e+02,1.595937500000000142e+01
2.464399999999999977e+02,1.594687499999999858e+01
2.464800000000000466e+02,1.600312500000000071e+01
2.465200000000000102e+02,1.610312499999999858e+01
2.465600000000000023e+02,1.595312500000000178e+01
2.466000000000000227e+02,1.603437500000000071e+01
2.466400000000000148e+02,1.632499999999999929e+01
2.466800000000000352e+02,1.611562500000000142e+01
2.467200000000000273e+02,1.590937500000000071e+01
2.467599999999999909e+02,1.597187500000000071e+01
2.468000000000000398e+02,1.600312500000000071e+01
2.468400000000000034e+02,1.608750000000000213e+01
2.468799999999999955e+02,1.621875000000000000e+01
2.469200000000000159e+02,1.604062499999999858e+01
2.469600000000000080e+02,1.606875000000000142e+01
2.470000000000000284e+02,1.610937500000000355e+01
2.470400000000000205e+02,1.605000000000000071e+01
2.470800000000000125e+02,1.595312500000000178e+01
2.471200000000000330e+02,1.608125000000000071e+01
2.471600000000000250e+02,1.595312500000000178e+01
2.471999999999999886e+02,1.581250000000000000e+01
2.472400000000000375e+02,1.584062500000000107e+01
2.472800000000000011e+02,1.595312500000000178e+01
2.473200000000000500e+02,1.609687500000000071e+01
2.473600000000000136e+02,1.612500000000000000e+01
2.474000000000000057e+02,1.596250000000000036e+01
2.474400000000000261e+02,1.613437499999999858e+01
2.474800000000000182e+02,1.615625000000000000e+01
2.475200000000000387e+02,1.600937499999999858e+01
2.475600000000000307e+02,1.592187500000000178e+01
2.475999999999999943e+02,1.605937499999999929e+01
2.476400000000000432e+02,1.592812500000000142e+01
2.476800000000000068e+02,1.600000000000000000e+01
2.477199999999999989e+02,1.603750000000000142e+01
2.477600000000000193e+02,1.605625000000000213e+01
2.478000000000000114e+02,1.605937499999999929e+01
2.478400000000000318e+02,1.612500000000000000e+01
2.478800000000000239e+02,1.595937500000000142e+01
2.479199999999999875e+02,1.600625000000000142e+01
2.479600000000000364e+02,1.588750000000000284e+01
2.480000000000000000e+02,1.610937500000000355e+01
2.480400000000000489e+02,1.598125000000000284e+01
2.480800000000000125e+02,1.611250000000000071e+01
2.481200000000000045e+02,1.614687500000000142e+01
2.481600000000000250e+02,1.600937499999999858e+01
2.482000000000000171e+02,1.574687500000000107e+01
2.482400000000000091e+02,1.611562500000000142e+01
2.482800000000000296e+02,1.586250000000000071e+01
2.483200000000000216e+02,1.580625000000000036e+01
2.483600000000000421e+02,1.580937500000000107e+01
2.484000000000000341e+02,1.611562500000000142e+01
2.484399999999999977e+02,1.610312499999999858e+01
2.484800000000000466e+02,1.618750000000000000e+01
2.485200000000000102e+02,1.592500000000000249e+01
2.485600000000000023e+02,1.597187500000000071e+01
2.486000000000000227e+02,1.580625000000000036e+01
2.486400000000000148e+02,1.595312500000000178e+01
2.486800000000000352e+02,1.600000000000000000e+01
2.487200000000000273e+02,1.592187500000000178e+01
2.487599999999999909e+02,1.595312500000000178e+01
2.488000000000000398e+02,1.610937500000000355e+01
2.488400000000000034e+02,1.595937500000000142e+01
2.488800000000000523e+02,1.598750000000000249e+01
2.489200000000000159e+02,1.588437499999999858e+01
2.489600000000000080e+02,1.612812500000000071e+01
2.490000000000000284e+02,1.610312499999999858e+01
2.490400000000000205e+02,1.595937500000000142e+01
2.490799999999999841e+02,1.596875000000000000e+01
2.491200000000000330e+02,1.607187499999999858e+01
2.491599999999999966e+02,1.595937500000000142e+01
2.492000000000000455e+02,1.615937500000000071e+01
2.492400000000000091e+02,1.617187500000000355e+01
2.492800000000000011e+02,1.625937499999999858e+01
2.493200000000000216e+02,1.614375000000000071e+01
2.493600000000000136e+02,1.600625000000000142e+01
2.494000000000000341e+02,1.627187500000000142e+01
2.494400000000000261e+02,1.606250000000000000e+01
2.494799999999999898e+02,1.573437500000000178e+01
2.495200000000000387e+02,1.634375000000000000e+01
2.495600000000000023e+02,1.585937500000000178e+01
2.495999999999999943e+02,1.605937499999999929e+01
2.496400000000000148e+02,1.597812499999999858e+01
2.496800000000000068e+02,1.590000000000000036e+01
2.497200000000000557e+02,1.611562500000000142e+01
2.497600000000000193e+02,1.651249999999999929e+01
2.498000000000000114e+02,1.575312499999999893e+01
2.498400000000000318e+02,1.615000000000000213e+01
2.498800000000000239e+02,1.610312499999999858e+01
2.499199999999999875e+02,1.596562500000000107e+01
2.499600000000000364e+02,1.597187500000000071e+01
2.500000000000000000e+02,1.621562499999999929e+01
2.500400000000000489e+02,1.587500000000000000e+01
2.500800000000000125e+02,1.604062499999999858e+01
2.501200000000000045e+02,1.621875000000000000e+01
2.501600000000000250e+02,1.603125000000000000e+01
2.502000000000000171e+02,1.596250000000000036e+01
2.502400000000000375e+02,1.605625000000000213e+01
2.502800000000000296e+02,1.624375000000000213e+01
2.503199999999999932e+02,1.613437499999999858e+01
2.503600000000000421e+02,1.601875000000000071e+01
2.504000000000000057e+02,1.600312500000000071e+01
2.504399999999999977e+02,1.623124999999999929e+01
2.504800000000000182e+02,1.601250000000000284e+01
2.505200000000000102e+02,1.617812500000000142e+01
2.505600000000000307e+02,1.602187500000000142e+01
2.506000000000000227e+02,1.608125000000000071e+01
2.506399999999999864e+02,1.600312500000000071e+01
2.506800000000000352e+02,1.590000000000000036e+01
2.507199999999999989e+02,1.616874999999999929e+01
2.507600000000000477e+02,1.615312499999999929e+01
2.508000000000000114e+02,1.612187499999999929e+01
2.508400000000000034e+02,1.611250000000000071e+01
2.508800000000000239e+02,1.615312499999999929e+01
2.509200000000000159e+02,1.589687500000000142e+01
2.509600000000000080e+02,1.632499999999999929e+01
2.510000000000000284e+02,1.611875000000000213e+01
2.510400000000000205e+02,1.604375000000000284e+01
2.510800000000000409e+02,1.636250000000000071e+01
2.511200000000000330e+02,1.618125000000000213e+01
2.511599999999999966e+02,1.621875000000000000e+01
2.512000000000000455e+02,1.598125000000000284e+01
2.512400000000000091e+02,1.599375000000000036e+01
2.512800000000000011e+02,1.597812499999999858e+01
2.513200000000000216e+02,1.610937500000000355e+01
2.513600000000000136e+02,1.620312500000000355e+01
2.514000000000000341e+02,1.609687500000000071e+01
2.514400000000000261e+02,1.595937500000000142e+01
2.514799999999999898e+02,1.591875000000000284e+01
2.515200000000000387e+02,1.611875000000000213e+01
2.515600000000000023e+02,1.603437500000000071e+01
2.516000000000000512e+02,1.599062500000000142e+01
2.516400000000000148e+02,1.608125000000000071e+01
2.516800000000000068e+02,1.633437500000000142e+01
2.517200000000000273e+02,1.610000000000000142e+01
2.517600000000000193e+02,1.590937500000000071e+01
2.517999999999999829e+02,1.590937500000000071e+01
2.518400000000000318e+02,1.608437500000000142e+01
2.518799999999999955e+02,1.613749999999999929e+01
2.519200000000000443e+02,1.602500000000000213e+01
2.519600000000000080e+02,1.608437500000000142e+01
2.520000000000000000e+02,1.605312500000000142e+01
2.520400000000000205e+02,1.608437500000000142e+01
2.520800000000000125e+02,1.599375000000000036e+01
2.521200000000000045e+02,1.605000000000000071e+01
2.521600000000000250e+02,1.612500000000000000e+01
2.522000000000000171e+02,1.608750000000000213e+01
2.522400000000000375e+02,1.604375000000000284e+01
2.522800000000000296e+02,1.607187499999999858e+01
2.523199999999999932e+02,1.610000000000000142e+01
2.523600000000000421e+02,1.608437500000000142e+01
2.524000000000000057e+02,1.612500000000000000e+01
2.524400000000000546e+02,1.627500000000000213e+01
2.524800000000000182e+02,1.607187499999999858e+01
2.525200000000000102e+02,1.605312500000000142e+01
2.525600000000000307e+02,1.613125000000000142e+01
2.526000000000000227e+02,1.599375000000000036e+01
2.526399999999999864e+02,1.602187500000000142e+01
2.526800000000000352e+02,1.608125000000000071e+01
2.527199999999999989e+02,1.628437500000000071e+01
2.527600000000000477e+02,1.612812500000000071e+01
2.528000000000000114e+02,1.614687500000000142e+01
2.528400000000000034e+02,1.611562500000000142e+01
2.528800000000000239e+02,1.595312500000000178e+01
2.529200000000000159e+02,1.600000000000000000e+01
2.529600000000000364e+02,1.608125000000000071e+01
2.530000000000000284e+02,1.613125000000000142e+01
2.530399999999999920e+02,1.640625000000000000e+01
2.530800000000000409e+02,1.587187500000000107e+01
2.531200000000000045e+02,1.607500000000000284e+01
2.531599999999999966e+02,1.638125000000000142e+01
2.532000000000000171e+02,1.589062500000000178e+01
2.532400000000000091e+02,1.604375000000000284e+01
2.532800000000000296e+02,1.601875000000000071e+01
2.533200000000000216e+02,1.608437500000000142e+01
2.533600000000000136e+02,1.590625000000000000e+01
2.534000000000000341e+02,1.596562500000000107e+01
2.534400000000000261e+02,1.602500000000000213e+01
2.534799999999999898e+02,1.600312500000000071e+01
2.535200000000000387e+02,1.616874999999999929e+01
2.535600000000000023e+02,1.615625000000000000e+01
2.536000000000000512e+02,1.603437500000000071e+01
2.536400000000000148e+02,1.614687500000000142e+01
2.536800000000000068e+02,1.646562500000000284e+01
2.537200000000000273e+02,1.613437499999999858e+01
2.537600000000000193e+02,1.625625000000000142e+01
2.538000000000000398e+02,1.630000000000000071e+01
2.538400000000000318e+02,1.612187499999999929e+01
2.538799999999999955e+02,1.604062499999999858e+01
2.539200000000000443e+02,1.573125000000000284e+01
2.539600000000000080e+02,1.625312500000000071e+01
2.540000000000000000e+02,1.630625000000000213e+01
2.540400000000000205e+02,1.643125000000000213e+01
2.540800000000000125e+02,1.612812500000000071e+01
2.541200000000000330e+02,1.649062500000000142e+01
2.541600000000000250e+02,1.606562500000000071e+01
2.541999999999999886e+02,1.605625000000000213e+01
2.542400000000000375e+02,1.617812500000000142e+01
2.542800000000000011e+02,1.611875000000000213e+01
2.543200000000000500e+02,1.614062500000000355e+01
2.543600000000000136e+02,1.604375000000000284e+01
2.544000000000000057e+02,1.616562499999999858e+01
2.544400000000000261e+02,1.603750000000000142e+01
2.544800000000000182e+02,1.608437500000000142e+01
2.545199999999999818e+02,1.612500000000000000e+01
2.545600000000000307e+02,1.644999999999999929e+01
2.546000000000000227e+02,1.620312500000000355e+01
2.546400000000000432e+02,1.603437500000000071e+01
2.546800000000000352e+02,1.603125000000000000e+01
2.547199999999999989e+02,1.601875000000000071e+01
2.547600000000000477e+02,1.613437499999999858e+01
2.548000000000000114e+02,1.596875000000000000e+01
2.548400000000000034e+02,1.619062500000000071e+01
2.548800000000000239e+02,1.605000000000000071e+01
2.549200000000000159e+02,1.613125000000000142e+01
2.549600000000000364e+02,1.606562500000000071e+01
2.550000000000000284e+02,1.589687500000000142e+01
2.550399999999999920e+02,1.600000000000000000e+01
2.550800000000000409e+02,1.641250000000000142e+01
2.551200000000000045e+02,1.621250000000000213e+01
2.551600000000000534e+02,1.612812500000000071e+01
2.552000000000000171e+02,1.644375000000000142e+01
2.552400000000000091e+02,1.625937499999999858e+01
2.552800000000000296e+02,1.606875000000000142e+01
2.553200000000000216e+02,1.632499999999999929e+01
2.553599999999999852e+02,1.617500000000000071e+01
2.554000000000000341e+02,1.615000000000000213e+01
2.554399999999999977e+02,1.617500000000000071e+01
2.554800000000000466e+02,1.613125000000000142e+01
2.555200000000000102e+02,1.633125000000000071e+01
2.555600000000000023e+02,1.623124999999999929e+01
2.556000000000000227e+02,1.603750000000000142e+01
2.556400000000000148e+02,1.626875000000000071e+01
2.556799999999999784e+02,1.599062500000000142e+01
2.557200000000000273e+02,1.581874999999999964e+01
2.557599999999999909e+02,1.613437499999999858e+01
2.558000000000000398e+02,1.631562500000000071e+01
2.558400000000000034e+02,1.618125000000000213e+01
2.558799999999999955e+02,1.601562500000000355e+01
2.559200000000000159e+02,1.619375000000000142e+01
2.559600000000000080e+02,1.616874999999999929e+01
2.560000000000000568e+02,1.626875000000000071e+01
2.560400000000000205e+02,1.642812500000000142e+01
2.560799999999999841e+02,1.648124999999999929e+01
2.561200000000000614e+02,1.621250000000000213e+01
2.561600000000000250e+02,1.620312500000000355e+01
2.561999999999999886e+02,1.604687500000000355e+01
2.562400000000000091e+02,1.613125000000000142e+01
2.562800000000000296e+02,1.610312499999999858e+01
2.563200000000000500e+02,1.616250000000000142e+01
2.563600000000000136e+02,1.628437500000000071e+01
2.563999999999999773e+02,1.631875000000000142e+01
2.564400000000000546e+02,1.579687500000000178e+01
2.564800000000000182e+02,1.637812500000000071e+01
2.565200000000000387e+02,1.612812500000000071e+01
2.565600000000000023e+02,1.605000000000000071e+01
2.566000000000000227e+02,1.615625000000000000e+01
2.566400000000000432e+02,1.643437500000000284e+01
2.566800000000000068e+02,1.604687500000000355e+01
2.567199999999999704e+02,1.632812500000000355e+01
2.567600000000000477e+02,1.645312500000000355e+01
2.568000000000000114e+02,1.614687500000000142e+01
2.568400000000000318e+02,1.617812500000000142e+01
2.568799999999999955e+02,1.619999999999999929e+01
2.569200000000000159e+02,1.622500000000000142e+01
2.569600000000000364e+02,1.619999999999999929e+01
2.570000000000000000e+02,1.617500000000000071e+01
2.570399999999999636e+02,1.639687500000000142e+01
2.570800000000000409e+02,1.622500000000000142e+01
2.571200000000000045e+02,1.613437499999999858e+01
2.571600000000000250e+02,1.603437500000000071e+01
2.572000000000000455e+02,1.596875000000000000e+01
2.572400000000000091e+02,1.615937500000000071e+01
2.572800000000000296e+02,1.615625000000000000e+01
2.573199999999999932e+02,1.617187500000000355e+01
2.573600000000000705e+02,1.632812500000000355e+01
2.574000000000000341e+02,1.630312500000000142e+01
2.574399999999999977e+02,1.603750000000000142e+01
2.574800000000000182e+02,1.606875000000000142e+01
2.575200000000000387e+02,1.618750000000000000e+01
2.575600000000000023e+02,1.599687500000000107e+01
2.576000000000000227e+02,1.609375000000000000e+01
2.576399999999999864e+02,1.615312499999999929e+01
2.576800000000000637e+02,1.623437500000000355e+01
2.577200000000000273e+02,1.621562499999999929e+01
2.577599999999999909e+02,1.644999999999999929e+01
2.578000000000000114e+02,1.640625000000000000e+01
2.578400000000000318e+02,1.614687500000000142e+01
2.578800000000000523e+02,1.633750000000000213e+01
2.579200000000000159e+02,1.609062499999999929e+01
2.579599999999999795e+02,1.604375000000000284e+01
2.580000000000000568e+02,1.623124999999999929e+01
2.580400000000000205e+02,1.618437499999999929e+01
2.580799999999999841e+02,1.637187499999999929e+01
2.581200000000000045e+02,1.630312500000000142e+01
2.581600000000000250e+02,1.610000000000000142e+01
2.582000000000000455e+02,1.637187499999999929e+01
2.582400000000000091e+02,1.640312499999999929e+01
2.582799999999999727e+02,1.623750000000000071e+01
2.583200000000000500e+02,1.600312500000000071e+01
2.583600000000000136e+02,1.617187500000000355e+01
2.583999999999999773e+02,1.627187500000000142e+01
2.584399999999999977e+02,1.621875000000000000e+01
2.584800000000000182e+02,1.609375000000000000e+01
2.585200000000000387e+02,1.606562500000000071e+01
2.585600000000000023e+02,1.624062500000000142e+01
2.586000000000000227e+02,1.619999999999999929e+01
2.586400000000000432e+02,1.618437499999999929e+01
2.586800000000000068e+02,1.626562500000000355e+01
2.587200000000000273e+02,1.617500000000000071e+01
2.587600000000000477e+02,1.630312500000000142e+01
2.588000000000000114e+02,1.645937500000000142e+01
2.588400000000000318e+02,1.650000000000000000e+01
2.588799999999999955e+02,1.630000000000000071e+01
2.589200000000000159e+02,1.614687500000000142e+01
2.589600000000000364e+02,1.655625000000000213e+01
2.590000000000000000e+02,1.634375000000000000e+01
2.590400000000000205e+02,1.640625000000000000e+01
2.590800000000000409e+02,1.642500000000000071e+01
2.591200000000000045e+02,1.636250000000000071e+01
2.591600000000000250e+02,1.634062499999999929e+01
2.591999999999999886e+02,1.633437500000000142e+01
2.592400000000000659e+02,1.619062500000000071e+01
2.592800000000000296e+02,1.642187500000000355e+01
2.593199999999999932e+02,1.608125000000000071e+01
2.593600000000000136e+02,1.631875000000000142e+01
2.594000000000000341e+02,1.631250000000000000e+01
2.594399999999999977e+02,1.623437500000000355e+01
2.594800000000000182e+02,1.644999999999999929e+01
2.595199999999999818e+02,1.623437500000000355e+01
2.595600000000000591e+02,1.619999999999999929e+01
2.596000000000000227e+02,1.609687500000000071e+01
2.596399999999999864e+02,1.623124999999999929e+01
2.596800000000000068e+02,1.607500000000000284e+01
2.597200000000000273e+02,1.630625000000000213e+01
2.597599999999999909e+02,1.638125000000000142e+01
2.598000000000000114e+02,1.622187500000000071e+01
2.598400000000000318e+02,1.610312499999999858e+01
2.598800000000000523e+02,1.616562499999999858e+01
2.599200000000000159e+02,1.641562499999999858e+01
2.599599999999999795e+02,1.615312499999999929e+01
2.600000000000000568e+02,1.618750000000000000e+01
2.600400000000000205e+02,1.645312500000000355e+01
2.600800000000000409e+02,1.601250000000000284e+01
2.601200000000000045e+02,1.631875000000000142e+01
2.601600000000000250e+02,1.651875000000000071e+01
2.602000000000000455e+02,1.604375000000000284e+01
2.602400000000000091e+02,1.638437499999999858e+01
2.602799999999999727e+02,1.623437500000000355e+01
2.603200000000000500e+02,1.624687499999999929e+01
2.603600000000000136e+02,1.610624999999999929e+01
2.604000000000000341e+02,1.618125000000000213e+01
2.604399999999999977e+02,1.627812499999999929e+01
2.604800000000000182e+02,1.630625000000000213e+01
2.605200000000000387e+02,1.630937499999999929e+01
2.605600000000000023e+02,1.622500000000000142e+01
2.605999999999999659e+02,1.621875000000000000e+01
2.606400000000000432e+02,1.629687500000000355e+01
2.606800000000000068e+02,1.613749999999999929e+01
2.607200000000000273e+02,1.621250000000000213e+01
2.607599999999999909e+02,1.631250000000000000e+01
2.608000000000000114e+02,1.619375000000000142e+01
2.608400000000000318e+02,1.654374999999999929e+01
2.608799999999999955e+02,1.614375000000000071e+01
2.609200000000000159e+02,1.612500000000000000e+01
2.609600000000000364e+02,1.604375000000000284e+01
2.610000000000000000e+02,1.615312499999999929e+01
2.610400000000000205e+02,1.628437500000000071e+01
2.610800000000000409e+02,1.622812499999999858e+01
2.611200000000000045e+02,1.623124999999999929e+01
2.611600000000000250e+02,1.630312500000000142e+01
2.611999999999999886e+02,1.635624999999999929e+01
2.612400000000000659e+02,1.619375000000000142e+01
2.612800000000000296e+02,1.589375000000000249e+01
2.613199999999999932e+02,1.627187500000000142e+01
2.613600000000000136e+02,1.607812500000000355e+01
2.614000000000000341e+02,1.609062499999999929e+01
2.614400000000000546e+02,1.625000000000000000e+01
2.614800000000000182e+02,1.623750000000000071e+01
2.615199999999999818e+02,1.622187500000000071e+01
2.615600000000000591e+02,1.641250000000000142e+01
2.616000000000000227e+02,1.624062500000000142e+01
2.616399999999999864e+02,1.637187499999999929e+01
2.616800000000000068e+02,1.633750000000000213e+01
2.617200000000000273e+02,1.633437500000000142e+01
2.617600000000000477e+02,1.646875000000000000e+01
2.618000000000000114e+02,1.612187499999999929e+01
2.618399999999999750e+02,1.635312499999999858e+01
2.618800000000000523e+02,1.617812500000000142e+01
2.619200000000000159e+02,1.619375000000000142e+01
2.619599999999999795e+02,1.635000000000000142e+01
2.620000000000000000e+02,1.643750000000000000e+01
2.620400000000000205e+02,1.640312499999999929e+01
2.620800000000000409e+02,1.633437500000000142e+01
2.621200000000000045e+02,1.623750000000000071e+01
2.621600000000000250e+02,1.605625000000000213e+01
2.622000000000000455e+02,1.627187500000000142e+01
2.622400000000000091e+02,1.626249999999999929e+01
2.622800000000000296e+02,1.632499999999999929e+01
2.623200000000000500e+02,1.634375000000000000e+01
2.623600000000000136e+02,1.644375000000000142e+01
2.624000000000000341e+02,1.652500000000000213e+01
2.624399999999999977e+02,1.626249999999999929e+01
2.624800000000000182e+02,1.638437499999999858e+01
2.625200000000000387e+02,1.627187500000000142e+01
2.625600000000000023e+02,1.608437500000000142e+01
2.626000000000000227e+02,1.642187500000000355e+01
2.626400000000000432e+02,1.609687500000000071e+01
2.626800000000000068e+02,1.647812499999999858e+01
2.627200000000000273e+02,1.621875000000000000e+01
2.627599999999999909e+02,1.611875000000000213e+01
2.628000000000000682e+02,1.628750000000000142e+01
2.628400000000000318e+02,1.610937500000000355e+01
2.628799999999999955e+02,1.611562500000000142e+01
2.629200000000000159e+02,1.630625000000000213e+01
2.629600000000000364e+02,1.640625000000000000e+01
2.630000000000000000e+02,1.641874999999999929e+01
2.630400000000000205e+02,1.632187499999999858e+01
2.630799999999999841e+02,1.652812500000000284e+01
2.631200000000000614e+02,1.650937499999999858e+01
2.631600000000000250e+02,1.605000000000000071e+01
2.631999999999999886e+02,1.622500000000000142e+01
2.632400000000000091e+02,1.612500000000000000e+01
2.632800000000000296e+02,1.603750000000000142e+01
2.633199999999999932e+02,1.621250000000000213e+01
2.633600000000000136e+02,1.614375000000000071e+01
2.633999999999999773e+02,1.627500000000000213e+01
2.634400000000000546e+02,1.638125000000000142e+01
2.634800000000000182e+02,1.628125000000000000e+01
2.635199999999999818e+02,1.636250000000000071e+01
2.635600000000000591e+02,1.610937500000000355e+01
2.636000000000000227e+02,1.626562500000000355e+01
2.636400000000000432e+02,1.619062500000000071e+01
2.636800000000000068e+02,1.650937499999999858e+01
2.637200000000000273e+02,1.633437500000000142e+01
2.637600000000000477e+02,1.626249999999999929e+01
2.638000000000000114e+02,1.612187499999999929e+01
2.638399999999999750e+02,1.640312499999999929e+01
2.638800000000000523e+02,1.611250000000000071e+01
2.639200000000000159e+02,1.615000000000000213e+01
2.639600000000000364e+02,1.614375000000000071e+01
2.640000000000000000e+02,1.644375000000000142e+01
2.640400000000000205e+02,1.639062500000000355e+01
2.640800000000000409e+02,1.634062499999999929e+01
2.641200000000000045e+02,1.636562500000000142e+01
2.641599999999999682e+02,1.633750000000000213e+01
2.642000000000000455e+02,1.625000000000000000e+01
2.642400000000000091e+02,1.642187500000000355e+01
2.642800000000000296e+02,1.645625000000000071e+01
2.643199999999999932e+02,1.615312499999999929e+01
2.643600000000000136e+02,1.625000000000000000e+01
2.644000000000000341e+02,1.611875000000000213e+01
2.644399999999999977e+02,1.630312500000000142e+01
2.644800000000000182e+02,1.619687499999999858e+01
2.645200000000000387e+02,1.630937499999999929e+01
2.645600000000000023e+02,1.638749999999999929e+01
2.646000000000000227e+02,1.646875000000000000e+01
2.646399999999999864e+02,1.649375000000000213e+01
2.646800000000000068e+02,1.646875000000000000e+01
2.647200000000000273e+02,1.647812499999999858e+01
2.647599999999999909e+02,1.633125000000000071e+01
2.648000000000000114e+02,1.592812500000000142e+01
2.648400000000000318e+02,1.615312499999999929e+01
2.648799999999999955e+02,1.625312500000000071e+01
2.649200000000000159e+02,1.642812500000000142e+01
2.649600000000000364e+02,1.625312500000000071e+01
2.650000000000000568e+02,1.653125000000000000e+01
2.650400000000000205e+02,1.652187500000000142e+01
2.650799999999999841e+02,1.656875000000000142e+01
2.651200000000000614e+02,1.633125000000000071e+01
2.651600000000000250e+02,1.643125000000000213e+01
2.651999999999999886e+02,1.622187500000000071e+01
2.652400000000000091e+02,1.608750000000000213e+01
2.652800000000000296e+02,1.635000000000000142e+01
2.653200000000000500e+02,1.629062499999999858e+01
2.653600000000000136e+02,1.634375000000000000e+01
2.653999999999999773e+02,1.657499999999999929e+01
2.654400000000000546e+02,1.653750000000000142e+01
2.654800000000000182e+02,1.645625000000000071e+01
2.655199999999999818e+02,1.629687500000000355e+01
2.655600000000000023e+02,1.610624999999999929e+01
2.656000000000000227e+02,1.624687499999999929e+01
2.656400000000000432e+02,1.633750000000000213e+01
2.656800000000000068e+02,1.635937500000000355e+01
2.657199999999999704e+02,1.638437499999999858e+01
2.657600000000000477e+02,1.632499999999999929e+01
2.658000000000000114e+02,1.640000000000000213e+01
2.658400000000000318e+02,1.605312500000000142e+01
2.658799999999999955e+02,1.636562500000000142e+01
2.659200000000000159e+02,1.615000000000000213e+01
2.659600000000000364e+02,1.627500000000000213e+01
2.660000000000000000e+02,1.661250000000000071e+01
2.660400000000000205e+02,1.660000000000000142e+01
2.660800000000000409e+02,1.630937499999999929e+01
2.661200000000000045e+02,1.651875000000000071e+01
2.661600000000000250e+02,1.625000000000000000e+01
2.662000000000000455e+02,1.621250000000000213e+01
2.662400000000000091e+02,1.628750000000000142e+01
2.662800000000000296e+02,1.628437500000000071e+01
2.663199999999999932e+02,1.670937500000000142e+01
2.663600000000000705e+02,1.650000000000000000e+01
2.664000000000000341e+02,1.632499999999999929e+01
2.664399999999999977e+02,1.627187500000000142e+01
2.664800000000000182e+02,1.643437500000000284e+01
2.665200000000000387e+02,1.642187500000000355e+01
2.665600000000000023e+02,1.645312500000000355e+01
2.666000000000000227e+02,1.638437499999999858e+01
2.666399999999999864e+02,1.630000000000000071e+01
2.666800000000000637e+02,1.628437500000000071e+01
2.667200000000000273e+02,1.637812500000000071e+01
2.667599999999999909e+02,1.649062500000000142e+01
2.668000000000000114e+02,1.611250000000000071e+01
2.668400000000000318e+02,1.630625000000000213e+01
2.668799999999999955e+02,1.635937500000000355e+01
2.669200000000000159e+02,1.634062499999999929e+01
2.669599999999999795e+02,1.637500000000000000e+01
2.670000000000000568e+02,1.638437499999999858e+01
2.670400000000000205e+02,1.647812499999999858e+01
2.670799999999999841e+02,1.632187499999999858e+01
2.671200000000000045e+02,1.661562500000000142e+01
2.671600000000000250e+02,1.624687499999999929e+01
2.672000000000000455e+02,1.631250000000000000e+01
2.672400000000000091e+02,1.631562500000000071e+01
2.672800000000000296e+02,1.629374999999999929e+01
2.673200000000000500e+02,1.641562499999999858e+01
2.673600000000000136e+02,1.614375000000000071e+01
2.673999999999999773e+02,1.645312500000000355e+01
2.674400000000000546e+02,1.628437500000000071e+01
2.674800000000000182e+02,1.665937500000000071e+01
2.675200000000000387e+02,1.644375000000000142e+01
2.675600000000000023e+02,1.648750000000000071e+01
2.676000000000000227e+02,1.645625000000000071e+01
2.676400000000000432e+02,1.631562500000000071e+01
2.676800000000000068e+02,1.652500000000000213e+01
2.677200000000000273e+02,1.642812500000000142e+01
2.677600000000000477e+02,1.642812500000000142e+01
2.678000000000000114e+02,1.619999999999999929e+01
2.678400000000000318e+02,1.640937500000000071e+01
2.678799999999999955e+02,1.640625000000000000e+01
2.679200000000000159e+02,1.668750000000000000e+01
2.679600000000000364e+02,1.647812499999999858e+01
2.680000000000000000e+02,1.647812499999999858e+01
2.680400000000000205e+02,1.652812500000000284e+01
2.680800000000000409e+02,1.653125000000000000e+01
2.681200000000000045e+02,1.628125000000000000e+01
2.681600000000000250e+02,1.671250000000000213e+01
2.681999999999999886e+02,1.649687500000000284e+01
2.682400000000000091e+02,1.654062499999999858e+01
2.682800000000000296e+02,1.633750000000000213e+01
2.683199999999999932e+02,1.658125000000000071e+01
2.683600000000000136e+02,1.639062500000000355e+01
2.684000000000000341e+02,1.634375000000000000e+01
2.684399999999999977e+02,1.619687499999999858e+01
2.684800000000000182e+02,1.620625000000000071e+01
2.685200000000000387e+02,1.665312500000000284e+01
2.685600000000000591e+02,1.610312499999999858e+01
2.686000000000000227e+02,1.643125000000000213e+01
2.686399999999999864e+02,1.650937499999999858e+01
2.686800000000000637e+02,1.626875000000000071e+01
2.687200000000000273e+02,1.640937500000000071e+01
2.687599999999999909e+02,1.626249999999999929e+01
2.688000000000000114e+02,1.640000000000000213e+01
2.688400000000000318e+02,1.641874999999999929e+01
2.688800000000000523e+02,1.657187499999999858e+01
2.689200000000000159e+02,1.610000000000000142e+01
2.689599999999999795e+02,1.628125000000000000e+01
2.690000000000000568e+02,1.640625000000000000e+01
2.690400000000000205e+02,1.627812499999999929e+01
2.690799999999999841e+02,1.624687499999999929e+01
2.691200000000000045e+02,1.641874999999999929e+01
2.691600000000000250e+02,1.649687500000000284e+01
2.692000000000000455e+02,1.605625000000000213e+01
2.692400000000000091e+02,1.639375000000000071e+01
2.692799999999999727e+02,1.627500000000000213e+01
2.693200000000000500e+02,1.629374999999999929e+01
2.693600000000000136e+02,1.636875000000000213e+01
2.694000000000000341e+02,1.617812500000000142e+01
2.694399999999999977e+02,1.623124999999999929e+01
2.694800000000000182e+02,1.642187500000000355e+01
2.695200000000000387e+02,1.664062500000000000e+01
2.695600000000000023e+02,1.613437499999999858e+01
2.695999999999999659e+02,1.660624999999999929e+01
2.696400000000000432e+02,1.639687500000000142e+01
2.696800000000000068e+02,1.652500000000000213e+01
2.697200000000000273e+02,1.636562500000000142e+01
2.697599999999999909e+02,1.644999999999999929e+01
2.698000000000000114e+02,1.644687499999999858e+01
2.698400000000000318e+02,1.645625000000000071e+01
2.698799999999999955e+02,1.637500000000000000e+01
2.699200000000000728e+02,1.640625000000000000e+01
2.699600000000000364e+02,1.653125000000000000e+01
2.700000000000000000e+02,1.642812500000000142e+01
2.700400000000000205e+02,1.608750000000000213e+01
2.700800000000000409e+02,1.648124999999999929e+01
2.701200000000000045e+02,1.637187499999999929e+01
2.701600000000000250e+02,1.642812500000000142e+01
2.701999999999999886e+02,1.655000000000000071e+01
2.702400000000000659e+02,1.650312500000000071e+01
2.702800000000000296e+02,1.646875000000000000e+01
2.703199999999999932e+02,1.639687500000000142e+01
2.703600000000000136e+02,1.638125000000000142e+01
2.704000000000000341e+02,1.648750000000000071e+01
2.704399999999999977e+02,1.635000000000000142e+01
2.704800000000000182e+02,1.654374999999999929e+01
2.705199999999999818e+02,1.639687500000000142e+01
2.705600000000000591e+02,1.662812500000000071e+01
2.706000000000000227e+02,1.631250000000000000e+01
2.706399999999999864e+02,1.615937500000000071e+01
2.706800000000000068e+02,1.649375000000000213e+01
2.707200000000000273e+02,1.645937500000000142e+01
2.707600000000000477e+02,1.642500000000000071e+01
2.708000000000000114e+02,1.636562500000000142e+01
2.708399999999999750e+02,1.635624999999999929e+01
2.708800000000000523e+02,1.630000000000000071e+01
2.709200000000000159e+02,1.639687500000000142e+01
2.709599999999999795e+02,1.642500000000000071e+01
2.710000000000000000e+02,1.642187500000000355e+01
2.710400000000000205e+02,1.610000000000000142e+01
2.710800000000000409e+02,1.630312500000000142e+01
2.711200000000000045e+02,1.650000000000000000e+01
2.711600000000000250e+02,1.648124999999999929e+01
2.712000000000000455e+02,1.615312499999999929e+01
2.712400000000000091e+02,1.645625000000000071e+01
2.712800000000000296e+02,1.633437500000000142e+01
2.713200000000000500e+02,1.640625000000000000e+01
2.713600000000000136e+02,1.642187500000000355e+01
2.714000000000000341e+02,1.654687500000000000e+01
2.714399999999999977e+02,1.663749999999999929e+01
2.714800000000000182e+02,1.635312499999999858e+01
2.715200000000000387e+02,1.642187500000000355e+01
2.715600000000000023e+02,1.637187499999999929e+01
2.716000000000000227e+02,1.653750000000000142e+01
2.716400000000000432e+02,1.665625000000000000e+01
2.716800000000000068e+02,1.650000000000000000e+01
2.717200000000000273e+02,1.645625000000000071e+01
2.717599999999999909e+02,1.651562500000000355e+01
2.718000000000000114e+02,1.628125000000000000e+01
2.718400000000000318e+02,1.650000000000000000e+01
2.718799999999999955e+02,1.626249999999999929e+01
2.719200000000000159e+02,1.625937499999999858e+01
2.719600000000000364e+02,1.625312500000000071e+01
2.720000000000000000e+02,1.643125000000000213e+01
2.720400000000000205e+02,1.651249999999999929e+01
2.720799999999999841e+02,1.667187500000000000e+01
2.721200000000000614e+02,1.648750000000000071e+01
2.721600000000000250e+02,1.646875000000000000e+01
2.721999999999999886e+02,1.639687500000000142e+01
2.722400000000000091e+02,1.641874999999999929e+01
2.722800000000000296e+02,1.644999999999999929e+01
2.723199999999999932e+02,1.644999999999999929e+01
2.723600000000000136e+02,1.634062499999999929e+01
2.724000000000000341e+02,1.638125000000000142e+01
2.724400000000000546e+02,1.635937500000000355e+01
2.724800000000000182e+02,1.651562500000000355e+01
2.725199999999999818e+02,1.633125000000000071e+01
2.725600000000000591e+02,1.637500000000000000e+01
2.726000000000000227e+02,1.644062500000000071e+01
2.726399999999999864e+02,1.624375000000000213e+01
2.726800000000000068e+02,1.624687499999999929e+01
2.727200000000000273e+02,1.638749999999999929e+01
2.727600000000000477e+02,1.638125000000000142e+01
2.728000000000000114e+02,1.632499999999999929e+01
2.728399999999999750e+02,1.647812499999999858e+01
2.728800000000000523e+02,1.646562500000000284e+01
2.729200000000000159e+02,1.645312500000000355e+01
2.729600000000000364e+02,1.647500000000000142e+01
2.730000000000000000e+02,1.654062499999999858e+01
2.730400000000000205e+02,1.671875000000000000e+01
2.730800000000000409e+02,1.649375000000000213e+01
2.731200000000000045e+02,1.622500000000000142e+01
2.731599999999999682e+02,1.627187500000000142e+01
2.732000000000000455e+02,1.668750000000000000e+01
2.732400000000000091e+02,1.658437500000000142e+01
2.732800000000000296e+02,1.659375000000000000e+01
2.733199999999999932e+02,1.665625000000000000e+01
2.733600000000000136e+02,1.632187499999999858e+01
2.734000000000000341e+02,1.661562500000000142e+01
2.734399999999999977e+02,1.621250000000000213e+01
2.734800000000000182e+02,1.662500000000000000e+01
2.735200000000000387e+02,1.658750000000000213e+01
2.735600000000000023e+02,1.635312499999999858e+01
2.736000000000000227e+02,1.649375000000000213e+01
2.736400000000000432e+02,1.625937499999999858e+01
2.736800000000000068e+02,1.633125000000000071e+01
2.737200000000000273e+02,1.633750000000000213e+01
2.737599999999999909e+02,1.640312499999999929e+01
2.738000000000000682e+02,1.643437500000000284e+01
2.738400000000000318e+02,1.640312499999999929e+01
2.738799999999999955e+02,1.652500000000000213e+01
2.739200000000000159e+02,1.668750000000000000e+01
2.739600000000000364e+02,1.655000000000000071e+01
2.740000000000000000e+02,1.645312500000000355e+01
2.740400000000000205e+02,1.643437500000000284e+01
2.740799999999999841e+02,1.631250000000000000e+01
2.741200000000000614e+02,1.625937499999999858e+01
2.741600000000000250e+02,1.647187500000000071e+01
2.741999999999999886e+02,1.666250000000000142e+01
2.742400000000000091e+02,1.658437500000000142e+01
2.742800000000000296e+02,1.638125000000000142e+01
2.743200000000000500e+02,1.640937500000000071e+01
2.743600000000000136e+02,1.651249999999999929e+01
2.743999999999999773e+02,1.660312499999999858e+01
2.744400000000000546e+02,1.626562500000000355e+01
2.744800000000000182e+02,1.654374999999999929e+01
2.745199999999999818e+02,1.647812499999999858e+01
2.745600000000000023e+02,1.643125000000000213e+01
2.746000000000000227e+02,1.661875000000000213e+01
2.746400000000000432e+02,1.651249999999999929e+01
2.746800000000000068e+02,1.658437500000000142e+01
2.747200000000000273e+02,1.646562500000000284e+01
2.747600000000000477e+02,1.654374999999999929e+01
2.748000000000000114e+02,1.637500000000000000e+01
2.748400000000000318e+02,1.661250000000000071e+01
2.748800000000000523e+02,1.635624999999999929e+01
2.749200000000000159e+02,1.652500000000000213e+01
2.749600000000000364e+02,1.636875000000000213e+01
2.750000000000000000e+02,1.632812500000000355e+01
2.750400000000000205e+02,1.665312500000000284e+01
2.750800000000000409e+02,1.651249999999999929e+01
2.751200000000000045e+02,1.668750000000000000e+01
2.751600000000000250e+02,1.645625000000000071e+01
2.752000000000000455e+02,1.648750000000000071e+01
2.752400000000000091e+02,1.655312500000000142e+01
2.752800000000000296e+02,1.656250000000000000e+01
2.753199999999999932e+02,1.625000000000000000e+01
2.753600000000000136e+02,1.632187499999999858e+01
2.754000000000000341e+02,1.653437500000000071e+01
2.754399999999999977e+02,1.676562500000000000e+01
2.754800000000000182e+02,1.656875000000000142e+01
2.755200000000000387e+02,1.655312500000000142e+01
2.755600000000000023e+02,1.615937500000000071e+01
2.756000000000000227e+02,1.647500000000000142e+01
2.756399999999999864e+02,1.643750000000000000e+01
2.756800000000000637e+02,1.668437500000000284e+01
2.757200000000000273e+02,1.668750000000000000e+01
2.757599999999999909e+02,1.660624999999999929e+01
2.758000000000000114e+02,1.638437499999999858e+01
2.758400000000000318e+02,1.635312499999999858e+01
2.758799999999999955e+02,1.647812499999999858e+01
2.759200000000000159e+02,1.649375000000000213e+01
2.759599999999999795e+02,1.669999999999999929e+01
2.760000000000000568e+02,1.675312500000000071e+01
2.760400000000000205e+02,1.640625000000000000e+01
2.760799999999999841e+02,1.652500000000000213e+01
2.761200000000000045e+02,1.662812500000000071e+01
2.761600000000000250e+02,1.646250000000000213e+01
2.762000000000000455e+02,1.641874999999999929e+01
2.762400000000000091e+02,1.665000000000000213e+01
2.762800000000000296e+02,1.677187500000000142e+01
2.763200000000000500e+02,1.665312500000000284e+01
2.763600000000000136e+02,1.673437500000000000e+01
2.763999999999999773e+02,1.665937500000000071e+01
2.764400000000000546e+02,1.673124999999999929e+01
2.764800000000000182e+02,1.692812500000000142e+01
2.765200000000000387e+02,1.638437499999999858e+01
2.765600000000000023e+02,1.640625000000000000e+01
2.766000000000000227e+02,1.643125000000000213e+01
2.766400000000000432e+02,1.645625000000000071e+01
2.766800000000000068e+02,1.644062500000000071e+01
2.767199999999999704e+02,1.648124999999999929e+01
2.767600000000000477e+02,1.667187500000000000e+01
2.768000000000000114e+02,1.649062500000000142e+01
2.768400000000000318e+02,1.661875000000000213e+01
2.768799999999999955e+02,1.647500000000000142e+01
2.769200000000000159e+02,1.660624999999999929e+01
2.769600000000000364e+02,1.617187500000000355e+01
2.770000000000000000e+02,1.641562499999999858e+01
2.770400000000000205e+02,1.640000000000000213e+01
2.770800000000000409e+02,1.657187499999999858e+01
2.771200000000000045e+02,1.628750000000000142e+01
2.771600000000000250e+02,1.636250000000000071e+01
2.771999999999999886e+02,1.639062500000000355e+01
2.772400000000000091e+02,1.648437500000000355e+01
2.772800000000000296e+02,1.655312500000000142e+01
2.773199999999999932e+02,1.656875000000000142e+01
2.773600000000000136e+02,1.643437500000000284e+01
2.774000000000000341e+02,1.669687499999999858e+01
2.774399999999999977e+02,1.660312499999999858e+01
2.774800000000000182e+02,1.662500000000000000e+01
2.775200000000000387e+02,1.657187499999999858e+01
2.775600000000000023e+02,1.637187499999999929e+01
2.776000000000000227e+02,1.651562500000000355e+01
2.776399999999999864e+02,1.661875000000000213e+01
2.776800000000000637e+02,1.646250000000000213e+01
2.777200000000000273e+02,1.669999999999999929e+01
2.777599999999999909e+02,1.634375000000000000e+01
2.778000000000000114e+02,1.633750000000000213e+01
2.778400000000000318e+02,1.638749999999999929e+01
2.778800000000000523e+02,1.669999999999999929e+01
2.779200000000000159e+02,1.651562500000000355e+01
2.779599999999999795e+02,1.641250000000000142e+01
2.780000000000000568e+02,1.680625000000000213e+01
2.780400000000000205e+02,1.671875000000000000e+01
2.780799999999999841e+02,1.653750000000000142e+01
2.781200000000000045e+02,1.657187499999999858e+01
2.781600000000000250e+02,1.655000000000000071e+01
2.782000000000000455e+02,1.655312500000000142e+01
2.782400000000000091e+02,1.669062500000000071e+01
2.782799999999999727e+02,1.658125000000000071e+01
2.783200000000000500e+02,1.668750000000000000e+01
2.783600000000000136e+02,1.666874999999999929e+01
2.784000000000000341e+02,1.645312500000000355e+01
2.784399999999999977e+02,1.648750000000000071e+01
2.784800000000000182e+02,1.657187499999999858e+01
2.785200000000000387e+02,1.643437500000000284e+01
2.785600000000000023e+02,1.648750000000000071e+01
2.786000000000000227e+02,1.636250000000000071e+01
2.786400000000000432e+02,1.643437500000000284e+01
2.786800000000000068e+02,1.650625000000000142e+01
2.787200000000000273e+02,1.648437500000000355e+01
2.787600000000000477e+02,1.662500000000000000e+01
2.788000000000000114e+02,1.641874999999999929e+01
2.788400000000000318e+02,1.657187499999999858e+01
2.788799999999999955e+02,1.652812500000000284e+01
2.789200000000000159e+02,1.674375000000000213e+01
2.789600000000000364e+02,1.650000000000000000e+01
2.790000000000000000e+02,1.655312500000000142e+01
2.790400000000000205e+02,1.653125000000000000e+01
2.790800000000000409e+02,1.650625000000000142e+01
2.791200000000000045e+02,1.672812499999999858e+01
2.791600000000000250e+02,1.660624999999999929e+01
2.791999999999999886e+02,1.688437499999999858e+01
2.792400000000000659e+02,1.658437500000000142e+01
2.792800000000000296e+02,1.641250000000000142e+01
2.793199999999999932e+02,1.662187500000000284e+01
2.793600000000000136e+02,1.661875000000000213e+01
2.794000000000000341e+02,1.662812500000000071e+01
2.794399999999999977e+02,1.652187500000000142e+01
2.794800000000000182e+02,1.650312500000000071e+01
2.795199999999999818e+02,1.665000000000000213e+01
2.795600000000000591e+02,1.671250000000000213e+01
2.796000000000000227e+02,1.643437500000000284e+01
2.796399999999999864e+02,1.665000000000000213e+01
2.796800000000000068e+02,1.664062500000000000e+01
2.797200000000000273e+02,1.661250000000000071e+01
2.797600000000000477e+02,1.657499999999999929e+01
2.798000000000000114e+02,1.676562500000000000e+01
2.798400000000000318e+02,1.634687500000000071e+01
2.798800000000000523e+02,1.677500000000000213e+01
2.799200000000000159e+02,1.650000000000000000e+01
2.799599999999999795e+02,1.662500000000000000e+01
