-1.200000000000000000e+02,5.122656250000000000e+01
-1.199599999999999937e+02,5.090625000000000000e+01
-1.199200000000000017e+02,5.095312500000000000e+01
-1.198799999999999955e+02,5.053125000000000000e+01
-1.198400000000000034e+02,5.075781250000000000e+01
-1.197999999999999972e+02,5.055468750000000000e+01
-1.197600000000000051e+02,5.049218750000000000e+01
-1.197199999999999989e+02,5.080468750000000000e+01
-1.196800000000000068e+02,5.055468750000000000e+01
-1.196400000000000006e+02,5.035937500000000000e+01
-1.196000000000000085e+02,5.072656250000000000e+01
-1.195600000000000023e+02,5.107031250000000000e+01
-1.195200000000000102e+02,5.105468750000000000e+01
-1.194800000000000040e+02,5.098437500000000000e+01
-1.194400000000000119e+02,5.065625000000000000e+01
-1.194000000000000057e+02,5.075781250000000000e+01
-1.193600000000000136e+02,5.014062500000000000e+01
-1.193200000000000074e+02,5.053906250000000000e+01
-1.192800000000000011e+02,5.041406250000000000e+01
-1.192400000000000091e+02,5.035156250000000000e+01
-1.192000000000000028e+02,5.067187500000000000e+01
-1.191600000000000108e+02,5.074218750000000000e+01
-1.191200000000000045e+02,5.044531250000000000e+01
-1.190799999999999983e+02,5.077343750000000711e+01
-1.190399999999999920e+02,5.071093750000000711e+01
-1.190000000000000000e+02,5.048437500000000000e+01
-1.189599999999999937e+02,5.051562500000000000e+01
-1.189200000000000017e+02,5.094531250000000000e+01
-1.188799999999999955e+02,5.057812500000000000e+01
-1.188400000000000034e+02,5.042187500000000000e+01
-1.187999999999999972e+02,5.042968750000000000e+01
-1.187600000000000051e+02,5.010156250000000000e+01
-1.187199999999999989e+02,5.123437500000000000e+01
-1.186800000000000068e+02,5.042968750000000000e+01
-1.186400000000000006e+02,5.105468750000000000e+01
-1.186000000000000085e+02,5.054687500000000000e+01
-1.185600000000000023e+02,5.046093750000000711e+01
-1.185199999999999960e+02,5.077343750000000711e+01
-1.184800000000000040e+02,5.053906250000000000e+01
-1.184399999999999977e+02,5.067187500000000000e+01
-1.184000000000000057e+02,5.059375000000000000e+01
-1.183599999999999994e+02,5.081250000000000000e+01
-1.183200000000000074e+02,5.064843750000000711e+01
-1.182800000000000011e+02,5.053906250000000000e+01
-1.182400000000000091e+02,5.055468750000000000e+01
-1.182000000000000028e+02,5.067187500000000000e+01
-1.181600000000000108e+02,5.060156250000000000e+01
-1.181200000000000045e+02,5.057812500000000000e+01
-1.180800000000000125e+02,5.051562500000000000e+01
-1.180400000000000063e+02,5.038281250000000000e+01
-1.180000000000000142e+02,5.050781250000000000e+01
-1.179600000000000080e+02,5.092968750000000000e+01
-1.179200000000000159e+02,5.103125000000000000e+01
-1.178800000000000097e+02,5.060937500000000000e+01
-1.178400000000000034e+02,5.057812500000000000e+01
-1.177999999999999972e+02,5.084375000000000000e+01
-1.177599999999999909e+02,5.079687500000000000e+01
-1.177199999999999989e+02,5.067968750000000000e+01
-1.176799999999999926e+02,5.103125000000000000e+01
-1.176400000000000006e+02,5.115625000000000000e+01
-1.175999999999999943e+02,5.052343750000000711e+01
-1.175600000000000023e+02,5.069531250000000000e+01
-1.175199999999999960e+02,5.065625000000000000e+01
-1.174800000000000040e+02,5.075000000000000000e+01
-1.174399999999999977e+02,5.095312500000000000e+01
-1.174000000000000057e+02,5.041406250000000000e+01
-1.173599999999999994e+02,5.129687500000000000e+01
-1.173200000000000074e+02,5.075781250000000000e+01
-1.172800000000000011e+02,5.045312500000000000e+01
-1.172400000000000091e+02,5.103906250000000000e+01
-1.172000000000000028e+02,5.066406250000000000e+01
-1.171599999999999966e+02,5.085937500000000000e+01
-1.171200000000000045e+02,5.057812500000000000e+01
-1.170799999999999983e+02,5.039062500000000000e+01
-1.170400000000000063e+02,5.096093750000000711e+01
-1.170000000000000000e+02,5.090625000000000000e+01
-1.169600000000000080e+02,5.085156250000000000e+01
-1.169200000000000017e+02,5.085156250000000000e+01
-1.168800000000000097e+02,5.082031250000000000e+01
-1.168400000000000034e+02,5.054687500000000000e+01
-1.168000000000000114e+02,5.061718750000000000e+01
-1.167600000000000051e+02,5.069531250000000000e+01
-1.167200000000000131e+02,5.101562500000000000e+01
-1.166800000000000068e+02,5.066406250000000000e+01
-1.166400000000000148e+02,5.092187500000000000e+01
-1.166000000000000085e+02,5.079687500000000000e+01
-1.165600000000000023e+02,5.072656250000000000e+01
-1.165199999999999960e+02,5.071875000000000000e+01
-1.164799999999999898e+02,5.088281250000000000e+01
-1.164399999999999977e+02,5.044531250000000000e+01
-1.163999999999999915e+02,5.087500000000000000e+01
-1.163599999999999994e+02,5.089843750000000711e+01
-1.163199999999999932e+02,5.047656250000000000e+01
-1.162800000000000011e+02,5.089062500000000000e+01
-1.162399999999999949e+02,5.090625000000000000e+01
-1.162000000000000028e+02,5.088281250000000000e+01
-1.161599999999999966e+02,5.069531250000000000e+01
-1.161200000000000045e+02,5.121875000000000000e+01
-1.160799999999999983e+02,5.102343750000000000e+01
-1.160400000000000063e+02,5.009375000000000000e+01
-1.160000000000000000e+02,5.044531250000000000e+01
-1.159600000000000080e+02,5.029687500000000000e+01
-1.159200000000000017e+02,5.038281250000000000e+01
-1.158800000000000097e+02,5.079687500000000000e+01
-1.158400000000000034e+02,5.107031250000000000e+01
-1.157999999999999972e+02,5.032031250000000000e+01
-1.157600000000000051e+02,5.071875000000000000e+01
-1.157200000000000131e+02,5.049218750000000000e+01
-1.156800000000000068e+02,5.056250000000000000e+01
-1.156400000000000006e+02,5.074218750000000000e+01
-1.156000000000000085e+02,5.132031250000000000e+01
-1.155600000000000023e+02,5.040625000000000000e+01
-1.155200000000000102e+02,5.068750000000000000e+01
-1.154800000000000040e+02,5.040625000000000000e+01
-1.154400000000000119e+02,5.095312500000000000e+01
-1.154000000000000057e+02,5.125781250000000000e+01
-1.153600000000000136e+02,5.060156250000000000e+01
-1.153200000000000074e+02,5.078906250000000000e+01
-1.152800000000000011e+02,5.078125000000000000e+01
-1.152399999999999949e+02,5.070312500000000000e+01
-1.152000000000000028e+02,5.057812500000000000e+01
-1.151599999999999966e+02,5.041406250000000000e+01
-1.151200000000000045e+02,5.022656250000000000e+01
-1.150799999999999983e+02,5.064062500000000000e+01
-1.150400000000000063e+02,5.042187500000000000e+01
-1.150000000000000000e+02,5.039062500000000000e+01
-1.149599999999999937e+02,5.051562500000000000e+01
-1.149200000000000017e+02,5.040625000000000000e+01
-1.148799999999999955e+02,5.069531250000000000e+01
-1.148400000000000034e+02,5.067187500000000000e+01
-1.147999999999999972e+02,5.098437500000000000e+01
-1.147600000000000051e+02,5.049218750000000000e+01
-1.147199999999999989e+02,5.114062500000000000e+01
-1.146800000000000068e+02,5.036718750000000000e+01
-1.146400000000000006e+02,5.092187500000000000e+01
-1.146000000000000085e+02,5.118750000000000711e+01
-1.145600000000000023e+02,5.021875000000000000e+01
-1.145200000000000102e+02,5.056250000000000000e+01
-1.144800000000000040e+02,5.007031250000000000e+01
-1.144400000000000119e+02,5.019531250000000000e+01
-1.144000000000000057e+02,5.044531250000000000e+01
-1.143600000000000136e+02,5.085937500000000000e+01
-1.143200000000000074e+02,5.060937500000000000e+01
-1.142800000000000011e+02,5.067968750000000000e+01
-1.142400000000000091e+02,5.089062500000000000e+01
-1.142000000000000028e+02,5.110937500000000000e+01
-1.141600000000000108e+02,5.072656250000000000e+01
-1.141200000000000045e+02,5.103906250000000000e+01
-1.140800000000000125e+02,5.082031250000000000e+01
-1.140399999999999920e+02,4.981250000000000000e+01
-1.140000000000000000e+02,5.064843750000000711e+01
-1.139599999999999937e+02,5.111718750000000000e+01
-1.139200000000000017e+02,5.064062500000000000e+01
-1.138799999999999955e+02,5.079687500000000000e+01
-1.138400000000000034e+02,5.127343750000000000e+01
-1.137999999999999972e+02,5.114843750000000000e+01
-1.137600000000000051e+02,5.080468750000000000e+01
-1.137199999999999989e+02,5.035937500000000000e+01
-1.136800000000000068e+02,5.055468750000000000e+01
-1.136400000000000006e+02,5.046093750000000711e+01
-1.135999999999999943e+02,5.050781250000000000e+01
-1.135600000000000023e+02,5.070312500000000000e+01
-1.135199999999999960e+02,5.057031250000000000e+01
-1.134800000000000040e+02,5.102343750000000000e+01
-1.134399999999999977e+02,5.106250000000000711e+01
-1.134000000000000057e+02,5.092187500000000000e+01
-1.133599999999999994e+02,5.099218750000000000e+01
-1.133200000000000074e+02,5.056250000000000000e+01
-1.132800000000000011e+02,5.060937500000000000e+01
-1.132400000000000091e+02,5.104687500000000000e+01
-1.132000000000000028e+02,5.088281250000000000e+01
-1.131600000000000108e+02,5.021093750000000711e+01
-1.131200000000000045e+02,5.050000000000000000e+01
-1.130800000000000125e+02,5.062500000000000000e+01
-1.130400000000000063e+02,5.102343750000000000e+01
-1.130000000000000142e+02,5.021875000000000000e+01
-1.129600000000000080e+02,5.103125000000000000e+01
-1.129200000000000017e+02,5.044531250000000000e+01
-1.128800000000000097e+02,5.083593750000000711e+01
-1.128400000000000034e+02,5.092968750000000000e+01
-1.127999999999999972e+02,5.048437500000000000e+01
-1.127599999999999909e+02,5.052343750000000711e+01
-1.127199999999999989e+02,5.110156250000000000e+01
-1.126799999999999926e+02,5.025781250000000000e+01
-1.126400000000000006e+02,5.117187500000000000e+01
-1.125999999999999943e+02,5.043750000000000000e+01
-1.125600000000000023e+02,5.085937500000000000e+01
-1.125199999999999960e+02,5.080468750000000000e+01
-1.124800000000000040e+02,5.059375000000000000e+01
-1.124399999999999977e+02,5.033593750000000711e+01
-1.124000000000000057e+02,5.071093750000000711e+01
-1.123599999999999994e+02,5.087500000000000000e+01
-1.123200000000000074e+02,5.037500000000000000e+01
-1.122800000000000011e+02,5.105468750000000000e+01
-1.122399999999999949e+02,5.107812500000000000e+01
-1.122000000000000028e+02,5.050781250000000000e+01
-1.121600000000000108e+02,5.050000000000000000e+01
-1.121200000000000045e+02,5.087500000000000000e+01
-1.120799999999999983e+02,5.091406250000000000e+01
-1.120400000000000063e+02,5.072656250000000000e+01
-1.120000000000000000e+02,5.102343750000000000e+01
-1.119600000000000080e+02,5.038281250000000000e+01
-1.119200000000000017e+02,5.068750000000000000e+01
-1.118800000000000097e+02,5.039843750000000711e+01
-1.118400000000000034e+02,5.062500000000000000e+01
-1.118000000000000114e+02,5.075000000000000000e+01
-1.117600000000000051e+02,5.111718750000000000e+01
-1.117200000000000131e+02,5.091406250000000000e+01
-1.116800000000000068e+02,5.068750000000000000e+01
-1.116400000000000148e+02,5.034375000000000000e+01
-1.116000000000000085e+02,5.070312500000000000e+01
-1.115600000000000023e+02,5.067968750000000000e+01
-1.115199999999999960e+02,5.089062500000000000e+01
-1.114800000000000040e+02,5.033593750000000711e+01
-1.114399999999999977e+02,5.067968750000000000e+01
-1.113999999999999915e+02,5.091406250000000000e+01
-1.113599999999999994e+02,5.069531250000000000e+01
-1.113199999999999932e+02,5.046093750000000711e+01
-1.112800000000000011e+02,5.108593750000000000e+01
-1.112399999999999949e+02,5.065625000000000000e+01
-1.112000000000000028e+02,5.028125000000000000e+01
-1.111599999999999966e+02,5.052343750000000711e+01
-1.111200000000000045e+02,5.094531250000000000e+01
-1.110799999999999983e+02,5.045312500000000000e+01
-1.110400000000000063e+02,5.081250000000000000e+01
-1.110000000000000000e+02,5.084375000000000000e+01
-1.109600000000000080e+02,5.121875000000000000e+01
-1.109200000000000017e+02,5.091406250000000000e+01
-1.108799999999999955e+02,5.091406250000000000e+01
-1.108400000000000034e+02,5.029687500000000000e+01
-1.108000000000000114e+02,5.123437500000000000e+01
-1.107600000000000051e+02,5.014062500000000000e+01
-1.107199999999999989e+02,5.078906250000000000e+01
-1.106800000000000068e+02,5.086718750000000000e+01
-1.106400000000000006e+02,5.057031250000000000e+01
-1.106000000000000085e+02,5.121093750000000000e+01
-1.105600000000000023e+02,5.032812500000000000e+01
-1.105200000000000102e+02,5.113281250000000000e+01
-1.104800000000000040e+02,5.047656250000000000e+01
-1.104400000000000119e+02,5.089062500000000000e+01
-1.104000000000000057e+02,5.003906250000000000e+01
-1.103600000000000136e+02,5.071875000000000000e+01
-1.103200000000000074e+02,5.080468750000000000e+01
-1.102800000000000011e+02,5.018750000000000000e+01
-1.102399999999999949e+02,5.092968750000000000e+01
-1.101999999999999886e+02,5.059375000000000000e+01
-1.101599999999999966e+02,5.015625000000000000e+01
-1.101200000000000045e+02,5.029687500000000000e+01
-1.100799999999999983e+02,5.083593750000000711e+01
-1.100399999999999920e+02,5.079687500000000000e+01
-1.100000000000000000e+02,5.083593750000000711e+01
-1.099599999999999937e+02,5.019531250000000000e+01
-1.099200000000000017e+02,5.090625000000000000e+01
-1.098799999999999955e+02,5.109375000000000000e+01
-1.098400000000000034e+02,5.060156250000000000e+01
-1.097999999999999972e+02,5.089843750000000711e+01
-1.097600000000000051e+02,5.059375000000000000e+01
-1.097199999999999989e+02,5.010937500000000000e+01
-1.096800000000000068e+02,5.021093750000000711e+01
-1.096400000000000006e+02,5.002343750000000711e+01
-1.096000000000000085e+02,5.075000000000000000e+01
-1.095600000000000023e+02,5.060937500000000000e+01
-1.095200000000000102e+02,5.057812500000000000e+01
-1.094800000000000040e+02,5.014843750000000711e+01
-1.094400000000000119e+02,5.100781250000000000e+01
-1.094000000000000057e+02,5.082812500000000000e+01
-1.093599999999999994e+02,5.082031250000000000e+01
-1.093200000000000074e+02,5.042187500000000000e+01
-1.092800000000000011e+02,4.989843750000000000e+01
-1.092400000000000091e+02,5.068750000000000000e+01
-1.092000000000000028e+02,5.064062500000000000e+01
-1.091600000000000108e+02,5.054687500000000000e+01
-1.091200000000000045e+02,5.121875000000000000e+01
-1.090800000000000125e+02,5.081250000000000000e+01
-1.090400000000000063e+02,5.064062500000000000e+01
-1.090000000000000000e+02,5.077343750000000711e+01
-1.089599999999999937e+02,5.082031250000000000e+01
-1.089200000000000017e+02,5.064843750000000711e+01
-1.088799999999999955e+02,5.111718750000000000e+01
-1.088400000000000034e+02,5.071093750000000711e+01
-1.087999999999999972e+02,5.085156250000000000e+01
-1.087600000000000051e+02,5.052343750000000711e+01
-1.087199999999999989e+02,5.076562500000000000e+01
-1.086799999999999926e+02,5.082812500000000000e+01
-1.086400000000000006e+02,5.088281250000000000e+01
-1.085999999999999943e+02,5.042968750000000000e+01
-1.085600000000000023e+02,5.080468750000000000e+01
-1.085199999999999960e+02,5.058593750000000711e+01
-1.084800000000000040e+02,5.020312500000000000e+01
-1.084399999999999977e+02,5.063281250000000000e+01
-1.084000000000000057e+02,5.048437500000000000e+01
-1.083599999999999994e+02,5.103125000000000000e+01
-1.083200000000000074e+02,5.050781250000000000e+01
-1.082800000000000011e+02,5.124218750000000000e+01
-1.082400000000000091e+02,5.094531250000000000e+01
-1.082000000000000028e+02,5.131250000000000711e+01
-1.081600000000000108e+02,5.067187500000000000e+01
-1.081200000000000045e+02,5.033593750000000711e+01
-1.080800000000000125e+02,5.050781250000000000e+01
-1.080400000000000063e+02,5.026562500000000000e+01
-1.080000000000000000e+02,5.075000000000000000e+01
-1.079600000000000080e+02,5.069531250000000000e+01
-1.079200000000000159e+02,5.082812500000000000e+01
-1.078800000000000097e+02,5.028125000000000000e+01
-1.078400000000000034e+02,5.064843750000000711e+01
-1.078000000000000114e+02,5.096093750000000711e+01
-1.077600000000000051e+02,5.051562500000000000e+01
-1.077199999999999989e+02,5.080468750000000000e+01
-1.076799999999999926e+02,5.025781250000000000e+01
-1.076400000000000006e+02,5.074218750000000000e+01
-1.075999999999999943e+02,5.046093750000000711e+01
-1.075600000000000023e+02,5.110156250000000000e+01
-1.075199999999999960e+02,5.051562500000000000e+01
-1.074800000000000040e+02,5.114843750000000000e+01
-1.074399999999999977e+02,5.098437500000000000e+01
-1.074000000000000057e+02,5.064843750000000711e+01
-1.073599999999999994e+02,5.079687500000000000e+01
-1.073199999999999932e+02,5.057812500000000000e+01
-1.072800000000000011e+02,5.048437500000000000e+01
-1.072400000000000091e+02,5.027343750000000711e+01
-1.072000000000000028e+02,5.034375000000000000e+01
-1.071599999999999966e+02,5.072656250000000000e+01
-1.071200000000000045e+02,5.061718750000000000e+01
-1.070799999999999983e+02,5.085937500000000000e+01
-1.070400000000000063e+02,5.039843750000000711e+01
-1.070000000000000000e+02,5.085937500000000000e+01
-1.069600000000000080e+02,5.096093750000000711e+01
-1.069200000000000017e+02,5.058593750000000711e+01
-1.068800000000000097e+02,5.051562500000000000e+01
-1.068400000000000034e+02,5.103906250000000000e+01
-1.068000000000000114e+02,5.035937500000000000e+01
-1.067600000000000051e+02,5.033593750000000711e+01
-1.067200000000000131e+02,5.098437500000000000e+01
-1.066800000000000068e+02,5.085156250000000000e+01
-1.066400000000000006e+02,5.020312500000000000e+01
-1.066000000000000085e+02,5.068750000000000000e+01
-1.065600000000000165e+02,5.028906250000000000e+01
-1.065200000000000102e+02,5.094531250000000000e+01
-1.064800000000000040e+02,5.142968750000000000e+01
-1.064399999999999977e+02,5.025000000000000000e+01
-1.063999999999999915e+02,5.078125000000000000e+01
-1.063599999999999994e+02,5.114062500000000000e+01
-1.063199999999999932e+02,5.054687500000000000e+01
-1.062800000000000011e+02,5.080468750000000000e+01
-1.062399999999999949e+02,5.072656250000000000e+01
-1.062000000000000028e+02,5.063281250000000000e+01
-1.061599999999999966e+02,5.057031250000000000e+01
-1.061200000000000045e+02,5.046875000000000000e+01
-1.060799999999999983e+02,5.064062500000000000e+01
-1.060400000000000063e+02,5.058593750000000711e+01
-1.060000000000000000e+02,5.107812500000000000e+01
-1.059599999999999937e+02,5.079687500000000000e+01
-1.059200000000000017e+02,5.057812500000000000e+01
-1.058800000000000097e+02,5.039843750000000711e+01
-1.058400000000000034e+02,5.047656250000000000e+01
-1.057999999999999972e+02,5.096875000000000000e+01
-1.057600000000000051e+02,5.024218750000000000e+01
-1.057199999999999989e+02,5.145312500000000000e+01
-1.056800000000000068e+02,5.058593750000000711e+01
-1.056400000000000006e+02,5.060156250000000000e+01
-1.056000000000000085e+02,5.075781250000000000e+01
-1.055600000000000023e+02,5.050781250000000000e+01
-1.055200000000000102e+02,5.058593750000000711e+01
-1.054800000000000040e+02,5.073437500000000000e+01
-1.054400000000000119e+02,5.092187500000000000e+01
-1.054000000000000057e+02,5.034375000000000000e+01
-1.053600000000000136e+02,5.059375000000000000e+01
-1.053200000000000074e+02,5.057812500000000000e+01
-1.052800000000000153e+02,5.040625000000000000e+01
-1.052400000000000091e+02,5.067968750000000000e+01
-1.052000000000000028e+02,5.087500000000000000e+01
-1.051599999999999966e+02,5.028125000000000000e+01
-1.051199999999999903e+02,5.026562500000000000e+01
-1.050799999999999983e+02,5.075781250000000000e+01
-1.050399999999999920e+02,5.034375000000000000e+01
-1.050000000000000000e+02,5.088281250000000000e+01
-1.049599999999999937e+02,5.071093750000000711e+01
-1.049200000000000017e+02,5.112500000000000711e+01
-1.048799999999999955e+02,5.093750000000000711e+01
-1.048400000000000034e+02,5.046093750000000711e+01
-1.047999999999999972e+02,5.005468750000000000e+01
-1.047600000000000051e+02,5.089062500000000000e+01
-1.047199999999999989e+02,5.050000000000000000e+01
-1.046800000000000068e+02,5.071875000000000000e+01
-1.046400000000000006e+02,5.081250000000000000e+01
-1.045999999999999943e+02,5.069531250000000000e+01
-1.045600000000000023e+02,5.059375000000000000e+01
-1.045200000000000102e+02,5.064062500000000000e+01
-1.044800000000000040e+02,5.013281250000000000e+01
-1.044399999999999977e+02,5.092187500000000000e+01
-1.044000000000000057e+02,5.096875000000000000e+01
-1.043600000000000136e+02,5.058593750000000711e+01
-1.043200000000000074e+02,5.099218750000000000e+01
-1.042800000000000011e+02,5.073437500000000000e+01
-1.042400000000000091e+02,5.069531250000000000e+01
-1.042000000000000028e+02,5.050781250000000000e+01
-1.041600000000000108e+02,5.082031250000000000e+01
-1.041200000000000045e+02,5.066406250000000000e+01
-1.040800000000000125e+02,5.082812500000000000e+01
-1.040400000000000063e+02,5.046093750000000711e+01
-1.040000000000000142e+02,5.024218750000000000e+01
-1.039599999999999937e+02,5.091406250000000000e+01
-1.039199999999999875e+02,5.053906250000000000e+01
-1.038799999999999955e+02,5.100000000000000711e+01
-1.038400000000000034e+02,5.064062500000000000e+01
-1.037999999999999972e+02,5.071093750000000711e+01
-1.037599999999999909e+02,5.108593750000000000e+01
-1.037199999999999989e+02,5.061718750000000000e+01
-1.036800000000000068e+02,5.033593750000000711e+01
-1.036400000000000006e+02,5.107812500000000000e+01
-1.035999999999999943e+02,5.025000000000000000e+01
-1.035600000000000023e+02,5.071875000000000000e+01
-1.035199999999999960e+02,5.010156250000000000e+01
-1.034800000000000040e+02,5.088281250000000000e+01
-1.034399999999999977e+02,5.087500000000000000e+01
-1.034000000000000057e+02,5.053125000000000000e+01
-1.033599999999999994e+02,5.086718750000000000e+01
-1.033200000000000074e+02,5.095312500000000000e+01
-1.032800000000000011e+02,5.071875000000000000e+01
-1.032400000000000091e+02,5.054687500000000000e+01
-1.032000000000000028e+02,5.058593750000000711e+01
-1.031600000000000108e+02,5.060937500000000000e+01
-1.031200000000000045e+02,5.086718750000000000e+01
-1.030799999999999983e+02,5.048437500000000000e+01
-1.030400000000000063e+02,5.053125000000000000e+01
-1.030000000000000142e+02,5.012500000000000000e+01
-1.029600000000000080e+02,5.075000000000000000e+01
-1.029200000000000017e+02,5.053125000000000000e+01
-1.028800000000000097e+02,5.060937500000000000e+01
-1.028400000000000034e+02,5.008593750000000711e+01
-1.028000000000000114e+02,5.050000000000000000e+01
-1.027600000000000051e+02,5.105468750000000000e+01
-1.027199999999999989e+02,5.067968750000000000e+01
-1.026799999999999926e+02,5.071093750000000711e+01
-1.026400000000000006e+02,5.039843750000000711e+01
-1.025999999999999943e+02,5.095312500000000000e+01
-1.025600000000000023e+02,5.010937500000000000e+01
-1.025199999999999960e+02,5.048437500000000000e+01
-1.024800000000000040e+02,5.036718750000000000e+01
-1.024399999999999977e+02,5.059375000000000000e+01
-1.023999999999999915e+02,5.109375000000000000e+01
-1.023599999999999994e+02,5.051562500000000000e+01
-1.023200000000000074e+02,5.112500000000000711e+01
-1.022800000000000011e+02,5.041406250000000000e+01
-1.022399999999999949e+02,5.066406250000000000e+01
-1.022000000000000028e+02,5.017968750000000000e+01
-1.021599999999999966e+02,5.110156250000000000e+01
-1.021200000000000045e+02,5.052343750000000711e+01
-1.020799999999999983e+02,5.010156250000000000e+01
-1.020400000000000063e+02,5.035156250000000000e+01
-1.020000000000000000e+02,5.063281250000000000e+01
-1.019600000000000080e+02,5.064062500000000000e+01
-1.019200000000000017e+02,5.137500000000000711e+01
-1.018800000000000097e+02,5.020312500000000000e+01
-1.018400000000000034e+02,5.037500000000000000e+01
-1.018000000000000114e+02,5.042968750000000000e+01
-1.017600000000000051e+02,5.093750000000000711e+01
-1.017199999999999989e+02,5.100000000000000711e+01
-1.016800000000000068e+02,5.080468750000000000e+01
-1.016400000000000148e+02,5.064843750000000711e+01
-1.016000000000000085e+02,5.052343750000000711e+01
-1.015600000000000023e+02,5.003906250000000000e+01
-1.015200000000000102e+02,5.058593750000000711e+01
-1.014800000000000040e+02,5.035156250000000000e+01
-1.014399999999999977e+02,5.075781250000000000e+01
-1.013999999999999915e+02,5.053125000000000000e+01
-1.013599999999999994e+02,5.076562500000000000e+01
-1.013199999999999932e+02,5.079687500000000000e+01
-1.012800000000000011e+02,5.071093750000000711e+01
-1.012399999999999949e+02,5.040625000000000000e+01
-1.012000000000000028e+02,5.116406250000000000e+01
-1.011599999999999966e+02,5.057031250000000000e+01
-1.011200000000000045e+02,5.059375000000000000e+01
-1.010799999999999983e+02,5.064843750000000711e+01
-1.010399999999999920e+02,5.106250000000000711e+01
-1.010000000000000000e+02,5.052343750000000711e+01
-1.009600000000000080e+02,5.024218750000000000e+01
-1.009200000000000017e+02,5.035937500000000000e+01
-1.008799999999999955e+02,5.074218750000000000e+01
-1.008400000000000034e+02,5.046875000000000000e+01
-1.008000000000000114e+02,5.046875000000000000e+01
-1.007600000000000051e+02,5.128906250000000000e+01
-1.007199999999999989e+02,5.078906250000000000e+01
-1.006800000000000068e+02,5.013281250000000000e+01
-1.006400000000000006e+02,5.124218750000000000e+01
-1.006000000000000085e+02,5.113281250000000000e+01
-1.005600000000000023e+02,5.058593750000000711e+01
-1.005200000000000102e+02,5.103906250000000000e+01
-1.004800000000000040e+02,5.053125000000000000e+01
-1.004400000000000119e+02,5.053125000000000000e+01
-1.004000000000000057e+02,5.089062500000000000e+01
-1.003599999999999994e+02,5.121875000000000000e+01
-1.003200000000000074e+02,5.110937500000000000e+01
-1.002800000000000153e+02,5.064843750000000711e+01
-1.002400000000000091e+02,5.045312500000000000e+01
-1.002000000000000028e+02,5.024218750000000000e+01
-1.001599999999999966e+02,5.017187500000000000e+01
-1.001200000000000045e+02,5.066406250000000000e+01
-1.000799999999999983e+02,5.043750000000000000e+01
-1.000399999999999920e+02,5.075000000000000000e+01
-1.000000000000000000e+02,5.087500000000000000e+01
-9.995999999999999375e+01,5.094531250000000000e+01
-9.992000000000000171e+01,5.133593750000000000e+01
-9.987999999999999545e+01,5.059375000000000000e+01
-9.984000000000000341e+01,5.062500000000000000e+01
-9.979999999999999716e+01,5.110156250000000000e+01
-9.976000000000000512e+01,5.074218750000000000e+01
-9.971999999999999886e+01,5.085937500000000000e+01
-9.967999999999999261e+01,5.080468750000000000e+01
-9.964000000000000057e+01,5.099218750000000000e+01
-9.960000000000000853e+01,5.039843750000000711e+01
-9.956000000000000227e+01,5.075000000000000000e+01
-9.951999999999999602e+01,5.053125000000000000e+01
-9.948000000000000398e+01,5.028125000000000000e+01
-9.944000000000001194e+01,5.085937500000000000e+01
-9.940000000000000568e+01,5.094531250000000000e+01
-9.935999999999999943e+01,5.080468750000000000e+01
-9.932000000000000739e+01,5.044531250000000000e+01
-9.928000000000000114e+01,5.020312500000000000e+01
-9.924000000000000909e+01,5.088281250000000000e+01
-9.920000000000000284e+01,5.001562500000000000e+01
-9.916000000000001080e+01,5.082812500000000000e+01
-9.912000000000000455e+01,5.064062500000000000e+01
-9.908000000000001251e+01,5.039062500000000000e+01
-9.904000000000000625e+01,5.118750000000000711e+01
-9.900000000000001421e+01,5.070312500000000000e+01
-9.896000000000000796e+01,5.057031250000000000e+01
-9.892000000000000171e+01,5.121875000000000000e+01
-9.887999999999999545e+01,5.032812500000000000e+01
-9.883999999999998920e+01,5.086718750000000000e+01
-9.879999999999999716e+01,5.062500000000000000e+01
-9.876000000000000512e+01,5.097656250000000000e+01
-9.871999999999999886e+01,5.081250000000000000e+01
-9.867999999999999261e+01,5.081250000000000000e+01
-9.864000000000000057e+01,5.085937500000000000e+01
-9.859999999999999432e+01,5.053125000000000000e+01
-9.856000000000000227e+01,5.095312500000000000e+01
-9.851999999999999602e+01,5.100000000000000711e+01
-9.848000000000000398e+01,5.081250000000000000e+01
-9.843999999999999773e+01,5.076562500000000000e+01
-9.840000000000000568e+01,5.051562500000000000e+01
-9.835999999999999943e+01,5.046093750000000711e+01
-9.832000000000000739e+01,5.067968750000000000e+01
-9.828000000000000114e+01,5.060937500000000000e+01
-9.824000000000000909e+01,5.044531250000000000e+01
-9.820000000000000284e+01,5.070312500000000000e+01
-9.815999999999999659e+01,5.086718750000000000e+01
-9.812000000000000455e+01,5.075781250000000000e+01
-9.808000000000001251e+01,5.075781250000000000e+01
-9.804000000000000625e+01,5.032812500000000000e+01
-9.800000000000000000e+01,5.110156250000000000e+01
-9.796000000000000796e+01,5.051562500000000000e+01
-9.792000000000000171e+01,5.078906250000000000e+01
-9.788000000000000966e+01,5.067187500000000000e+01
-9.784000000000000341e+01,5.074218750000000000e+01
-9.780000000000001137e+01,5.071093750000000711e+01
-9.776000000000000512e+01,5.060156250000000000e+01
-9.772000000000001307e+01,5.100000000000000711e+01
-9.768000000000000682e+01,5.113281250000000000e+01
-9.764000000000000057e+01,5.055468750000000000e+01
-9.759999999999999432e+01,5.089843750000000711e+01
-9.756000000000000227e+01,5.090625000000000000e+01
-9.751999999999999602e+01,5.079687500000000000e+01
-9.747999999999998977e+01,5.041406250000000000e+01
-9.743999999999999773e+01,5.064843750000000711e+01
-9.740000000000000568e+01,5.092187500000000000e+01
-9.735999999999999943e+01,5.046093750000000711e+01
-9.731999999999999318e+01,5.053906250000000000e+01
-9.728000000000000114e+01,5.027343750000000711e+01
-9.724000000000000909e+01,5.043750000000000000e+01
-9.720000000000000284e+01,5.039843750000000711e+01
-9.715999999999999659e+01,5.085937500000000000e+01
-9.712000000000000455e+01,5.053125000000000000e+01
-9.707999999999999829e+01,5.081250000000000000e+01
-9.704000000000000625e+01,5.131250000000000711e+01
-9.700000000000000000e+01,5.065625000000000000e+01
-9.696000000000000796e+01,5.104687500000000000e+01
-9.692000000000000171e+01,5.100000000000000711e+01
-9.688000000000000966e+01,5.054687500000000000e+01
-9.684000000000000341e+01,5.042968750000000000e+01
-9.679999999999999716e+01,5.063281250000000000e+01
-9.676000000000000512e+01,5.052343750000000711e+01
-9.672000000000001307e+01,5.089062500000000000e+01
-9.668000000000000682e+01,5.092187500000000000e+01
-9.664000000000000057e+01,5.078125000000000000e+01
-9.660000000000000853e+01,5.046093750000000711e+01
-9.656000000000001648e+01,4.992968750000000000e+01
-9.652000000000001023e+01,5.078906250000000000e+01
-9.648000000000000398e+01,5.062500000000000000e+01
-9.644000000000001194e+01,5.075000000000000000e+01
-9.640000000000000568e+01,5.135937500000000000e+01
-9.635999999999999943e+01,5.100000000000000711e+01
-9.631999999999999318e+01,5.099218750000000000e+01
-9.628000000000000114e+01,5.057812500000000000e+01
-9.623999999999999488e+01,5.064062500000000000e+01
-9.620000000000000284e+01,5.080468750000000000e+01
-9.615999999999999659e+01,5.103125000000000000e+01
-9.611999999999999034e+01,5.101562500000000000e+01
-9.607999999999999829e+01,5.073437500000000000e+01
-9.604000000000000625e+01,5.007031250000000000e+01
-9.600000000000000000e+01,5.051562500000000000e+01
-9.595999999999999375e+01,5.059375000000000000e+01
-9.592000000000000171e+01,5.063281250000000000e+01
-9.588000000000000966e+01,5.074218750000000000e+01
-9.584000000000000341e+01,5.059375000000000000e+01
-9.579999999999999716e+01,5.085156250000000000e+01
-9.576000000000000512e+01,5.062500000000000000e+01
-9.571999999999999886e+01,5.047656250000000000e+01
-9.568000000000000682e+01,5.089843750000000711e+01
-9.564000000000000057e+01,5.042968750000000000e+01
-9.560000000000000853e+01,5.137500000000000711e+01
-9.556000000000000227e+01,5.066406250000000000e+01
-9.552000000000001023e+01,5.099218750000000000e+01
-9.548000000000000398e+01,5.041406250000000000e+01
-9.543999999999999773e+01,5.057812500000000000e+01
-9.540000000000000568e+01,5.155468750000000000e+01
-9.536000000000001364e+01,5.018750000000000000e+01
-9.532000000000000739e+01,5.052343750000000711e+01
-9.528000000000000114e+01,5.093750000000000711e+01
-9.524000000000000909e+01,5.066406250000000000e+01
-9.520000000000001705e+01,5.012500000000000000e+01
-9.516000000000001080e+01,5.096875000000000000e+01
-9.511999999999999034e+01,5.100781250000000000e+01
-9.507999999999999829e+01,5.066406250000000000e+01
-9.503999999999999204e+01,4.996875000000000000e+01
-9.500000000000000000e+01,5.057812500000000000e+01
-9.495999999999999375e+01,5.067187500000000000e+01
-9.492000000000000171e+01,5.026562500000000000e+01
-9.487999999999999545e+01,5.078906250000000000e+01
-9.484000000000000341e+01,5.082031250000000000e+01
-9.479999999999999716e+01,5.024218750000000000e+01
-9.476000000000000512e+01,5.064062500000000000e+01
-9.471999999999999886e+01,5.050781250000000000e+01
-9.468000000000000682e+01,5.039062500000000000e+01
-9.464000000000000057e+01,5.078125000000000000e+01
-9.459999999999999432e+01,5.114062500000000000e+01
-9.456000000000000227e+01,5.051562500000000000e+01
-9.452000000000001023e+01,5.076562500000000000e+01
-9.448000000000000398e+01,5.068750000000000000e+01
-9.443999999999999773e+01,5.050781250000000000e+01
-9.440000000000000568e+01,5.071875000000000000e+01
-9.435999999999999943e+01,5.020312500000000000e+01
-9.432000000000000739e+01,5.060156250000000000e+01
-9.428000000000000114e+01,5.070312500000000000e+01
-9.424000000000000909e+01,5.121875000000000000e+01
-9.420000000000000284e+01,5.057031250000000000e+01
-9.416000000000001080e+01,5.102343750000000000e+01
-9.412000000000000455e+01,5.105468750000000000e+01
-9.408000000000001251e+01,5.050000000000000000e+01
-9.404000000000000625e+01,5.105468750000000000e+01
-9.400000000000001421e+01,5.060937500000000000e+01
-9.396000000000000796e+01,5.076562500000000000e+01
-9.392000000000000171e+01,5.024218750000000000e+01
-9.387999999999999545e+01,5.059375000000000000e+01
-9.384000000000000341e+01,5.044531250000000000e+01
-9.379999999999999716e+01,5.066406250000000000e+01
-9.375999999999999091e+01,5.055468750000000000e+01
-9.371999999999999886e+01,5.054687500000000000e+01
-9.367999999999999261e+01,5.141406250000000000e+01
-9.364000000000000057e+01,5.100781250000000000e+01
-9.359999999999999432e+01,5.070312500000000000e+01
-9.356000000000000227e+01,5.046093750000000711e+01
-9.351999999999999602e+01,5.064843750000000711e+01
-9.348000000000000398e+01,5.061718750000000000e+01
-9.343999999999999773e+01,5.086718750000000000e+01
-9.340000000000000568e+01,5.048437500000000000e+01
-9.335999999999999943e+01,5.057031250000000000e+01
-9.332000000000000739e+01,5.087500000000000000e+01
-9.328000000000000114e+01,5.077343750000000711e+01
-9.323999999999999488e+01,5.021093750000000711e+01
-9.320000000000000284e+01,5.100000000000000711e+01
-9.316000000000001080e+01,5.088281250000000000e+01
-9.312000000000000455e+01,5.063281250000000000e+01
-9.307999999999999829e+01,5.039843750000000711e+01
-9.304000000000000625e+01,5.058593750000000711e+01
-9.300000000000001421e+01,5.032031250000000000e+01
-9.296000000000000796e+01,5.080468750000000000e+01
-9.292000000000000171e+01,4.993750000000000000e+01
-9.288000000000000966e+01,5.107031250000000000e+01
-9.284000000000000341e+01,5.106250000000000711e+01
-9.280000000000001137e+01,5.037500000000000000e+01
-9.276000000000000512e+01,5.031250000000000000e+01
-9.272000000000001307e+01,5.053906250000000000e+01
-9.268000000000000682e+01,5.017968750000000000e+01
-9.264000000000000057e+01,5.001562500000000000e+01
-9.259999999999999432e+01,5.088281250000000000e+01
-9.255999999999998806e+01,4.994531250000000000e+01
-9.251999999999999602e+01,5.055468750000000000e+01
-9.248000000000000398e+01,5.032031250000000000e+01
-9.243999999999999773e+01,5.071093750000000711e+01
-9.239999999999999147e+01,5.084375000000000000e+01
-9.235999999999999943e+01,5.101562500000000000e+01
-9.232000000000000739e+01,5.057812500000000000e+01
-9.228000000000000114e+01,5.019531250000000000e+01
-9.223999999999999488e+01,5.103125000000000000e+01
-9.220000000000000284e+01,5.069531250000000000e+01
-9.215999999999999659e+01,5.057812500000000000e+01
-9.212000000000000455e+01,5.014843750000000711e+01
-9.207999999999999829e+01,5.019531250000000000e+01
-9.204000000000000625e+01,5.062500000000000000e+01
-9.200000000000000000e+01,5.035156250000000000e+01
-9.196000000000000796e+01,5.072656250000000000e+01
-9.192000000000000171e+01,5.076562500000000000e+01
-9.187999999999999545e+01,5.114843750000000000e+01
-9.184000000000000341e+01,5.048437500000000000e+01
-9.180000000000001137e+01,5.078906250000000000e+01
-9.176000000000000512e+01,5.075000000000000000e+01
-9.171999999999999886e+01,5.079687500000000000e+01
-9.168000000000000682e+01,5.055468750000000000e+01
-9.164000000000001478e+01,5.074218750000000000e+01
-9.160000000000000853e+01,5.102343750000000000e+01
-9.156000000000000227e+01,5.084375000000000000e+01
-9.152000000000001023e+01,5.003125000000000000e+01
-9.148000000000000398e+01,5.102343750000000000e+01
-9.144000000000001194e+01,5.060937500000000000e+01
-9.140000000000000568e+01,4.991406250000000000e+01
-9.135999999999999943e+01,5.020312500000000000e+01
-9.131999999999999318e+01,5.067968750000000000e+01
-9.128000000000000114e+01,5.030468750000000000e+01
-9.123999999999999488e+01,5.063281250000000000e+01
-9.119999999999998863e+01,5.039843750000000711e+01
-9.115999999999999659e+01,5.047656250000000000e+01
-9.112000000000000455e+01,5.022656250000000000e+01
-9.107999999999999829e+01,5.078906250000000000e+01
-9.103999999999999204e+01,5.048437500000000000e+01
-9.100000000000000000e+01,5.127343750000000000e+01
-9.096000000000000796e+01,5.092187500000000000e+01
-9.092000000000000171e+01,5.073437500000000000e+01
-9.087999999999999545e+01,5.072656250000000000e+01
-9.084000000000000341e+01,5.070312500000000000e+01
-9.079999999999999716e+01,5.061718750000000000e+01
-9.076000000000000512e+01,5.090625000000000000e+01
-9.071999999999999886e+01,5.063281250000000000e+01
-9.068000000000000682e+01,5.096875000000000000e+01
-9.064000000000000057e+01,5.074218750000000000e+01
-9.060000000000000853e+01,5.043750000000000000e+01
-9.056000000000000227e+01,5.078906250000000000e+01
-9.052000000000001023e+01,5.039843750000000711e+01
-9.048000000000000398e+01,5.073437500000000000e+01
-9.044000000000001194e+01,5.036718750000000000e+01
-9.040000000000000568e+01,5.075781250000000000e+01
-9.035999999999999943e+01,5.072656250000000000e+01
-9.032000000000000739e+01,5.078906250000000000e+01
-9.028000000000001535e+01,5.054687500000000000e+01
-9.024000000000000909e+01,5.103125000000000000e+01
-9.020000000000000284e+01,5.057812500000000000e+01
-9.016000000000001080e+01,5.050781250000000000e+01
-9.012000000000000455e+01,5.046093750000000711e+01
-9.007999999999999829e+01,5.030468750000000000e+01
-9.003999999999999204e+01,5.012500000000000000e+01
-9.000000000000000000e+01,5.104687500000000000e+01
-8.995999999999999375e+01,5.099218750000000000e+01
-8.992000000000000171e+01,5.116406250000000000e+01
-8.987999999999999545e+01,5.069531250000000000e+01
-8.984000000000000341e+01,5.031250000000000000e+01
-8.979999999999999716e+01,5.080468750000000000e+01
-8.976000000000000512e+01,5.085937500000000000e+01
-8.971999999999999886e+01,5.054687500000000000e+01
-8.967999999999999261e+01,5.034375000000000000e+01
-8.964000000000000057e+01,5.112500000000000711e+01
-8.960000000000000853e+01,5.053125000000000000e+01
-8.956000000000000227e+01,5.081250000000000000e+01
-8.951999999999999602e+01,4.998437500000000711e+01
-8.948000000000000398e+01,5.076562500000000000e+01
-8.944000000000001194e+01,5.075000000000000000e+01
-8.940000000000000568e+01,5.032812500000000000e+01
-8.935999999999999943e+01,5.107812500000000000e+01
-8.932000000000000739e+01,5.040625000000000000e+01
-8.928000000000000114e+01,5.091406250000000000e+01
-8.924000000000000909e+01,5.049218750000000000e+01
-8.920000000000000284e+01,5.079687500000000000e+01
-8.915999999999999659e+01,5.082812500000000000e+01
-8.912000000000000455e+01,5.034375000000000000e+01
-8.908000000000001251e+01,5.050000000000000000e+01
-8.904000000000000625e+01,5.100000000000000711e+01
-8.900000000000000000e+01,5.052343750000000711e+01
-8.896000000000000796e+01,5.042187500000000000e+01
-8.892000000000001592e+01,5.024218750000000000e+01
-8.888000000000000966e+01,5.081250000000000000e+01
-8.884000000000000341e+01,5.042187500000000000e+01
-8.879999999999999716e+01,5.122656250000000000e+01
-8.876000000000000512e+01,5.043750000000000000e+01
-8.871999999999999886e+01,5.028906250000000000e+01
-8.867999999999999261e+01,5.060937500000000000e+01
-8.864000000000000057e+01,5.045312500000000000e+01
-8.860000000000000853e+01,5.087500000000000000e+01
-8.856000000000000227e+01,5.107031250000000000e+01
-8.851999999999999602e+01,5.039843750000000711e+01
-8.847999999999998977e+01,5.064062500000000000e+01
-8.843999999999999773e+01,5.054687500000000000e+01
-8.840000000000000568e+01,5.050000000000000000e+01
-8.835999999999999943e+01,5.012500000000000000e+01
-8.831999999999999318e+01,5.093750000000000711e+01
-8.828000000000000114e+01,5.039843750000000711e+01
-8.824000000000000909e+01,5.055468750000000000e+01
-8.820000000000000284e+01,5.035937500000000000e+01
-8.815999999999999659e+01,5.042187500000000000e+01
-8.812000000000000455e+01,5.110156250000000000e+01
-8.808000000000001251e+01,5.075000000000000000e+01
-8.804000000000000625e+01,5.042187500000000000e+01
-8.800000000000000000e+01,5.082812500000000000e+01
-8.796000000000000796e+01,5.048437500000000000e+01
-8.792000000000001592e+01,5.030468750000000000e+01
-8.788000000000000966e+01,5.082812500000000000e+01
-8.784000000000000341e+01,5.053906250000000000e+01
-8.779999999999999716e+01,5.060156250000000000e+01
-8.776000000000000512e+01,5.051562500000000000e+01
-8.772000000000001307e+01,5.039062500000000000e+01
-8.768000000000000682e+01,5.045312500000000000e+01
-8.764000000000000057e+01,5.065625000000000000e+01
-8.760000000000000853e+01,5.062500000000000000e+01
-8.756000000000000227e+01,5.035156250000000000e+01
-8.751999999999999602e+01,5.077343750000000711e+01
-8.747999999999998977e+01,5.075781250000000000e+01
-8.743999999999999773e+01,5.040625000000000000e+01
-8.740000000000000568e+01,5.081250000000000000e+01
-8.735999999999999943e+01,5.082031250000000000e+01
-8.731999999999999318e+01,5.060937500000000000e+01
-8.728000000000000114e+01,5.059375000000000000e+01
-8.724000000000000909e+01,5.096093750000000711e+01
-8.720000000000000284e+01,5.035937500000000000e+01
-8.715999999999999659e+01,5.077343750000000711e+01
-8.711999999999999034e+01,5.049218750000000000e+01
-8.707999999999999829e+01,5.078906250000000000e+01
-8.704000000000000625e+01,5.101562500000000000e+01
-8.700000000000000000e+01,5.050781250000000000e+01
-8.695999999999999375e+01,5.087500000000000000e+01
-8.692000000000000171e+01,5.050000000000000000e+01
-8.688000000000000966e+01,5.077343750000000711e+01
-8.684000000000000341e+01,5.050781250000000000e+01
-8.679999999999999716e+01,5.042968750000000000e+01
-8.676000000000000512e+01,5.050000000000000000e+01
-8.672000000000001307e+01,5.041406250000000000e+01
-8.668000000000000682e+01,5.067968750000000000e+01
-8.664000000000000057e+01,5.022656250000000000e+01
-8.660000000000000853e+01,5.052343750000000711e+01
-8.656000000000001648e+01,5.014843750000000711e+01
-8.652000000000001023e+01,5.113281250000000000e+01
-8.648000000000000398e+01,5.063281250000000000e+01
-8.643999999999999773e+01,5.036718750000000000e+01
-8.640000000000000568e+01,5.058593750000000711e+01
-8.636000000000001364e+01,5.106250000000000711e+01
-8.631999999999999318e+01,5.082031250000000000e+01
-8.627999999999998693e+01,5.053125000000000000e+01
-8.623999999999999488e+01,5.039062500000000000e+01
-8.620000000000000284e+01,5.042187500000000000e+01
-8.615999999999999659e+01,5.030468750000000000e+01
-8.611999999999999034e+01,5.047656250000000000e+01
-8.607999999999999829e+01,5.081250000000000000e+01
-8.604000000000000625e+01,5.118750000000000711e+01
-8.600000000000000000e+01,5.033593750000000711e+01
-8.595999999999999375e+01,5.078125000000000000e+01
-8.592000000000000171e+01,5.089062500000000000e+01
-8.588000000000000966e+01,5.056250000000000000e+01
-8.584000000000000341e+01,5.066406250000000000e+01
-8.579999999999999716e+01,5.057812500000000000e+01
-8.576000000000000512e+01,5.106250000000000711e+01
-8.571999999999999886e+01,5.110937500000000000e+01
-8.568000000000000682e+01,5.060156250000000000e+01
-8.564000000000000057e+01,5.078906250000000000e+01
-8.559999999999999432e+01,5.033593750000000711e+01
-8.556000000000000227e+01,5.039062500000000000e+01
-8.552000000000001023e+01,5.030468750000000000e+01
-8.548000000000000398e+01,5.046093750000000711e+01
-8.543999999999999773e+01,5.068750000000000000e+01
-8.540000000000000568e+01,5.079687500000000000e+01
-8.536000000000001364e+01,5.071093750000000711e+01
-8.532000000000000739e+01,5.082031250000000000e+01
-8.528000000000000114e+01,5.002343750000000711e+01
-8.524000000000000909e+01,5.113281250000000000e+01
-8.520000000000001705e+01,5.082031250000000000e+01
-8.516000000000001080e+01,5.117968750000000000e+01
-8.512000000000000455e+01,5.093750000000000711e+01
-8.507999999999999829e+01,5.123437500000000000e+01
-8.503999999999999204e+01,5.045312500000000000e+01
-8.500000000000000000e+01,5.007031250000000000e+01
-8.495999999999999375e+01,5.096093750000000711e+01
-8.491999999999998749e+01,5.065625000000000000e+01
-8.487999999999999545e+01,5.060937500000000000e+01
-8.484000000000000341e+01,5.093750000000000711e+01
-8.479999999999999716e+01,5.065625000000000000e+01
-8.475999999999999091e+01,5.057812500000000000e+01
-8.471999999999999886e+01,5.028125000000000000e+01
-8.468000000000000682e+01,5.060156250000000000e+01
-8.464000000000000057e+01,5.022656250000000000e+01
-8.459999999999999432e+01,5.066406250000000000e+01
-8.456000000000000227e+01,5.100781250000000000e+01
-8.452000000000001023e+01,5.083593750000000711e+01
-8.448000000000000398e+01,5.050000000000000000e+01
-8.443999999999999773e+01,5.035156250000000000e+01
-8.440000000000000568e+01,5.044531250000000000e+01
-8.436000000000001364e+01,5.060937500000000000e+01
-8.432000000000000739e+01,5.067968750000000000e+01
-8.428000000000000114e+01,5.034375000000000000e+01
-8.423999999999999488e+01,5.040625000000000000e+01
-8.420000000000000284e+01,5.078906250000000000e+01
-8.416000000000001080e+01,5.067187500000000000e+01
-8.412000000000000455e+01,5.072656250000000000e+01
-8.407999999999999829e+01,5.069531250000000000e+01
-8.404000000000000625e+01,5.057812500000000000e+01
-8.400000000000001421e+01,5.021093750000000711e+01
-8.396000000000000796e+01,5.065625000000000000e+01
-8.392000000000000171e+01,5.064062500000000000e+01
-8.388000000000000966e+01,5.059375000000000000e+01
-8.384000000000000341e+01,5.010156250000000000e+01
-8.379999999999999716e+01,5.021093750000000711e+01
-8.375999999999999091e+01,5.019531250000000000e+01
-8.371999999999999886e+01,5.102343750000000000e+01
-8.368000000000000682e+01,5.078125000000000000e+01
-8.364000000000000057e+01,5.103906250000000000e+01
-8.359999999999999432e+01,5.010937500000000000e+01
-8.355999999999998806e+01,5.043750000000000000e+01
-8.351999999999999602e+01,5.071093750000000711e+01
-8.348000000000000398e+01,5.037500000000000000e+01
-8.343999999999999773e+01,4.966406250000000000e+01
-8.339999999999999147e+01,5.071093750000000711e+01
-8.335999999999999943e+01,5.030468750000000000e+01
-8.332000000000000739e+01,5.038281250000000000e+01
-8.328000000000000114e+01,5.114062500000000000e+01
-8.323999999999999488e+01,5.083593750000000711e+01
-8.320000000000000284e+01,5.058593750000000711e+01
-8.316000000000001080e+01,5.057031250000000000e+01
-8.312000000000000455e+01,5.080468750000000000e+01
-8.307999999999999829e+01,5.095312500000000000e+01
-8.304000000000000625e+01,5.035156250000000000e+01
-8.300000000000001421e+01,5.029687500000000000e+01
-8.296000000000000796e+01,5.106250000000000711e+01
-8.292000000000000171e+01,5.056250000000000000e+01
-8.287999999999999545e+01,5.030468750000000000e+01
-8.284000000000000341e+01,5.059375000000000000e+01
-8.280000000000001137e+01,5.022656250000000000e+01
-8.276000000000000512e+01,5.118750000000000711e+01
-8.271999999999999886e+01,5.021875000000000000e+01
-8.268000000000000682e+01,5.092968750000000000e+01
-8.264000000000001478e+01,5.050781250000000000e+01
-8.260000000000000853e+01,5.057812500000000000e+01
-8.256000000000000227e+01,5.068750000000000000e+01
-8.251999999999999602e+01,5.063281250000000000e+01
-8.248000000000000398e+01,5.041406250000000000e+01
-8.243999999999999773e+01,5.058593750000000711e+01
-8.239999999999999147e+01,5.059375000000000000e+01
-8.235999999999999943e+01,5.036718750000000000e+01
-8.232000000000000739e+01,5.062500000000000000e+01
-8.228000000000000114e+01,5.070312500000000000e+01
-8.223999999999999488e+01,5.060156250000000000e+01
-8.219999999999998863e+01,5.061718750000000000e+01
-8.215999999999999659e+01,5.052343750000000711e+01
-8.212000000000000455e+01,4.985937500000000711e+01
-8.207999999999999829e+01,5.092968750000000000e+01
-8.203999999999999204e+01,5.028906250000000000e+01
-8.200000000000000000e+01,5.040625000000000000e+01
-8.196000000000000796e+01,5.069531250000000000e+01
-8.192000000000000171e+01,5.075781250000000000e+01
-8.187999999999999545e+01,5.071875000000000000e+01
-8.184000000000000341e+01,5.035156250000000000e+01
-8.180000000000001137e+01,5.010156250000000000e+01
-8.176000000000000512e+01,5.072656250000000000e+01
-8.171999999999999886e+01,5.103125000000000000e+01
-8.168000000000000682e+01,5.058593750000000711e+01
-8.164000000000001478e+01,4.966406250000000000e+01
-8.160000000000000853e+01,5.001562500000000000e+01
-8.156000000000000227e+01,5.051562500000000000e+01
-8.152000000000001023e+01,5.037500000000000000e+01
-8.148000000000000398e+01,5.066406250000000000e+01
-8.144000000000001194e+01,5.047656250000000000e+01
-8.140000000000000568e+01,5.132812500000000000e+01
-8.135999999999999943e+01,5.013281250000000000e+01
-8.132000000000000739e+01,5.035937500000000000e+01
-8.128000000000000114e+01,5.085156250000000000e+01
-8.123999999999999488e+01,5.060156250000000000e+01
-8.119999999999998863e+01,5.041406250000000000e+01
-8.115999999999999659e+01,5.011718750000000000e+01
-8.112000000000000455e+01,5.125781250000000000e+01
-8.107999999999999829e+01,4.960937500000000711e+01
-8.103999999999999204e+01,5.068750000000000000e+01
-8.100000000000000000e+01,5.038281250000000000e+01
-8.096000000000000796e+01,5.026562500000000000e+01
-8.092000000000000171e+01,5.038281250000000000e+01
-8.087999999999999545e+01,5.058593750000000711e+01
-8.084000000000000341e+01,5.057812500000000000e+01
-8.079999999999999716e+01,5.065625000000000000e+01
-8.076000000000000512e+01,5.033593750000000711e+01
-8.071999999999999886e+01,5.001562500000000000e+01
-8.067999999999999261e+01,5.067968750000000000e+01
-8.064000000000000057e+01,5.032031250000000000e+01
-8.060000000000000853e+01,5.086718750000000000e+01
-8.056000000000000227e+01,5.114843750000000000e+01
-8.051999999999999602e+01,5.091406250000000000e+01
-8.048000000000000398e+01,5.087500000000000000e+01
-8.044000000000001194e+01,5.078906250000000000e+01
-8.040000000000000568e+01,5.060937500000000000e+01
-8.035999999999999943e+01,5.012500000000000000e+01
-8.032000000000000739e+01,5.053906250000000000e+01
-8.028000000000001535e+01,5.078906250000000000e+01
-8.024000000000000909e+01,5.075000000000000000e+01
-8.020000000000000284e+01,5.015625000000000000e+01
-8.016000000000001080e+01,5.004687500000000000e+01
-8.012000000000001876e+01,5.060156250000000000e+01
-8.008000000000001251e+01,5.084375000000000000e+01
-8.004000000000000625e+01,5.051562500000000000e+01
-8.000000000000000000e+01,5.057031250000000000e+01
-7.995999999999999375e+01,5.089062500000000000e+01
-7.992000000000000171e+01,5.067187500000000000e+01
-7.987999999999999545e+01,5.090625000000000000e+01
-7.983999999999998920e+01,5.047656250000000000e+01
-7.979999999999999716e+01,5.061718750000000000e+01
-7.976000000000000512e+01,5.074218750000000000e+01
-7.971999999999999886e+01,5.003906250000000000e+01
-7.967999999999999261e+01,5.019531250000000000e+01
-7.964000000000000057e+01,5.024218750000000000e+01
-7.960000000000000853e+01,5.077343750000000711e+01
-7.956000000000000227e+01,5.067968750000000000e+01
-7.951999999999999602e+01,5.076562500000000000e+01
-7.948000000000000398e+01,5.029687500000000000e+01
-7.944000000000001194e+01,5.060937500000000000e+01
-7.940000000000000568e+01,5.037500000000000000e+01
-7.935999999999999943e+01,5.039062500000000000e+01
-7.931999999999999318e+01,5.090625000000000000e+01
-7.928000000000000114e+01,5.086718750000000000e+01
-7.924000000000000909e+01,5.034375000000000000e+01
-7.920000000000000284e+01,5.070312500000000000e+01
-7.915999999999999659e+01,5.003125000000000000e+01
-7.912000000000000455e+01,5.109375000000000000e+01
-7.908000000000001251e+01,5.025781250000000000e+01
-7.904000000000000625e+01,5.087500000000000000e+01
-7.900000000000000000e+01,5.100000000000000711e+01
-7.896000000000000796e+01,5.130468750000000000e+01
-7.892000000000001592e+01,5.103125000000000000e+01
-7.888000000000000966e+01,5.061718750000000000e+01
-7.884000000000000341e+01,5.067968750000000000e+01
-7.880000000000001137e+01,5.078906250000000000e+01
-7.876000000000000512e+01,5.035156250000000000e+01
-7.871999999999999886e+01,5.053906250000000000e+01
-7.867999999999999261e+01,5.086718750000000000e+01
-7.863999999999998636e+01,5.021875000000000000e+01
-7.859999999999999432e+01,5.043750000000000000e+01
-7.856000000000000227e+01,5.013281250000000000e+01
-7.851999999999999602e+01,5.084375000000000000e+01
-7.847999999999998977e+01,5.103125000000000000e+01
-7.843999999999999773e+01,5.052343750000000711e+01
-7.840000000000000568e+01,5.050000000000000000e+01
-7.835999999999999943e+01,5.098437500000000000e+01
-7.831999999999999318e+01,5.088281250000000000e+01
-7.828000000000000114e+01,5.057031250000000000e+01
-7.824000000000000909e+01,5.046875000000000000e+01
-7.820000000000000284e+01,5.089062500000000000e+01
-7.815999999999999659e+01,5.094531250000000000e+01
-7.812000000000000455e+01,5.025781250000000000e+01
-7.808000000000001251e+01,5.018750000000000000e+01
-7.804000000000000625e+01,5.041406250000000000e+01
-7.800000000000000000e+01,5.019531250000000000e+01
-7.795999999999999375e+01,5.057812500000000000e+01
-7.792000000000000171e+01,5.075000000000000000e+01
-7.788000000000000966e+01,5.061718750000000000e+01
-7.784000000000000341e+01,5.060156250000000000e+01
-7.779999999999999716e+01,5.055468750000000000e+01
-7.776000000000000512e+01,5.079687500000000000e+01
-7.772000000000001307e+01,5.078125000000000000e+01
-7.768000000000000682e+01,5.022656250000000000e+01
-7.764000000000000057e+01,5.088281250000000000e+01
-7.760000000000000853e+01,4.992968750000000000e+01
-7.756000000000001648e+01,5.075781250000000000e+01
-7.752000000000001023e+01,5.046875000000000000e+01
-7.747999999999998977e+01,5.085937500000000000e+01
-7.743999999999999773e+01,5.053125000000000000e+01
-7.740000000000000568e+01,5.039843750000000711e+01
-7.735999999999999943e+01,5.010937500000000000e+01
-7.731999999999999318e+01,5.071875000000000000e+01
-7.728000000000000114e+01,5.057812500000000000e+01
-7.723999999999999488e+01,5.091406250000000000e+01
-7.720000000000000284e+01,4.976562500000000000e+01
-7.715999999999999659e+01,5.034375000000000000e+01
-7.711999999999999034e+01,5.039843750000000711e+01
-7.707999999999999829e+01,5.054687500000000000e+01
-7.704000000000000625e+01,5.040625000000000000e+01
-7.700000000000000000e+01,5.096093750000000711e+01
-7.695999999999999375e+01,4.982031250000000000e+01
-7.692000000000000171e+01,5.064062500000000000e+01
-7.688000000000000966e+01,5.078125000000000000e+01
-7.684000000000000341e+01,5.014843750000000711e+01
-7.679999999999999716e+01,5.028125000000000000e+01
-7.676000000000000512e+01,5.075781250000000000e+01
-7.672000000000001307e+01,5.068750000000000000e+01
-7.668000000000000682e+01,5.052343750000000711e+01
-7.664000000000000057e+01,5.071875000000000000e+01
-7.660000000000000853e+01,5.043750000000000000e+01
-7.656000000000000227e+01,5.085937500000000000e+01
-7.652000000000001023e+01,5.054687500000000000e+01
-7.648000000000000398e+01,5.062500000000000000e+01
-7.643999999999999773e+01,5.084375000000000000e+01
-7.640000000000000568e+01,5.072656250000000000e+01
-7.636000000000001364e+01,5.045312500000000000e+01
-7.632000000000000739e+01,5.058593750000000711e+01
-7.628000000000000114e+01,5.043750000000000000e+01
-7.623999999999999488e+01,5.079687500000000000e+01
-7.620000000000000284e+01,5.092187500000000000e+01
-7.615999999999999659e+01,5.050781250000000000e+01
-7.611999999999999034e+01,5.038281250000000000e+01
-7.607999999999999829e+01,5.046093750000000711e+01
-7.604000000000000625e+01,5.096093750000000711e+01
-7.600000000000000000e+01,5.078125000000000000e+01
-7.595999999999999375e+01,5.055468750000000000e+01
-7.592000000000000171e+01,5.019531250000000000e+01
-7.588000000000000966e+01,5.038281250000000000e+01
-7.584000000000000341e+01,5.021093750000000711e+01
-7.579999999999999716e+01,5.045312500000000000e+01
-7.575999999999999091e+01,5.040625000000000000e+01
-7.571999999999999886e+01,5.053125000000000000e+01
-7.568000000000000682e+01,5.102343750000000000e+01
-7.564000000000000057e+01,5.009375000000000000e+01
-7.559999999999999432e+01,5.009375000000000000e+01
-7.556000000000000227e+01,5.017187500000000000e+01
-7.552000000000001023e+01,5.040625000000000000e+01
-7.548000000000000398e+01,5.036718750000000000e+01
-7.543999999999999773e+01,5.071875000000000000e+01
-7.540000000000000568e+01,5.063281250000000000e+01
-7.536000000000001364e+01,5.021875000000000000e+01
-7.532000000000000739e+01,5.027343750000000711e+01
-7.528000000000000114e+01,5.019531250000000000e+01
-7.524000000000000909e+01,5.014843750000000711e+01
-7.520000000000001705e+01,5.107812500000000000e+01
-7.516000000000001080e+01,5.042968750000000000e+01
-7.512000000000000455e+01,5.059375000000000000e+01
-7.507999999999999829e+01,5.052343750000000711e+01
-7.504000000000000625e+01,5.093750000000000711e+01
-7.500000000000000000e+01,5.056250000000000000e+01
-7.495999999999999375e+01,5.011718750000000000e+01
-7.491999999999998749e+01,5.078125000000000000e+01
-7.487999999999999545e+01,5.046093750000000711e+01
-7.484000000000000341e+01,5.025781250000000000e+01
-7.479999999999999716e+01,5.035937500000000000e+01
-7.475999999999999091e+01,5.054687500000000000e+01
-7.471999999999999886e+01,5.052343750000000711e+01
-7.468000000000000682e+01,5.025000000000000000e+01
-7.464000000000000057e+01,5.044531250000000000e+01
-7.459999999999999432e+01,5.014843750000000711e+01
-7.456000000000000227e+01,5.063281250000000000e+01
-7.452000000000001023e+01,5.076562500000000000e+01
-7.448000000000000398e+01,5.075781250000000000e+01
-7.443999999999999773e+01,5.021875000000000000e+01
-7.439999999999999147e+01,5.068750000000000000e+01
-7.435999999999999943e+01,5.068750000000000000e+01
-7.432000000000000739e+01,5.067968750000000000e+01
-7.428000000000000114e+01,5.042187500000000000e+01
-7.423999999999999488e+01,5.082812500000000000e+01
-7.420000000000000284e+01,5.074218750000000000e+01
-7.416000000000001080e+01,5.104687500000000000e+01
-7.412000000000000455e+01,5.054687500000000000e+01
-7.407999999999999829e+01,5.101562500000000000e+01
-7.404000000000000625e+01,5.111718750000000000e+01
-7.400000000000001421e+01,5.038281250000000000e+01
-7.396000000000000796e+01,5.007812500000000000e+01
-7.392000000000000171e+01,5.073437500000000000e+01
-7.388000000000000966e+01,5.039843750000000711e+01
-7.384000000000001762e+01,5.023437500000000000e+01
-7.380000000000001137e+01,5.053125000000000000e+01
-7.376000000000000512e+01,5.083593750000000711e+01
-7.371999999999999886e+01,5.023437500000000000e+01
-7.367999999999999261e+01,5.060937500000000000e+01
-7.364000000000000057e+01,5.046093750000000711e+01
-7.359999999999999432e+01,5.052343750000000711e+01
-7.355999999999998806e+01,5.032031250000000000e+01
-7.351999999999999602e+01,5.018750000000000000e+01
-7.348000000000000398e+01,5.003125000000000000e+01
-7.343999999999999773e+01,5.042187500000000000e+01
-7.339999999999999147e+01,5.054687500000000000e+01
-7.335999999999999943e+01,5.067968750000000000e+01
-7.332000000000000739e+01,5.025000000000000000e+01
-7.328000000000000114e+01,5.075000000000000000e+01
-7.323999999999999488e+01,5.062500000000000000e+01
-7.320000000000000284e+01,5.104687500000000000e+01
-7.316000000000001080e+01,5.065625000000000000e+01
-7.312000000000000455e+01,5.033593750000000711e+01
-7.307999999999999829e+01,5.076562500000000000e+01
-7.304000000000000625e+01,5.050781250000000000e+01
-7.300000000000000000e+01,5.068750000000000000e+01
-7.296000000000000796e+01,5.075781250000000000e+01
-7.292000000000000171e+01,5.182031250000000000e+01
-7.287999999999999545e+01,5.042968750000000000e+01
-7.284000000000000341e+01,5.057812500000000000e+01
-7.280000000000001137e+01,4.994531250000000000e+01
-7.276000000000000512e+01,5.069531250000000000e+01
-7.271999999999999886e+01,5.065625000000000000e+01
-7.268000000000000682e+01,5.042968750000000000e+01
-7.264000000000001478e+01,5.111718750000000000e+01
-7.260000000000000853e+01,5.053906250000000000e+01
-7.256000000000000227e+01,5.035156250000000000e+01
-7.252000000000001023e+01,5.081250000000000000e+01
-7.248000000000000398e+01,5.084375000000000000e+01
-7.243999999999999773e+01,5.022656250000000000e+01
-7.239999999999999147e+01,5.105468750000000000e+01
-7.235999999999999943e+01,5.092968750000000000e+01
-7.231999999999999318e+01,5.070312500000000000e+01
-7.228000000000000114e+01,5.085156250000000000e+01
-7.223999999999999488e+01,5.062500000000000000e+01
-7.219999999999998863e+01,5.087500000000000000e+01
-7.215999999999999659e+01,5.083593750000000711e+01
-7.212000000000000455e+01,5.003906250000000000e+01
-7.207999999999999829e+01,5.105468750000000000e+01
-7.203999999999999204e+01,5.016406250000000000e+01
-7.200000000000000000e+01,5.065625000000000000e+01
-7.196000000000000796e+01,5.058593750000000711e+01
-7.192000000000000171e+01,5.060937500000000000e+01
-7.187999999999999545e+01,5.057812500000000000e+01
-7.184000000000000341e+01,5.049218750000000000e+01
-7.180000000000001137e+01,5.048437500000000000e+01
-7.176000000000000512e+01,5.049218750000000000e+01
-7.171999999999999886e+01,5.067968750000000000e+01
-7.168000000000000682e+01,5.003125000000000000e+01
-7.164000000000001478e+01,5.075000000000000000e+01
-7.160000000000000853e+01,5.051562500000000000e+01
-7.156000000000000227e+01,5.072656250000000000e+01
-7.151999999999999602e+01,5.110937500000000000e+01
-7.148000000000000398e+01,5.078906250000000000e+01
-7.144000000000001194e+01,5.026562500000000000e+01
-7.140000000000000568e+01,5.066406250000000000e+01
-7.135999999999999943e+01,5.014843750000000711e+01
-7.132000000000000739e+01,5.066406250000000000e+01
-7.128000000000001535e+01,5.060937500000000000e+01
-7.124000000000000909e+01,5.084375000000000000e+01
-7.120000000000000284e+01,5.074218750000000000e+01
-7.115999999999999659e+01,5.057812500000000000e+01
-7.112000000000000455e+01,5.104687500000000000e+01
-7.107999999999999829e+01,5.039843750000000711e+01
-7.103999999999999204e+01,5.055468750000000000e+01
-7.100000000000000000e+01,5.094531250000000000e+01
-7.096000000000000796e+01,5.074218750000000000e+01
-7.092000000000000171e+01,5.060156250000000000e+01
-7.087999999999999545e+01,5.024218750000000000e+01
-7.083999999999998920e+01,5.060156250000000000e+01
-7.079999999999999716e+01,5.015625000000000000e+01
-7.076000000000000512e+01,5.082031250000000000e+01
-7.071999999999999886e+01,5.039843750000000711e+01
-7.067999999999999261e+01,5.099218750000000000e+01
-7.064000000000000057e+01,5.068750000000000000e+01
-7.060000000000000853e+01,5.087500000000000000e+01
-7.056000000000000227e+01,5.010156250000000000e+01
-7.051999999999999602e+01,5.024218750000000000e+01
-7.048000000000000398e+01,5.035937500000000000e+01
-7.044000000000001194e+01,5.087500000000000000e+01
-7.040000000000000568e+01,5.054687500000000000e+01
-7.035999999999999943e+01,5.022656250000000000e+01
-7.032000000000000739e+01,5.042187500000000000e+01
-7.028000000000001535e+01,5.021875000000000000e+01
-7.024000000000000909e+01,5.077343750000000711e+01
-7.020000000000000284e+01,5.058593750000000711e+01
-7.015999999999999659e+01,5.045312500000000000e+01
-7.012000000000000455e+01,4.997656250000000000e+01
-7.008000000000001251e+01,5.075781250000000000e+01
-7.004000000000000625e+01,5.081250000000000000e+01
-7.000000000000000000e+01,5.082031250000000000e+01
-6.996000000000000796e+01,5.058593750000000711e+01
-6.992000000000000171e+01,5.040625000000000000e+01
-6.987999999999999545e+01,5.038281250000000000e+01
-6.983999999999998920e+01,5.046093750000000711e+01
-6.979999999999999716e+01,5.042187500000000000e+01
-6.976000000000000512e+01,5.029687500000000000e+01
-6.971999999999999886e+01,5.062500000000000000e+01
-6.967999999999999261e+01,5.013281250000000000e+01
-6.964000000000000057e+01,5.042187500000000000e+01
-6.960000000000000853e+01,5.064062500000000000e+01
-6.956000000000000227e+01,5.046093750000000711e+01
-6.951999999999999602e+01,5.060156250000000000e+01
-6.947999999999998977e+01,5.075000000000000000e+01
-6.943999999999999773e+01,5.060937500000000000e+01
-6.940000000000000568e+01,5.035937500000000000e+01
-6.935999999999999943e+01,5.057031250000000000e+01
-6.931999999999999318e+01,5.034375000000000000e+01
-6.928000000000000114e+01,5.069531250000000000e+01
-6.924000000000000909e+01,5.017187500000000000e+01
-6.920000000000000284e+01,5.061718750000000000e+01
-6.915999999999999659e+01,5.071093750000000711e+01
-6.912000000000000455e+01,5.091406250000000000e+01
-6.908000000000001251e+01,5.076562500000000000e+01
-6.904000000000000625e+01,5.107031250000000000e+01
-6.900000000000000000e+01,5.054687500000000000e+01
-6.896000000000000796e+01,5.032812500000000000e+01
-6.892000000000001592e+01,5.023437500000000000e+01
-6.888000000000000966e+01,5.015625000000000000e+01
-6.884000000000000341e+01,5.039062500000000000e+01
-6.880000000000001137e+01,5.019531250000000000e+01
-6.876000000000000512e+01,5.049218750000000000e+01
-6.872000000000001307e+01,5.060937500000000000e+01
-6.868000000000000682e+01,5.069531250000000000e+01
-6.863999999999998636e+01,5.110156250000000000e+01
-6.859999999999999432e+01,5.083593750000000711e+01
-6.856000000000000227e+01,5.078906250000000000e+01
-6.851999999999999602e+01,5.041406250000000000e+01
-6.847999999999998977e+01,5.067187500000000000e+01
-6.843999999999999773e+01,5.049218750000000000e+01
-6.840000000000000568e+01,5.046875000000000000e+01
-6.835999999999999943e+01,5.060937500000000000e+01
-6.831999999999999318e+01,5.023437500000000000e+01
-6.828000000000000114e+01,5.068750000000000000e+01
-6.824000000000000909e+01,5.062500000000000000e+01
-6.820000000000000284e+01,5.049218750000000000e+01
-6.815999999999999659e+01,5.036718750000000000e+01
-6.812000000000000455e+01,5.105468750000000000e+01
-6.807999999999999829e+01,5.057031250000000000e+01
-6.804000000000000625e+01,5.079687500000000000e+01
-6.800000000000000000e+01,4.996093750000000711e+01
-6.795999999999999375e+01,5.073437500000000000e+01
-6.792000000000000171e+01,5.046093750000000711e+01
-6.788000000000000966e+01,5.067968750000000000e+01
-6.784000000000000341e+01,5.074218750000000000e+01
-6.779999999999999716e+01,5.059375000000000000e+01
-6.776000000000000512e+01,5.088281250000000000e+01
-6.772000000000001307e+01,5.071093750000000711e+01
-6.768000000000000682e+01,5.091406250000000000e+01
-6.764000000000000057e+01,5.038281250000000000e+01
-6.760000000000000853e+01,5.016406250000000000e+01
-6.756000000000001648e+01,4.981250000000000000e+01
-6.752000000000001023e+01,5.003906250000000000e+01
-6.748000000000000398e+01,5.025781250000000000e+01
-6.743999999999999773e+01,5.021093750000000711e+01
-6.740000000000000568e+01,5.035937500000000000e+01
-6.735999999999999943e+01,5.009375000000000000e+01
-6.731999999999999318e+01,5.090625000000000000e+01
-6.727999999999998693e+01,5.060937500000000000e+01
-6.723999999999999488e+01,5.080468750000000000e+01
-6.720000000000000284e+01,5.019531250000000000e+01
-6.715999999999999659e+01,5.060156250000000000e+01
-6.711999999999999034e+01,5.062500000000000000e+01
-6.707999999999999829e+01,5.043750000000000000e+01
-6.704000000000000625e+01,5.034375000000000000e+01
-6.700000000000000000e+01,5.080468750000000000e+01
-6.695999999999999375e+01,5.088281250000000000e+01
-6.692000000000000171e+01,5.052343750000000711e+01
-6.688000000000000966e+01,5.101562500000000000e+01
-6.684000000000000341e+01,5.048437500000000000e+01
-6.679999999999999716e+01,5.058593750000000711e+01
-6.676000000000000512e+01,5.050000000000000000e+01
-6.672000000000001307e+01,4.996875000000000000e+01
-6.668000000000000682e+01,5.043750000000000000e+01
-6.664000000000000057e+01,5.108593750000000000e+01
-6.659999999999999432e+01,5.099218750000000000e+01
-6.656000000000000227e+01,5.118750000000000711e+01
-6.652000000000001023e+01,4.999218750000000000e+01
-6.648000000000000398e+01,5.060156250000000000e+01
-6.643999999999999773e+01,5.077343750000000711e+01
-6.640000000000000568e+01,5.021875000000000000e+01
-6.636000000000001364e+01,5.077343750000000711e+01
-6.632000000000000739e+01,5.098437500000000000e+01
-6.628000000000000114e+01,5.015625000000000000e+01
-6.624000000000000909e+01,5.046875000000000000e+01
-6.620000000000000284e+01,5.027343750000000711e+01
-6.615999999999999659e+01,5.031250000000000000e+01
-6.611999999999999034e+01,5.002343750000000711e+01
-6.607999999999999829e+01,5.063281250000000000e+01
-6.604000000000000625e+01,5.017187500000000000e+01
-6.600000000000000000e+01,5.100781250000000000e+01
-6.595999999999999375e+01,5.057031250000000000e+01
-6.591999999999998749e+01,5.037500000000000000e+01
-6.587999999999999545e+01,5.107031250000000000e+01
-6.584000000000000341e+01,5.061718750000000000e+01
-6.579999999999999716e+01,5.091406250000000000e+01
-6.575999999999999091e+01,5.071093750000000711e+01
-6.571999999999999886e+01,5.081250000000000000e+01
-6.568000000000000682e+01,5.042968750000000000e+01
-6.564000000000000057e+01,4.994531250000000000e+01
-6.559999999999999432e+01,5.034375000000000000e+01
-6.556000000000000227e+01,5.052343750000000711e+01
-6.552000000000001023e+01,5.101562500000000000e+01
-6.548000000000000398e+01,5.086718750000000000e+01
-6.543999999999999773e+01,5.069531250000000000e+01
-6.540000000000000568e+01,5.064843750000000711e+01
-6.536000000000001364e+01,5.078125000000000000e+01
-6.532000000000000739e+01,5.077343750000000711e+01
-6.528000000000000114e+01,5.048437500000000000e+01
-6.523999999999999488e+01,5.072656250000000000e+01
-6.520000000000000284e+01,5.000781250000000000e+01
-6.516000000000001080e+01,5.069531250000000000e+01
-6.512000000000000455e+01,5.114062500000000000e+01
-6.507999999999999829e+01,5.026562500000000000e+01
-6.504000000000000625e+01,4.996093750000000711e+01
-6.500000000000001421e+01,5.082812500000000000e+01
-6.496000000000000796e+01,5.049218750000000000e+01
-6.492000000000000171e+01,5.092968750000000000e+01
-6.487999999999999545e+01,5.007812500000000000e+01
-6.484000000000000341e+01,5.064062500000000000e+01
-6.479999999999999716e+01,5.087500000000000000e+01
-6.475999999999999091e+01,5.053125000000000000e+01
-6.471999999999999886e+01,5.091406250000000000e+01
-6.468000000000000682e+01,5.084375000000000000e+01
-6.464000000000000057e+01,5.030468750000000000e+01
-6.459999999999999432e+01,5.032812500000000000e+01
-6.455999999999998806e+01,5.015625000000000000e+01
-6.451999999999999602e+01,5.009375000000000000e+01
-6.448000000000000398e+01,5.035156250000000000e+01
-6.443999999999999773e+01,5.053906250000000000e+01
-6.439999999999999147e+01,5.067187500000000000e+01
-6.435999999999999943e+01,5.104687500000000000e+01
-6.432000000000000739e+01,5.038281250000000000e+01
-6.428000000000000114e+01,5.065625000000000000e+01
-6.423999999999999488e+01,5.075781250000000000e+01
-6.420000000000000284e+01,5.078906250000000000e+01
-6.416000000000001080e+01,5.074218750000000000e+01
-6.412000000000000455e+01,4.995312500000000000e+01
-6.407999999999999829e+01,5.100000000000000711e+01
-6.404000000000000625e+01,5.094531250000000000e+01
-6.400000000000001421e+01,5.081250000000000000e+01
-6.396000000000000085e+01,5.059375000000000000e+01
-6.391999999999999460e+01,5.056250000000000000e+01
-6.388000000000000256e+01,5.106250000000000711e+01
-6.383999999999999631e+01,5.054687500000000000e+01
-6.380000000000000426e+01,5.044531250000000000e+01
-6.375999999999999801e+01,5.049218750000000000e+01
-6.371999999999999176e+01,5.067187500000000000e+01
-6.367999999999999972e+01,4.982812500000000000e+01
-6.364000000000000767e+01,5.077343750000000711e+01
-6.360000000000000142e+01,5.043750000000000000e+01
-6.355999999999999517e+01,5.075781250000000000e+01
-6.352000000000000313e+01,5.050000000000000000e+01
-6.348000000000001108e+01,5.083593750000000711e+01
-6.344000000000000483e+01,5.078125000000000000e+01
-6.339999999999999858e+01,5.028125000000000000e+01
-6.336000000000000654e+01,4.989062500000000000e+01
-6.332000000000000739e+01,5.011718750000000000e+01
-6.328000000000000114e+01,5.036718750000000000e+01
-6.323999999999999488e+01,5.058593750000000711e+01
-6.320000000000000284e+01,5.037500000000000000e+01
-6.316000000000001080e+01,5.035937500000000000e+01
-6.312000000000000455e+01,5.098437500000000000e+01
-6.307999999999999829e+01,5.092968750000000000e+01
-6.303999999999999204e+01,5.087500000000000000e+01
-6.300000000000000000e+01,5.028906250000000000e+01
-6.296000000000000796e+01,5.025000000000000000e+01
-6.292000000000000171e+01,5.045312500000000000e+01
-6.287999999999999545e+01,5.060156250000000000e+01
-6.284000000000000341e+01,5.078125000000000000e+01
-6.280000000000001137e+01,4.998437500000000711e+01
-6.276000000000000512e+01,5.003906250000000000e+01
-6.271999999999999886e+01,5.009375000000000000e+01
-6.267999999999999972e+01,4.994531250000000000e+01
-6.264000000000000767e+01,5.123437500000000000e+01
-6.260000000000000142e+01,5.061718750000000000e+01
-6.255999999999999517e+01,5.129687500000000000e+01
-6.252000000000000313e+01,5.053125000000000000e+01
-6.248000000000001108e+01,5.096093750000000711e+01
-6.244000000000000483e+01,5.057812500000000000e+01
-6.239999999999999858e+01,5.021875000000000000e+01
-6.235999999999999233e+01,5.065625000000000000e+01
-6.232000000000000028e+01,5.092187500000000000e+01
-6.228000000000000824e+01,5.038281250000000000e+01
-6.224000000000000199e+01,5.050000000000000000e+01
-6.219999999999999574e+01,5.110156250000000000e+01
-6.216000000000000369e+01,5.062500000000000000e+01
-6.212000000000001165e+01,5.065625000000000000e+01
-6.208000000000000540e+01,5.090625000000000000e+01
-6.203999999999999204e+01,5.060937500000000000e+01
-6.200000000000000000e+01,5.085937500000000000e+01
-6.196000000000000796e+01,5.066406250000000000e+01
-6.192000000000000171e+01,5.031250000000000000e+01
-6.187999999999999545e+01,5.022656250000000000e+01
-6.184000000000000341e+01,5.010156250000000000e+01
-6.180000000000001137e+01,5.066406250000000000e+01
-6.176000000000000512e+01,5.103906250000000000e+01
-6.171999999999999886e+01,5.060156250000000000e+01
-6.167999999999999261e+01,5.056250000000000000e+01
-6.164000000000000057e+01,5.034375000000000000e+01
-6.160000000000000853e+01,5.053906250000000000e+01
-6.156000000000000227e+01,5.089843750000000711e+01
-6.151999999999999602e+01,5.065625000000000000e+01
-6.148000000000000398e+01,5.046093750000000711e+01
-6.144000000000000483e+01,5.085156250000000000e+01
-6.139999999999999858e+01,5.039062500000000000e+01
-6.135999999999999233e+01,5.023437500000000000e+01
-6.132000000000000028e+01,5.042968750000000000e+01
-6.128000000000000824e+01,5.069531250000000000e+01
-6.124000000000000199e+01,5.024218750000000000e+01
-6.119999999999999574e+01,5.064062500000000000e+01
-6.116000000000000369e+01,5.156250000000000711e+01
-6.112000000000001165e+01,5.068750000000000000e+01
-6.108000000000000540e+01,5.052343750000000711e+01
-6.103999999999999915e+01,5.042187500000000000e+01
-6.100000000000000000e+01,5.018750000000000000e+01
-6.096000000000000085e+01,5.037500000000000000e+01
-6.092000000000000171e+01,5.054687500000000000e+01
-6.088000000000000256e+01,5.091406250000000000e+01
-6.084000000000000341e+01,5.056250000000000000e+01
-6.079999999999999716e+01,5.083593750000000711e+01
-6.075999999999999801e+01,5.075781250000000000e+01
-6.071999999999999886e+01,5.076562500000000000e+01
-6.067999999999999972e+01,5.032031250000000000e+01
-6.064000000000000057e+01,5.086718750000000000e+01
-6.060000000000000142e+01,5.034375000000000000e+01
-6.056000000000000227e+01,5.065625000000000000e+01
-6.052000000000000313e+01,5.032812500000000000e+01
-6.048000000000000398e+01,5.110937500000000000e+01
-6.044000000000000483e+01,5.065625000000000000e+01
-6.040000000000000568e+01,5.109375000000000000e+01
-6.036000000000000654e+01,5.053125000000000000e+01
-6.032000000000000028e+01,5.088281250000000000e+01
-6.028000000000000114e+01,5.046093750000000711e+01
-6.024000000000000199e+01,5.054687500000000000e+01
-6.020000000000000284e+01,5.041406250000000000e+01
-6.015999999999999659e+01,5.076562500000000000e+01
-6.011999999999999744e+01,5.023437500000000000e+01
-6.007999999999999829e+01,5.058593750000000711e+01
-6.003999999999999915e+01,5.064843750000000711e+01
-6.000000000000000000e+01,5.048437500000000000e+01
-5.996000000000000085e+01,5.052343750000000711e+01
-5.992000000000000171e+01,5.045312500000000000e+01
-5.988000000000000256e+01,5.081250000000000000e+01
-5.984000000000000341e+01,5.097656250000000000e+01
-5.980000000000000426e+01,5.067968750000000000e+01
-5.976000000000000512e+01,5.032031250000000000e+01
-5.972000000000000597e+01,5.048437500000000000e+01
-5.968000000000000682e+01,5.070312500000000000e+01
-5.964000000000000767e+01,5.060156250000000000e+01
-5.960000000000000142e+01,5.085156250000000000e+01
-5.956000000000000227e+01,5.070312500000000000e+01
-5.951999999999999602e+01,5.091406250000000000e+01
-5.947999999999999687e+01,5.050781250000000000e+01
-5.943999999999999773e+01,5.089062500000000000e+01
-5.939999999999999858e+01,5.067968750000000000e+01
-5.935999999999999943e+01,5.089062500000000000e+01
-5.932000000000000028e+01,5.085937500000000000e+01
-5.928000000000000114e+01,5.084375000000000000e+01
-5.924000000000000199e+01,5.053125000000000000e+01
-5.920000000000000284e+01,5.085156250000000000e+01
-5.916000000000000369e+01,5.033593750000000711e+01
-5.912000000000000455e+01,5.081250000000000000e+01
-5.908000000000000540e+01,5.066406250000000000e+01
-5.904000000000000625e+01,5.053125000000000000e+01
-5.900000000000000711e+01,5.046875000000000000e+01
-5.896000000000000796e+01,5.086718750000000000e+01
-5.892000000000000171e+01,5.085156250000000000e+01
-5.888000000000000256e+01,5.040625000000000000e+01
-5.883999999999999631e+01,5.090625000000000000e+01
-5.880000000000000426e+01,5.069531250000000000e+01
-5.875999999999999801e+01,5.082812500000000000e+01
-5.872000000000000597e+01,5.079687500000000000e+01
-5.867999999999999972e+01,5.050781250000000000e+01
-5.864000000000000767e+01,5.039843750000000711e+01
-5.860000000000000142e+01,5.092968750000000000e+01
-5.855999999999999517e+01,5.100000000000000711e+01
-5.852000000000000313e+01,5.060156250000000000e+01
-5.847999999999999687e+01,5.089062500000000000e+01
-5.844000000000000483e+01,5.014843750000000711e+01
-5.839999999999999858e+01,5.079687500000000000e+01
-5.836000000000000654e+01,5.012500000000000000e+01
-5.832000000000000028e+01,5.050781250000000000e+01
-5.828000000000000114e+01,5.110156250000000000e+01
-5.823999999999999488e+01,5.046875000000000000e+01
-5.820000000000000284e+01,5.068750000000000000e+01
-5.815999999999999659e+01,4.975781250000000000e+01
-5.812000000000000455e+01,5.114843750000000000e+01
-5.807999999999999829e+01,5.063281250000000000e+01
-5.804000000000000625e+01,5.095312500000000000e+01
-5.800000000000000000e+01,5.080468750000000000e+01
-5.796000000000000796e+01,5.075781250000000000e+01
-5.792000000000000171e+01,5.061718750000000000e+01
-5.788000000000000966e+01,5.059375000000000000e+01
-5.784000000000000341e+01,5.058593750000000711e+01
-5.779999999999999716e+01,5.036718750000000000e+01
-5.776000000000000512e+01,5.088281250000000000e+01
-5.771999999999999886e+01,5.064062500000000000e+01
-5.768000000000000682e+01,5.078906250000000000e+01
-5.763999999999999346e+01,5.068750000000000000e+01
-5.760000000000000142e+01,5.057031250000000000e+01
-5.755999999999999517e+01,5.110937500000000000e+01
-5.752000000000000313e+01,5.038281250000000000e+01
-5.747999999999999687e+01,5.028125000000000000e+01
-5.744000000000000483e+01,5.060156250000000000e+01
-5.739999999999999858e+01,5.106250000000000711e+01
-5.736000000000000654e+01,5.085937500000000000e+01
-5.732000000000000028e+01,5.052343750000000711e+01
-5.728000000000000824e+01,5.002343750000000711e+01
-5.724000000000000199e+01,5.079687500000000000e+01
-5.720000000000000995e+01,5.082812500000000000e+01
-5.716000000000000369e+01,5.062500000000000000e+01
-5.711999999999999744e+01,5.071875000000000000e+01
-5.708000000000000540e+01,5.084375000000000000e+01
-5.703999999999999915e+01,5.035156250000000000e+01
-5.700000000000000000e+01,5.072656250000000000e+01
-5.695999999999999375e+01,4.964062500000000000e+01
-5.692000000000000171e+01,5.067968750000000000e+01
-5.687999999999999545e+01,5.055468750000000000e+01
-5.684000000000000341e+01,5.039843750000000711e+01
-5.679999999999999716e+01,5.050781250000000000e+01
-5.676000000000000512e+01,5.067187500000000000e+01
-5.671999999999999886e+01,5.060937500000000000e+01
-5.668000000000000682e+01,5.023437500000000000e+01
-5.664000000000000057e+01,5.089843750000000711e+01
-5.660000000000000853e+01,5.021875000000000000e+01
-5.656000000000000227e+01,5.121093750000000000e+01
-5.652000000000001023e+01,5.071093750000000711e+01
-5.648000000000000398e+01,5.054687500000000000e+01
-5.643999999999999773e+01,5.070312500000000000e+01
-5.639999999999999858e+01,5.069531250000000000e+01
-5.635999999999999233e+01,5.062500000000000000e+01
-5.632000000000000028e+01,5.107031250000000000e+01
-5.627999999999999403e+01,5.046875000000000000e+01
-5.624000000000000199e+01,5.113281250000000000e+01
-5.619999999999999574e+01,5.055468750000000000e+01
-5.616000000000000369e+01,5.057812500000000000e+01
-5.611999999999999744e+01,5.060937500000000000e+01
-5.608000000000000540e+01,5.038281250000000000e+01
-5.603999999999999915e+01,5.075000000000000000e+01
-5.600000000000000711e+01,5.042187500000000000e+01
-5.596000000000000085e+01,5.081250000000000000e+01
-5.592000000000000881e+01,5.082031250000000000e+01
-5.588000000000000256e+01,5.025781250000000000e+01
-5.584000000000001052e+01,5.019531250000000000e+01
-5.580000000000000426e+01,5.043750000000000000e+01
-5.576000000000000512e+01,5.079687500000000000e+01
-5.571999999999999886e+01,5.021093750000000711e+01
-5.567999999999999261e+01,5.043750000000000000e+01
-5.564000000000000057e+01,5.057031250000000000e+01
-5.559999999999999432e+01,5.057031250000000000e+01
-5.556000000000000227e+01,5.057812500000000000e+01
-5.551999999999999602e+01,5.055468750000000000e+01
-5.548000000000000398e+01,5.062500000000000000e+01
-5.543999999999999773e+01,5.096875000000000000e+01
-5.540000000000000568e+01,5.067187500000000000e+01
-5.535999999999999943e+01,5.092187500000000000e+01
-5.532000000000000739e+01,5.032031250000000000e+01
-5.528000000000000114e+01,5.082031250000000000e+01
-5.524000000000000909e+01,5.058593750000000711e+01
-5.520000000000000284e+01,5.060937500000000000e+01
-5.516000000000000369e+01,5.087500000000000000e+01
-5.511999999999999744e+01,5.085937500000000000e+01
-5.508000000000000540e+01,5.104687500000000000e+01
-5.503999999999999915e+01,5.057812500000000000e+01
-5.499999999999999289e+01,5.110937500000000000e+01
-5.496000000000000085e+01,5.055468750000000000e+01
-5.491999999999999460e+01,5.017187500000000000e+01
-5.488000000000000256e+01,5.017968750000000000e+01
-5.483999999999999631e+01,5.077343750000000711e+01
-5.480000000000000426e+01,5.101562500000000000e+01
-5.475999999999999801e+01,5.037500000000000000e+01
-5.472000000000000597e+01,5.052343750000000711e+01
-5.467999999999999972e+01,5.035937500000000000e+01
-5.464000000000000767e+01,5.092968750000000000e+01
-5.460000000000000142e+01,5.068750000000000000e+01
-5.456000000000000938e+01,5.075781250000000000e+01
-5.452000000000000313e+01,5.042968750000000000e+01
-5.448000000000000398e+01,5.023437500000000000e+01
-5.443999999999999773e+01,5.033593750000000711e+01
-5.440000000000000568e+01,5.103125000000000000e+01
-5.435999999999999943e+01,5.042187500000000000e+01
-5.431999999999999318e+01,5.051562500000000000e+01
-5.428000000000000114e+01,5.053125000000000000e+01
-5.423999999999999488e+01,5.072656250000000000e+01
-5.420000000000000284e+01,5.035156250000000000e+01
-5.415999999999999659e+01,5.049218750000000000e+01
-5.412000000000000455e+01,5.089843750000000711e+01
-5.407999999999999829e+01,5.044531250000000000e+01
-5.404000000000000625e+01,5.029687500000000000e+01
-5.400000000000000000e+01,5.065625000000000000e+01
-5.396000000000000796e+01,5.047656250000000000e+01
-5.392000000000000171e+01,5.021093750000000711e+01
-5.388000000000000256e+01,5.065625000000000000e+01
-5.383999999999999631e+01,5.040625000000000000e+01
-5.380000000000000426e+01,5.087500000000000000e+01
-5.375999999999999801e+01,5.046093750000000711e+01
-5.372000000000000597e+01,5.016406250000000000e+01
-5.367999999999999972e+01,5.030468750000000000e+01
-5.364000000000000767e+01,5.071875000000000000e+01
-5.360000000000000142e+01,5.104687500000000000e+01
-5.355999999999999517e+01,5.053906250000000000e+01
-5.352000000000000313e+01,5.039843750000000711e+01
-5.347999999999999687e+01,5.031250000000000000e+01
-5.344000000000000483e+01,5.034375000000000000e+01
-5.339999999999999858e+01,5.038281250000000000e+01
-5.336000000000000654e+01,5.017187500000000000e+01
-5.332000000000000028e+01,5.005468750000000000e+01
-5.328000000000000824e+01,5.014062500000000000e+01
-5.324000000000000199e+01,5.070312500000000000e+01
-5.320000000000000284e+01,5.063281250000000000e+01
-5.315999999999999659e+01,5.063281250000000000e+01
-5.312000000000000455e+01,5.076562500000000000e+01
-5.307999999999999829e+01,5.085937500000000000e+01
-5.304000000000000625e+01,5.014062500000000000e+01
-5.300000000000000000e+01,5.067968750000000000e+01
-5.296000000000000796e+01,5.017187500000000000e+01
-5.292000000000000171e+01,5.066406250000000000e+01
-5.287999999999999545e+01,5.009375000000000000e+01
-5.284000000000000341e+01,5.059375000000000000e+01
-5.279999999999999716e+01,5.043750000000000000e+01
-5.276000000000000512e+01,5.026562500000000000e+01
-5.271999999999999886e+01,5.067187500000000000e+01
-5.268000000000000682e+01,5.044531250000000000e+01
-5.264000000000000057e+01,5.030468750000000000e+01
-5.260000000000000142e+01,5.054687500000000000e+01
-5.255999999999999517e+01,5.064062500000000000e+01
-5.252000000000000313e+01,5.061718750000000000e+01
-5.247999999999999687e+01,5.114843750000000000e+01
-5.244000000000000483e+01,5.072656250000000000e+01
-5.239999999999999858e+01,5.084375000000000000e+01
-5.236000000000000654e+01,5.072656250000000000e+01
-5.232000000000000028e+01,5.032812500000000000e+01
-5.228000000000000824e+01,5.037500000000000000e+01
-5.224000000000000199e+01,5.085156250000000000e+01
-5.219999999999999574e+01,5.079687500000000000e+01
-5.216000000000000369e+01,5.078906250000000000e+01
-5.211999999999999744e+01,5.086718750000000000e+01
-5.208000000000000540e+01,5.030468750000000000e+01
-5.203999999999999915e+01,5.099218750000000000e+01
-5.200000000000000711e+01,5.097656250000000000e+01
-5.195999999999999375e+01,5.064843750000000711e+01
-5.192000000000000171e+01,5.117968750000000000e+01
-5.187999999999999545e+01,5.087500000000000000e+01
-5.184000000000000341e+01,5.038281250000000000e+01
-5.179999999999999716e+01,5.038281250000000000e+01
-5.176000000000000512e+01,5.027343750000000711e+01
-5.171999999999999886e+01,5.035937500000000000e+01
-5.168000000000000682e+01,5.007031250000000000e+01
-5.164000000000000057e+01,5.067968750000000000e+01
-5.160000000000000853e+01,5.109375000000000000e+01
-5.156000000000000227e+01,5.107812500000000000e+01
-5.152000000000001023e+01,5.067968750000000000e+01
-5.148000000000000398e+01,5.072656250000000000e+01
-5.143999999999999773e+01,5.065625000000000000e+01
-5.140000000000000568e+01,5.068750000000000000e+01
-5.135999999999999943e+01,5.066406250000000000e+01
-5.132000000000000028e+01,5.028906250000000000e+01
-5.127999999999999403e+01,5.071093750000000711e+01
-5.124000000000000199e+01,5.083593750000000711e+01
-5.119999999999999574e+01,5.032812500000000000e+01
-5.116000000000000369e+01,5.067187500000000000e+01
-5.111999999999999744e+01,5.029687500000000000e+01
-5.108000000000000540e+01,5.077343750000000711e+01
-5.103999999999999915e+01,5.076562500000000000e+01
-5.100000000000000711e+01,5.039062500000000000e+01
-5.096000000000000085e+01,5.060156250000000000e+01
-5.092000000000000881e+01,4.989843750000000000e+01
-5.088000000000000256e+01,5.007031250000000000e+01
-5.084000000000001052e+01,5.103906250000000000e+01
-5.080000000000000426e+01,5.059375000000000000e+01
-5.075999999999999801e+01,5.114843750000000000e+01
-5.071999999999999886e+01,5.052343750000000711e+01
-5.067999999999999261e+01,5.087500000000000000e+01
-5.064000000000000057e+01,5.061718750000000000e+01
-5.059999999999999432e+01,5.063281250000000000e+01
-5.056000000000000227e+01,5.064843750000000711e+01
-5.051999999999999602e+01,5.000000000000000000e+01
-5.048000000000000398e+01,5.098437500000000000e+01
-5.043999999999999773e+01,5.068750000000000000e+01
-5.040000000000000568e+01,5.057031250000000000e+01
-5.035999999999999943e+01,5.012500000000000000e+01
-5.032000000000000739e+01,5.040625000000000000e+01
-5.028000000000000114e+01,5.101562500000000000e+01
-5.024000000000000909e+01,5.077343750000000711e+01
-5.020000000000000284e+01,5.078125000000000000e+01
-5.016000000000001080e+01,5.073437500000000000e+01
-5.012000000000000455e+01,5.046875000000000000e+01
-5.007999999999999829e+01,5.079687500000000000e+01
-5.003999999999999915e+01,5.063281250000000000e+01
-4.999999999999999289e+01,5.065625000000000000e+01
-4.996000000000000085e+01,4.985937500000000711e+01
-4.991999999999999460e+01,5.061718750000000000e+01
-4.988000000000000256e+01,5.053906250000000000e+01
-4.983999999999999631e+01,5.151562500000000000e+01
-4.980000000000000426e+01,5.050000000000000000e+01
-4.975999999999999801e+01,5.064062500000000000e+01
-4.972000000000000597e+01,5.089062500000000000e+01
-4.967999999999999972e+01,4.992968750000000000e+01
-4.964000000000000767e+01,5.052343750000000711e+01
-4.960000000000000142e+01,5.085156250000000000e+01
-4.956000000000000938e+01,5.097656250000000000e+01
-4.952000000000000313e+01,5.072656250000000000e+01
-4.948000000000000398e+01,5.040625000000000000e+01
-4.943999999999999773e+01,5.127343750000000000e+01
-4.940000000000000568e+01,5.123437500000000000e+01
-4.935999999999999943e+01,5.025000000000000000e+01
-4.931999999999999318e+01,5.086718750000000000e+01
-4.928000000000000114e+01,5.046875000000000000e+01
-4.923999999999999488e+01,5.057031250000000000e+01
-4.920000000000000284e+01,5.037500000000000000e+01
-4.915999999999999659e+01,5.080468750000000000e+01
-4.912000000000000455e+01,5.044531250000000000e+01
-4.907999999999999829e+01,5.030468750000000000e+01
-4.904000000000000625e+01,5.039843750000000711e+01
-4.900000000000000000e+01,5.079687500000000000e+01
-4.896000000000000796e+01,5.085156250000000000e+01
-4.892000000000000171e+01,5.038281250000000000e+01
-4.888000000000000966e+01,5.139843750000000000e+01
-4.884000000000000341e+01,5.086718750000000000e+01
-4.880000000000000426e+01,5.089062500000000000e+01
-4.875999999999999801e+01,5.084375000000000000e+01
-4.872000000000000597e+01,5.121875000000000000e+01
-4.867999999999999972e+01,5.052343750000000711e+01
-4.863999999999999346e+01,5.093750000000000711e+01
-4.860000000000000142e+01,5.030468750000000000e+01
-4.855999999999999517e+01,5.011718750000000000e+01
-4.852000000000000313e+01,5.071093750000000711e+01
-4.847999999999999687e+01,5.071875000000000000e+01
-4.844000000000000483e+01,5.015625000000000000e+01
-4.839999999999999858e+01,5.017968750000000000e+01
-4.836000000000000654e+01,4.996093750000000711e+01
-4.832000000000000028e+01,5.064062500000000000e+01
-4.828000000000000824e+01,5.047656250000000000e+01
-4.824000000000000199e+01,5.072656250000000000e+01
-4.820000000000000284e+01,5.112500000000000711e+01
-4.815999999999999659e+01,5.099218750000000000e+01
-4.812000000000000455e+01,5.029687500000000000e+01
-4.807999999999999829e+01,5.088281250000000000e+01
-4.804000000000000625e+01,5.040625000000000000e+01
-4.800000000000000000e+01,5.103125000000000000e+01
-4.795999999999999375e+01,5.064843750000000711e+01
-4.792000000000000171e+01,5.075000000000000000e+01
-4.787999999999999545e+01,5.076562500000000000e+01
-4.784000000000000341e+01,5.039062500000000000e+01
-4.779999999999999716e+01,5.042968750000000000e+01
-4.776000000000000512e+01,5.098437500000000000e+01
-4.771999999999999886e+01,5.041406250000000000e+01
-4.768000000000000682e+01,5.074218750000000000e+01
-4.764000000000000057e+01,5.044531250000000000e+01
-4.760000000000000853e+01,5.060937500000000000e+01
-4.755999999999999517e+01,5.084375000000000000e+01
-4.752000000000000313e+01,5.052343750000000711e+01
-4.747999999999999687e+01,5.025000000000000000e+01
-4.744000000000000483e+01,5.050781250000000000e+01
-4.739999999999999858e+01,5.004687500000000000e+01
-4.736000000000000654e+01,5.060937500000000000e+01
-4.732000000000000028e+01,5.056250000000000000e+01
-4.728000000000000824e+01,5.085937500000000000e+01
-4.724000000000000199e+01,5.060156250000000000e+01
-4.719999999999999574e+01,5.091406250000000000e+01
-4.716000000000000369e+01,5.073437500000000000e+01
-4.711999999999999744e+01,5.038281250000000000e+01
-4.708000000000000540e+01,5.041406250000000000e+01
-4.703999999999999915e+01,5.089843750000000711e+01
-4.700000000000000711e+01,5.092968750000000000e+01
-4.696000000000000085e+01,5.053125000000000000e+01
-4.692000000000000171e+01,5.067968750000000000e+01
-4.687999999999999545e+01,5.054687500000000000e+01
-4.684000000000000341e+01,5.032812500000000000e+01
-4.679999999999999716e+01,5.081250000000000000e+01
-4.676000000000000512e+01,5.119531250000000000e+01
-4.671999999999999886e+01,5.072656250000000000e+01
-4.668000000000000682e+01,5.059375000000000000e+01
-4.664000000000000057e+01,5.075781250000000000e+01
-4.660000000000000853e+01,5.061718750000000000e+01
-4.656000000000000227e+01,5.073437500000000000e+01
-4.651999999999999602e+01,5.042968750000000000e+01
-4.648000000000000398e+01,5.093750000000000711e+01
-4.643999999999999773e+01,5.056250000000000000e+01
-4.640000000000000568e+01,5.050000000000000000e+01
-4.635999999999999943e+01,5.083593750000000711e+01
-4.632000000000000028e+01,4.990625000000000000e+01
-4.627999999999999403e+01,5.029687500000000000e+01
-4.624000000000000199e+01,5.076562500000000000e+01
-4.619999999999999574e+01,4.998437500000000711e+01
-4.616000000000000369e+01,5.061718750000000000e+01
-4.611999999999999744e+01,5.032812500000000000e+01
-4.608000000000000540e+01,5.062500000000000000e+01
-4.603999999999999915e+01,5.097656250000000000e+01
-4.600000000000000711e+01,5.041406250000000000e+01
-4.596000000000000085e+01,5.086718750000000000e+01
-4.592000000000000881e+01,5.098437500000000000e+01
-4.588000000000000256e+01,5.031250000000000000e+01
-4.583999999999999631e+01,5.069531250000000000e+01
-4.580000000000000426e+01,5.075781250000000000e+01
-4.575999999999999801e+01,5.034375000000000000e+01
-4.572000000000000597e+01,5.039062500000000000e+01
-4.567999999999999972e+01,5.094531250000000000e+01
-4.564000000000000057e+01,5.053906250000000000e+01
-4.559999999999999432e+01,5.067187500000000000e+01
-4.556000000000000227e+01,5.075000000000000000e+01
-4.551999999999999602e+01,5.075781250000000000e+01
-4.548000000000000398e+01,5.063281250000000000e+01
-4.543999999999999773e+01,5.062500000000000000e+01
-4.540000000000000568e+01,5.051562500000000000e+01
-4.535999999999999943e+01,5.057812500000000000e+01
-4.532000000000000739e+01,5.087500000000000000e+01
-4.528000000000000114e+01,5.015625000000000000e+01
-4.524000000000000909e+01,5.050000000000000000e+01
-4.520000000000000284e+01,5.067968750000000000e+01
-4.516000000000001080e+01,5.053125000000000000e+01
-4.512000000000000455e+01,5.060156250000000000e+01
-4.507999999999999829e+01,5.058593750000000711e+01
-4.503999999999999915e+01,5.037500000000000000e+01
-4.499999999999999289e+01,5.047656250000000000e+01
-4.496000000000000085e+01,5.080468750000000000e+01
-4.491999999999999460e+01,5.122656250000000000e+01
-4.488000000000000256e+01,5.074218750000000000e+01
-4.483999999999999631e+01,5.115625000000000000e+01
-4.480000000000000426e+01,5.087500000000000000e+01
-4.475999999999999801e+01,5.065625000000000000e+01
-4.472000000000000597e+01,5.098437500000000000e+01
-4.467999999999999972e+01,5.046875000000000000e+01
-4.464000000000000767e+01,5.032812500000000000e+01
-4.460000000000000142e+01,5.025781250000000000e+01
-4.456000000000000938e+01,5.029687500000000000e+01
-4.452000000000000313e+01,5.024218750000000000e+01
-4.448000000000001108e+01,5.111718750000000000e+01
-4.444000000000000483e+01,5.143750000000000711e+01
-4.439999999999999147e+01,5.042187500000000000e+01
-4.435999999999999943e+01,5.119531250000000000e+01
-4.431999999999999318e+01,5.034375000000000000e+01
-4.428000000000000114e+01,5.121875000000000000e+01
-4.423999999999999488e+01,5.081250000000000000e+01
-4.420000000000000284e+01,5.046093750000000711e+01
-4.415999999999999659e+01,5.048437500000000000e+01
-4.412000000000000455e+01,5.060937500000000000e+01
-4.407999999999999829e+01,5.035937500000000000e+01
-4.404000000000000625e+01,5.036718750000000000e+01
-4.400000000000000000e+01,5.011718750000000000e+01
-4.396000000000000796e+01,5.082812500000000000e+01
-4.392000000000000171e+01,5.042187500000000000e+01
-4.388000000000000966e+01,5.046875000000000000e+01
-4.384000000000000341e+01,4.968750000000000000e+01
-4.380000000000000426e+01,5.082031250000000000e+01
-4.375999999999999801e+01,5.038281250000000000e+01
-4.371999999999999176e+01,5.092968750000000000e+01
-4.367999999999999972e+01,5.054687500000000000e+01
-4.363999999999999346e+01,5.046875000000000000e+01
-4.360000000000000142e+01,5.032031250000000000e+01
-4.355999999999999517e+01,5.039843750000000711e+01
-4.352000000000000313e+01,5.082812500000000000e+01
-4.347999999999999687e+01,5.110156250000000000e+01
-4.344000000000000483e+01,5.079687500000000000e+01
-4.339999999999999858e+01,5.075000000000000000e+01
-4.336000000000000654e+01,5.111718750000000000e+01
-4.332000000000000028e+01,5.082812500000000000e+01
-4.328000000000000824e+01,5.095312500000000000e+01
-4.324000000000000199e+01,5.105468750000000000e+01
-4.320000000000000995e+01,5.057031250000000000e+01
-4.315999999999999659e+01,5.109375000000000000e+01
-4.312000000000000455e+01,5.018750000000000000e+01
-4.307999999999999829e+01,5.033593750000000711e+01
-4.304000000000000625e+01,5.088281250000000000e+01
-4.300000000000000000e+01,5.082812500000000000e+01
-4.295999999999999375e+01,5.033593750000000711e+01
-4.292000000000000171e+01,5.073437500000000000e+01
-4.287999999999999545e+01,5.065625000000000000e+01
-4.284000000000000341e+01,5.084375000000000000e+01
-4.279999999999999716e+01,5.128125000000000000e+01
-4.276000000000000512e+01,5.080468750000000000e+01
-4.271999999999999886e+01,5.108593750000000000e+01
-4.268000000000000682e+01,5.073437500000000000e+01
-4.264000000000000057e+01,5.121875000000000000e+01
-4.260000000000000853e+01,5.078125000000000000e+01
-4.256000000000000227e+01,5.014843750000000711e+01
-4.252000000000000313e+01,5.057031250000000000e+01
-4.247999999999999687e+01,5.103125000000000000e+01
-4.244000000000000483e+01,5.054687500000000000e+01
-4.239999999999999858e+01,5.060156250000000000e+01
-4.236000000000000654e+01,5.110937500000000000e+01
-4.232000000000000028e+01,5.048437500000000000e+01
-4.227999999999999403e+01,5.032812500000000000e+01
-4.224000000000000199e+01,5.006250000000000000e+01
-4.219999999999999574e+01,5.009375000000000000e+01
-4.216000000000000369e+01,5.041406250000000000e+01
-4.211999999999999744e+01,5.071875000000000000e+01
-4.208000000000000540e+01,5.039062500000000000e+01
-4.203999999999999915e+01,5.068750000000000000e+01
-4.200000000000000711e+01,5.107031250000000000e+01
-4.196000000000000085e+01,5.047656250000000000e+01
-4.192000000000000171e+01,5.089062500000000000e+01
-4.187999999999999545e+01,4.989843750000000000e+01
-4.184000000000000341e+01,5.086718750000000000e+01
-4.179999999999999716e+01,5.057031250000000000e+01
-4.176000000000000512e+01,5.041406250000000000e+01
-4.171999999999999886e+01,5.019531250000000000e+01
-4.168000000000000682e+01,5.090625000000000000e+01
-4.164000000000000057e+01,5.039843750000000711e+01
-4.159999999999999432e+01,5.055468750000000000e+01
-4.156000000000000227e+01,5.050781250000000000e+01
-4.151999999999999602e+01,5.098437500000000000e+01
-4.148000000000000398e+01,5.060156250000000000e+01
-4.143999999999999773e+01,5.049218750000000000e+01
-4.140000000000000568e+01,5.072656250000000000e+01
-4.135999999999999943e+01,5.037500000000000000e+01
-4.132000000000000739e+01,5.075781250000000000e+01
-4.128000000000000114e+01,5.077343750000000711e+01
-4.124000000000000199e+01,5.056250000000000000e+01
-4.119999999999999574e+01,5.065625000000000000e+01
-4.116000000000000369e+01,5.085937500000000000e+01
-4.111999999999999744e+01,5.040625000000000000e+01
-4.108000000000000540e+01,5.048437500000000000e+01
-4.103999999999999915e+01,5.066406250000000000e+01
-4.100000000000000711e+01,5.051562500000000000e+01
-4.096000000000000085e+01,5.085156250000000000e+01
-4.092000000000000881e+01,5.090625000000000000e+01
-4.088000000000000256e+01,5.092968750000000000e+01
-4.083999999999999631e+01,5.067968750000000000e+01
-4.080000000000000426e+01,5.118750000000000711e+01
-4.075999999999999801e+01,4.994531250000000000e+01
-4.072000000000000597e+01,5.077343750000000711e+01
-4.067999999999999972e+01,5.064062500000000000e+01
-4.064000000000000057e+01,5.039843750000000711e+01
-4.059999999999999432e+01,5.074218750000000000e+01
-4.056000000000000227e+01,5.040625000000000000e+01
-4.051999999999999602e+01,5.064062500000000000e+01
-4.048000000000000398e+01,5.053906250000000000e+01
-4.043999999999999773e+01,5.056250000000000000e+01
-4.040000000000000568e+01,5.139843750000000000e+01
-4.035999999999999943e+01,5.023437500000000000e+01
-4.032000000000000739e+01,5.070312500000000000e+01
-4.028000000000000114e+01,5.059375000000000000e+01
-4.024000000000000909e+01,5.040625000000000000e+01
-4.020000000000000284e+01,5.050000000000000000e+01
-4.015999999999999659e+01,5.046093750000000711e+01
-4.012000000000000455e+01,5.071875000000000000e+01
-4.007999999999999829e+01,5.102343750000000000e+01
-4.004000000000000625e+01,5.042968750000000000e+01
-4.000000000000000000e+01,5.082812500000000000e+01
-3.996000000000000085e+01,5.054687500000000000e+01
-3.991999999999999460e+01,5.038281250000000000e+01
-3.988000000000000256e+01,5.019531250000000000e+01
-3.983999999999999631e+01,5.062500000000000000e+01
-3.980000000000000426e+01,5.082812500000000000e+01
-3.975999999999999801e+01,5.071875000000000000e+01
-3.972000000000000597e+01,5.076562500000000000e+01
-3.967999999999999972e+01,5.091406250000000000e+01
-3.964000000000000767e+01,5.121093750000000000e+01
-3.960000000000000142e+01,5.049218750000000000e+01
-3.956000000000000938e+01,5.012500000000000000e+01
-3.952000000000000313e+01,5.055468750000000000e+01
-3.947999999999999687e+01,5.042968750000000000e+01
-3.944000000000000483e+01,5.110156250000000000e+01
-3.939999999999999858e+01,5.021875000000000000e+01
-3.935999999999999943e+01,5.061718750000000000e+01
-3.931999999999999318e+01,5.060156250000000000e+01
-3.928000000000000114e+01,5.071093750000000711e+01
-3.923999999999999488e+01,5.067187500000000000e+01
-3.920000000000000284e+01,5.032812500000000000e+01
-3.915999999999999659e+01,5.050000000000000000e+01
-3.912000000000000455e+01,5.040625000000000000e+01
-3.907999999999999829e+01,4.991406250000000000e+01
-3.904000000000000625e+01,5.075000000000000000e+01
-3.900000000000000000e+01,5.017187500000000000e+01
-3.896000000000000796e+01,5.069531250000000000e+01
-3.892000000000000171e+01,5.064062500000000000e+01
-3.888000000000000966e+01,5.051562500000000000e+01
-3.884000000000000341e+01,5.042968750000000000e+01
-3.880000000000001137e+01,5.046875000000000000e+01
-3.876000000000000512e+01,5.082812500000000000e+01
-3.871999999999999176e+01,5.041406250000000000e+01
-3.867999999999999972e+01,5.110937500000000000e+01
-3.863999999999999346e+01,5.089062500000000000e+01
-3.860000000000000142e+01,5.079687500000000000e+01
-3.855999999999999517e+01,5.071875000000000000e+01
-3.852000000000000313e+01,5.044531250000000000e+01
-3.847999999999999687e+01,5.042968750000000000e+01
-3.844000000000000483e+01,5.068750000000000000e+01
-3.839999999999999858e+01,5.017968750000000000e+01
-3.836000000000000654e+01,5.070312500000000000e+01
-3.832000000000000028e+01,5.061718750000000000e+01
-3.828000000000000824e+01,5.061718750000000000e+01
-3.824000000000000199e+01,5.108593750000000000e+01
-3.820000000000000995e+01,5.053906250000000000e+01
-3.816000000000000369e+01,5.014843750000000711e+01
-3.812000000000000455e+01,5.048437500000000000e+01
-3.807999999999999829e+01,4.981250000000000000e+01
-3.803999999999999204e+01,5.025781250000000000e+01
-3.800000000000000000e+01,5.075000000000000000e+01
-3.795999999999999375e+01,5.071093750000000711e+01
-3.792000000000000171e+01,5.064843750000000711e+01
-3.787999999999999545e+01,5.046093750000000711e+01
-3.784000000000000341e+01,5.073437500000000000e+01
-3.779999999999999716e+01,5.103906250000000000e+01
-3.776000000000000512e+01,5.052343750000000711e+01
-3.771999999999999886e+01,5.094531250000000000e+01
-3.768000000000000682e+01,5.033593750000000711e+01
-3.764000000000000057e+01,5.045312500000000000e+01
-3.760000000000000853e+01,5.078125000000000000e+01
-3.756000000000000227e+01,5.033593750000000711e+01
-3.752000000000001023e+01,5.067187500000000000e+01
-3.747999999999999687e+01,5.032812500000000000e+01
-3.744000000000000483e+01,5.083593750000000711e+01
-3.739999999999999858e+01,5.051562500000000000e+01
-3.735999999999999233e+01,4.997656250000000000e+01
-3.732000000000000028e+01,5.085156250000000000e+01
-3.727999999999999403e+01,5.096093750000000711e+01
-3.724000000000000199e+01,5.094531250000000000e+01
-3.719999999999999574e+01,5.071093750000000711e+01
-3.716000000000000369e+01,5.050000000000000000e+01
-3.711999999999999744e+01,5.063281250000000000e+01
-3.708000000000000540e+01,5.060156250000000000e+01
-3.703999999999999915e+01,5.017187500000000000e+01
-3.700000000000000711e+01,5.114062500000000000e+01
-3.696000000000000085e+01,5.037500000000000000e+01
-3.692000000000000881e+01,5.082031250000000000e+01
-3.688000000000000256e+01,5.025781250000000000e+01
-3.684000000000000341e+01,5.039843750000000711e+01
-3.679999999999999716e+01,5.110156250000000000e+01
-3.676000000000000512e+01,5.073437500000000000e+01
-3.671999999999999886e+01,5.061718750000000000e+01
-3.668000000000000682e+01,5.053125000000000000e+01
-3.664000000000000057e+01,5.070312500000000000e+01
-3.659999999999999432e+01,5.011718750000000000e+01
-3.656000000000000227e+01,5.061718750000000000e+01
-3.651999999999999602e+01,5.087500000000000000e+01
-3.648000000000000398e+01,5.039062500000000000e+01
-3.643999999999999773e+01,5.055468750000000000e+01
-3.640000000000000568e+01,5.001562500000000000e+01
-3.635999999999999943e+01,5.070312500000000000e+01
-3.632000000000000739e+01,5.068750000000000000e+01
-3.628000000000000114e+01,5.067968750000000000e+01
-3.624000000000000199e+01,5.087500000000000000e+01
-3.619999999999999574e+01,5.048437500000000000e+01
-3.616000000000000369e+01,5.085156250000000000e+01
-3.611999999999999744e+01,5.064843750000000711e+01
-3.608000000000000540e+01,5.070312500000000000e+01
-3.603999999999999915e+01,5.107812500000000000e+01
-3.600000000000000711e+01,5.035156250000000000e+01
-3.596000000000000085e+01,5.052343750000000711e+01
-3.591999999999999460e+01,5.028125000000000000e+01
-3.588000000000000256e+01,5.069531250000000000e+01
-3.583999999999999631e+01,5.066406250000000000e+01
-3.580000000000000426e+01,5.083593750000000711e+01
-3.575999999999999801e+01,5.019531250000000000e+01
-3.572000000000000597e+01,5.085937500000000000e+01
-3.567999999999999972e+01,5.030468750000000000e+01
-3.564000000000000767e+01,5.024218750000000000e+01
-3.560000000000000142e+01,5.070312500000000000e+01
-3.556000000000000227e+01,5.079687500000000000e+01
-3.551999999999999602e+01,5.081250000000000000e+01
-3.548000000000000398e+01,5.022656250000000000e+01
-3.543999999999999773e+01,5.085937500000000000e+01
-3.540000000000000568e+01,5.097656250000000000e+01
-3.535999999999999943e+01,4.997656250000000000e+01
-3.532000000000000739e+01,5.083593750000000711e+01
-3.528000000000000114e+01,5.008593750000000711e+01
-3.523999999999999488e+01,5.064843750000000711e+01
-3.520000000000000284e+01,5.056250000000000000e+01
-3.515999999999999659e+01,5.091406250000000000e+01
-3.512000000000000455e+01,5.100781250000000000e+01
-3.507999999999999829e+01,5.124218750000000000e+01
-3.504000000000000625e+01,5.086718750000000000e+01
-3.500000000000000000e+01,5.050781250000000000e+01
-3.496000000000000085e+01,5.114843750000000000e+01
-3.491999999999999460e+01,5.086718750000000000e+01
-3.488000000000000256e+01,5.053906250000000000e+01
-3.483999999999999631e+01,5.040625000000000000e+01
-3.480000000000000426e+01,5.107812500000000000e+01
-3.475999999999999801e+01,5.064062500000000000e+01
-3.472000000000000597e+01,5.063281250000000000e+01
-3.467999999999999972e+01,5.076562500000000000e+01
-3.464000000000000767e+01,5.058593750000000711e+01
-3.460000000000000142e+01,5.007812500000000000e+01
-3.456000000000000938e+01,5.081250000000000000e+01
-3.452000000000000313e+01,5.059375000000000000e+01
-3.447999999999999687e+01,5.060156250000000000e+01
-3.444000000000000483e+01,5.103125000000000000e+01
-3.439999999999999858e+01,5.044531250000000000e+01
-3.436000000000000654e+01,5.045312500000000000e+01
-3.431999999999999318e+01,5.067187500000000000e+01
-3.428000000000000114e+01,5.036718750000000000e+01
-3.423999999999999488e+01,4.992968750000000000e+01
-3.420000000000000284e+01,5.056250000000000000e+01
-3.415999999999999659e+01,5.117187500000000000e+01
-3.412000000000000455e+01,5.090625000000000000e+01
-3.407999999999999829e+01,5.072656250000000000e+01
-3.404000000000000625e+01,5.075000000000000000e+01
-3.400000000000000000e+01,5.044531250000000000e+01
-3.396000000000000796e+01,5.053906250000000000e+01
-3.392000000000000171e+01,5.039062500000000000e+01
-3.388000000000000966e+01,5.039062500000000000e+01
-3.384000000000000341e+01,5.060937500000000000e+01
-3.379999999999999716e+01,5.074218750000000000e+01
-3.376000000000000512e+01,5.051562500000000000e+01
-3.371999999999999886e+01,5.079687500000000000e+01
-3.367999999999999972e+01,5.035937500000000000e+01
-3.363999999999999346e+01,5.077343750000000711e+01
-3.360000000000000142e+01,5.111718750000000000e+01
-3.355999999999999517e+01,5.033593750000000711e+01
-3.352000000000000313e+01,5.048437500000000000e+01
-3.347999999999999687e+01,5.084375000000000000e+01
-3.344000000000000483e+01,5.056250000000000000e+01
-3.339999999999999858e+01,5.080468750000000000e+01
-3.336000000000000654e+01,5.060937500000000000e+01
-3.332000000000000028e+01,5.062500000000000000e+01
-3.328000000000000824e+01,5.077343750000000711e+01
-3.324000000000000199e+01,5.121875000000000000e+01
-3.320000000000000995e+01,4.974218750000000000e+01
-3.316000000000000369e+01,5.053125000000000000e+01
-3.311999999999999744e+01,5.088281250000000000e+01
-3.307999999999999829e+01,5.019531250000000000e+01
-3.303999999999999204e+01,5.057031250000000000e+01
-3.300000000000000000e+01,5.117968750000000000e+01
-3.295999999999999375e+01,5.077343750000000711e+01
-3.292000000000000171e+01,5.050781250000000000e+01
-3.287999999999999545e+01,5.106250000000000711e+01
-3.284000000000000341e+01,5.074218750000000000e+01
-3.279999999999999716e+01,5.066406250000000000e+01
-3.276000000000000512e+01,5.057812500000000000e+01
-3.271999999999999886e+01,5.080468750000000000e+01
-3.268000000000000682e+01,5.110937500000000000e+01
-3.264000000000000057e+01,5.061718750000000000e+01
-3.260000000000000853e+01,5.021875000000000000e+01
-3.256000000000000227e+01,5.068750000000000000e+01
-3.252000000000001023e+01,5.032812500000000000e+01
-3.248000000000000398e+01,5.074218750000000000e+01
-3.244000000000000483e+01,5.066406250000000000e+01
-3.239999999999999858e+01,5.108593750000000000e+01
-3.235999999999999233e+01,5.025000000000000000e+01
-3.232000000000000028e+01,5.081250000000000000e+01
-3.227999999999999403e+01,5.001562500000000000e+01
-3.224000000000000199e+01,5.077343750000000711e+01
-3.219999999999999574e+01,5.075781250000000000e+01
-3.216000000000000369e+01,5.075000000000000000e+01
-3.211999999999999744e+01,5.123437500000000000e+01
-3.208000000000000540e+01,5.025000000000000000e+01
-3.203999999999999915e+01,5.134375000000000000e+01
-3.200000000000000711e+01,5.055468750000000000e+01
-3.195999999999999730e+01,5.060937500000000000e+01
-3.192000000000000526e+01,5.051562500000000000e+01
-3.187999999999999901e+01,5.057812500000000000e+01
-3.184000000000000696e+01,5.074218750000000000e+01
-3.180000000000000071e+01,5.134375000000000000e+01
-3.176000000000000867e+01,5.078906250000000000e+01
-3.172000000000000242e+01,5.150781250000000000e+01
-3.167999999999999616e+01,5.100000000000000711e+01
-3.164000000000000057e+01,5.074218750000000000e+01
-3.159999999999999432e+01,5.058593750000000711e+01
-3.156000000000000227e+01,5.041406250000000000e+01
-3.151999999999999602e+01,5.115625000000000000e+01
-3.148000000000000398e+01,5.060156250000000000e+01
-3.143999999999999773e+01,5.070312500000000000e+01
-3.140000000000000568e+01,5.107031250000000000e+01
-3.135999999999999943e+01,5.057031250000000000e+01
-3.132000000000000384e+01,5.066406250000000000e+01
-3.127999999999999758e+01,5.045312500000000000e+01
-3.124000000000000554e+01,5.071093750000000711e+01
-3.119999999999999929e+01,5.098437500000000000e+01
-3.116000000000000725e+01,5.101562500000000000e+01
-3.112000000000000099e+01,5.018750000000000000e+01
-3.108000000000000895e+01,5.054687500000000000e+01
-3.104000000000000270e+01,5.103906250000000000e+01
-3.099999999999999289e+01,5.036718750000000000e+01
-3.096000000000000085e+01,5.052343750000000711e+01
-3.091999999999999460e+01,5.026562500000000000e+01
-3.088000000000000256e+01,4.997656250000000000e+01
-3.083999999999999631e+01,5.067187500000000000e+01
-3.080000000000000426e+01,5.035156250000000000e+01
-3.075999999999999801e+01,5.077343750000000711e+01
-3.072000000000000242e+01,5.073437500000000000e+01
-3.067999999999999616e+01,5.073437500000000000e+01
-3.064000000000000412e+01,5.121875000000000000e+01
-3.059999999999999787e+01,5.060937500000000000e+01
-3.056000000000000583e+01,5.053125000000000000e+01
-3.051999999999999957e+01,5.086718750000000000e+01
-3.048000000000000753e+01,5.078906250000000000e+01
-3.044000000000000128e+01,5.022656250000000000e+01
-3.040000000000000568e+01,5.057812500000000000e+01
-3.035999999999999943e+01,5.057812500000000000e+01
-3.032000000000000739e+01,5.091406250000000000e+01
-3.028000000000000114e+01,5.053125000000000000e+01
-3.023999999999999488e+01,5.035156250000000000e+01
-3.020000000000000284e+01,5.089843750000000711e+01
-3.015999999999999659e+01,5.014062500000000000e+01
-3.012000000000000455e+01,5.046875000000000000e+01
-3.007999999999999829e+01,5.082031250000000000e+01
-3.004000000000000270e+01,5.041406250000000000e+01
-2.999999999999999645e+01,5.097656250000000000e+01
-2.996000000000000441e+01,5.037500000000000000e+01
-2.991999999999999815e+01,5.063281250000000000e+01
-2.988000000000000611e+01,5.104687500000000000e+01
-2.983999999999999986e+01,5.079687500000000000e+01
-2.980000000000000782e+01,5.021875000000000000e+01
-2.975999999999999801e+01,5.077343750000000711e+01
-2.972000000000000597e+01,5.082031250000000000e+01
-2.967999999999999972e+01,5.092187500000000000e+01
-2.964000000000000767e+01,5.085156250000000000e+01
-2.960000000000000142e+01,5.082812500000000000e+01
-2.955999999999999517e+01,5.082812500000000000e+01
-2.952000000000000313e+01,5.076562500000000000e+01
-2.947999999999999687e+01,5.057031250000000000e+01
-2.944000000000000128e+01,5.052343750000000711e+01
-2.939999999999999503e+01,5.057031250000000000e+01
-2.936000000000000298e+01,5.067968750000000000e+01
-2.931999999999999673e+01,5.117187500000000000e+01
-2.928000000000000469e+01,5.068750000000000000e+01
-2.923999999999999844e+01,5.084375000000000000e+01
-2.920000000000000639e+01,5.043750000000000000e+01
-2.916000000000000014e+01,5.019531250000000000e+01
-2.912000000000000455e+01,5.025000000000000000e+01
-2.907999999999999829e+01,5.028906250000000000e+01
-2.904000000000000625e+01,5.132812500000000000e+01
-2.900000000000000000e+01,5.087500000000000000e+01
-2.896000000000000796e+01,5.083593750000000711e+01
-2.892000000000000171e+01,5.013281250000000000e+01
-2.887999999999999545e+01,5.085937500000000000e+01
-2.884000000000000341e+01,5.069531250000000000e+01
-2.879999999999999361e+01,5.066406250000000000e+01
-2.876000000000000156e+01,5.112500000000000711e+01
-2.871999999999999531e+01,5.074218750000000000e+01
-2.868000000000000327e+01,5.051562500000000000e+01
-2.863999999999999702e+01,5.050000000000000000e+01
-2.860000000000000497e+01,5.066406250000000000e+01
-2.855999999999999872e+01,5.071875000000000000e+01
-2.852000000000000313e+01,5.092187500000000000e+01
-2.847999999999999687e+01,5.035156250000000000e+01
-2.844000000000000483e+01,5.090625000000000000e+01
-2.839999999999999858e+01,5.046875000000000000e+01
-2.836000000000000654e+01,5.099218750000000000e+01
-2.832000000000000028e+01,5.042968750000000000e+01
-2.828000000000000824e+01,5.100781250000000000e+01
-2.824000000000000199e+01,5.025000000000000000e+01
-2.820000000000000639e+01,5.107031250000000000e+01
-2.816000000000000014e+01,5.043750000000000000e+01
-2.811999999999999389e+01,5.077343750000000711e+01
-2.808000000000000185e+01,4.999218750000000000e+01
-2.803999999999999559e+01,5.039843750000000711e+01
-2.800000000000000355e+01,5.049218750000000000e+01
-2.795999999999999730e+01,5.103906250000000000e+01
-2.792000000000000526e+01,5.077343750000000711e+01
-2.787999999999999901e+01,5.080468750000000000e+01
-2.784000000000000341e+01,5.124218750000000000e+01
-2.779999999999999716e+01,5.094531250000000000e+01
-2.776000000000000512e+01,5.023437500000000000e+01
-2.771999999999999886e+01,5.056250000000000000e+01
-2.768000000000000682e+01,5.067187500000000000e+01
-2.764000000000000057e+01,5.052343750000000711e+01
-2.760000000000000853e+01,5.072656250000000000e+01
-2.755999999999999872e+01,5.051562500000000000e+01
-2.752000000000000668e+01,5.052343750000000711e+01
-2.748000000000000043e+01,5.082812500000000000e+01
-2.743999999999999417e+01,5.044531250000000000e+01
-2.740000000000000213e+01,5.072656250000000000e+01
-2.735999999999999588e+01,5.030468750000000000e+01
-2.732000000000000384e+01,5.093750000000000711e+01
-2.727999999999999758e+01,5.071093750000000711e+01
-2.724000000000000199e+01,5.035937500000000000e+01
-2.719999999999999574e+01,5.042968750000000000e+01
-2.716000000000000369e+01,5.084375000000000000e+01
-2.711999999999999744e+01,5.070312500000000000e+01
-2.708000000000000540e+01,5.107812500000000000e+01
-2.703999999999999915e+01,5.062500000000000000e+01
-2.700000000000000711e+01,5.113281250000000000e+01
-2.696000000000000085e+01,5.084375000000000000e+01
-2.692000000000000526e+01,5.075781250000000000e+01
-2.687999999999999901e+01,5.096875000000000000e+01
-2.684000000000000696e+01,5.103906250000000000e+01
-2.680000000000000071e+01,5.129687500000000000e+01
-2.675999999999999446e+01,5.052343750000000711e+01
-2.672000000000000242e+01,5.076562500000000000e+01
-2.667999999999999616e+01,5.071093750000000711e+01
-2.664000000000000412e+01,5.067187500000000000e+01
-2.659999999999999432e+01,5.055468750000000000e+01
-2.656000000000000227e+01,5.123437500000000000e+01
-2.651999999999999602e+01,5.043750000000000000e+01
-2.648000000000000398e+01,5.042968750000000000e+01
-2.643999999999999773e+01,5.071875000000000000e+01
-2.640000000000000568e+01,5.100781250000000000e+01
-2.635999999999999943e+01,5.042187500000000000e+01
-2.632000000000000384e+01,5.060937500000000000e+01
-2.627999999999999758e+01,5.070312500000000000e+01
-2.624000000000000554e+01,5.087500000000000000e+01
-2.619999999999999929e+01,5.019531250000000000e+01
-2.616000000000000725e+01,5.060156250000000000e+01
-2.612000000000000099e+01,5.079687500000000000e+01
-2.608000000000000895e+01,5.041406250000000000e+01
-2.604000000000000270e+01,5.012500000000000000e+01
-2.599999999999999645e+01,5.148437500000000000e+01
-2.596000000000000085e+01,5.064062500000000000e+01
-2.591999999999999460e+01,5.100000000000000711e+01
-2.588000000000000256e+01,5.028125000000000000e+01
-2.583999999999999631e+01,5.032031250000000000e+01
-2.580000000000000426e+01,5.064843750000000711e+01
-2.575999999999999801e+01,5.090625000000000000e+01
-2.572000000000000597e+01,5.042968750000000000e+01
-2.567999999999999972e+01,5.099218750000000000e+01
-2.564000000000000412e+01,5.103125000000000000e+01
-2.559999999999999787e+01,5.062500000000000000e+01
-2.556000000000000583e+01,5.090625000000000000e+01
-2.551999999999999957e+01,5.070312500000000000e+01
-2.548000000000000753e+01,5.083593750000000711e+01
-2.544000000000000128e+01,5.048437500000000000e+01
-2.540000000000000924e+01,5.099218750000000000e+01
-2.535999999999999943e+01,5.084375000000000000e+01
-2.531999999999999318e+01,5.085937500000000000e+01
-2.528000000000000114e+01,5.043750000000000000e+01
-2.523999999999999488e+01,5.092187500000000000e+01
-2.520000000000000284e+01,5.114843750000000000e+01
-2.515999999999999659e+01,5.091406250000000000e+01
-2.512000000000000455e+01,5.123437500000000000e+01
-2.507999999999999829e+01,5.051562500000000000e+01
-2.504000000000000270e+01,5.050000000000000000e+01
-2.499999999999999645e+01,5.106250000000000711e+01
-2.496000000000000441e+01,5.117187500000000000e+01
-2.491999999999999815e+01,5.032031250000000000e+01
-2.488000000000000611e+01,5.113281250000000000e+01
-2.483999999999999986e+01,5.133593750000000000e+01
-2.480000000000000782e+01,5.066406250000000000e+01
-2.476000000000000156e+01,5.092968750000000000e+01
-2.472000000000000597e+01,5.085937500000000000e+01
-2.467999999999999972e+01,5.062500000000000000e+01
-2.463999999999999346e+01,5.085156250000000000e+01
-2.460000000000000142e+01,5.097656250000000000e+01
-2.455999999999999517e+01,5.082812500000000000e+01
-2.452000000000000313e+01,5.082812500000000000e+01
-2.447999999999999687e+01,5.093750000000000711e+01
-2.444000000000000483e+01,5.122656250000000000e+01
-2.439999999999999503e+01,5.076562500000000000e+01
-2.436000000000000298e+01,5.045312500000000000e+01
-2.431999999999999673e+01,5.067187500000000000e+01
-2.428000000000000469e+01,5.058593750000000711e+01
-2.423999999999999844e+01,5.069531250000000000e+01
-2.420000000000000639e+01,5.047656250000000000e+01
-2.416000000000000014e+01,5.032812500000000000e+01
-2.412000000000000455e+01,5.098437500000000000e+01
-2.407999999999999829e+01,5.049218750000000000e+01
-2.404000000000000625e+01,5.075781250000000000e+01
-2.400000000000000000e+01,5.111718750000000000e+01
-2.396000000000000796e+01,5.089062500000000000e+01
-2.392000000000000171e+01,5.014062500000000000e+01
-2.387999999999999545e+01,5.110156250000000000e+01
-2.384000000000000341e+01,5.061718750000000000e+01
-2.379999999999999716e+01,5.075000000000000000e+01
-2.376000000000000156e+01,5.106250000000000711e+01
-2.371999999999999531e+01,5.012500000000000000e+01
-2.368000000000000327e+01,5.098437500000000000e+01
-2.363999999999999702e+01,5.069531250000000000e+01
-2.360000000000000497e+01,5.082812500000000000e+01
-2.355999999999999872e+01,5.088281250000000000e+01
-2.352000000000000668e+01,5.071875000000000000e+01
-2.348000000000000043e+01,5.056250000000000000e+01
-2.344000000000000483e+01,5.052343750000000711e+01
-2.339999999999999858e+01,5.054687500000000000e+01
-2.336000000000000654e+01,5.039062500000000000e+01
-2.332000000000000028e+01,5.005468750000000000e+01
-2.328000000000000824e+01,5.052343750000000711e+01
-2.324000000000000199e+01,5.057031250000000000e+01
-2.319999999999999574e+01,5.061718750000000000e+01
-2.316000000000000014e+01,5.078125000000000000e+01
-2.311999999999999389e+01,5.114843750000000000e+01
-2.308000000000000185e+01,5.073437500000000000e+01
-2.303999999999999559e+01,5.136718750000000000e+01
-2.300000000000000355e+01,5.080468750000000000e+01
-2.295999999999999730e+01,5.059375000000000000e+01
-2.292000000000000526e+01,5.092968750000000000e+01
-2.287999999999999901e+01,5.074218750000000000e+01
-2.284000000000000341e+01,5.085156250000000000e+01
-2.279999999999999716e+01,5.073437500000000000e+01
-2.276000000000000512e+01,5.087500000000000000e+01
-2.271999999999999886e+01,5.115625000000000000e+01
-2.268000000000000682e+01,5.056250000000000000e+01
-2.264000000000000057e+01,5.072656250000000000e+01
-2.260000000000000853e+01,5.057812500000000000e+01
-2.256000000000000227e+01,5.059375000000000000e+01
-2.251999999999999602e+01,5.088281250000000000e+01
-2.248000000000000043e+01,5.046875000000000000e+01
-2.243999999999999417e+01,5.110937500000000000e+01
-2.240000000000000213e+01,5.082812500000000000e+01
-2.235999999999999588e+01,5.021093750000000711e+01
-2.232000000000000384e+01,5.059375000000000000e+01
-2.227999999999999758e+01,4.996093750000000711e+01
-2.224000000000000554e+01,5.000000000000000000e+01
-2.219999999999999574e+01,5.121093750000000000e+01
-2.216000000000000369e+01,5.065625000000000000e+01
-2.211999999999999744e+01,5.085156250000000000e+01
-2.208000000000000540e+01,5.075000000000000000e+01
-2.203999999999999915e+01,5.094531250000000000e+01
-2.200000000000000711e+01,5.021093750000000711e+01
-2.196000000000000085e+01,5.071093750000000711e+01
-2.192000000000000526e+01,5.065625000000000000e+01
-2.187999999999999901e+01,5.111718750000000000e+01
-2.184000000000000696e+01,5.114062500000000000e+01
-2.180000000000000071e+01,5.067968750000000000e+01
-2.175999999999999446e+01,5.139062500000000000e+01
-2.172000000000000242e+01,5.087500000000000000e+01
-2.167999999999999616e+01,5.110937500000000000e+01
-2.164000000000000412e+01,5.090625000000000000e+01
-2.159999999999999787e+01,5.086718750000000000e+01
-2.156000000000000227e+01,5.132031250000000000e+01
-2.151999999999999602e+01,5.046093750000000711e+01
-2.148000000000000398e+01,5.058593750000000711e+01
-2.143999999999999773e+01,5.093750000000000711e+01
-2.140000000000000568e+01,5.107031250000000000e+01
-2.135999999999999943e+01,5.029687500000000000e+01
-2.132000000000000739e+01,5.077343750000000711e+01
-2.128000000000000114e+01,5.051562500000000000e+01
-2.124000000000000554e+01,5.093750000000000711e+01
-2.119999999999999929e+01,5.089843750000000711e+01
-2.116000000000000725e+01,5.079687500000000000e+01
-2.112000000000000099e+01,5.065625000000000000e+01
-2.107999999999999474e+01,5.080468750000000000e+01
-2.104000000000000270e+01,5.046093750000000711e+01
-2.099999999999999645e+01,5.018750000000000000e+01
-2.096000000000000085e+01,5.085937500000000000e+01
-2.091999999999999460e+01,5.030468750000000000e+01
-2.088000000000000256e+01,5.091406250000000000e+01
-2.083999999999999631e+01,5.060937500000000000e+01
-2.080000000000000426e+01,5.124218750000000000e+01
-2.075999999999999801e+01,5.111718750000000000e+01
-2.072000000000000597e+01,5.128906250000000000e+01
-2.067999999999999972e+01,5.081250000000000000e+01
-2.064000000000000412e+01,5.105468750000000000e+01
-2.059999999999999787e+01,5.088281250000000000e+01
-2.056000000000000583e+01,5.048437500000000000e+01
-2.051999999999999957e+01,5.142187500000000000e+01
-2.048000000000000753e+01,5.082812500000000000e+01
-2.044000000000000128e+01,5.089062500000000000e+01
-2.039999999999999503e+01,5.064843750000000711e+01
-2.036000000000000298e+01,5.092187500000000000e+01
-2.031999999999999673e+01,5.051562500000000000e+01
-2.028000000000000114e+01,5.100781250000000000e+01
-2.023999999999999488e+01,5.039062500000000000e+01
-2.020000000000000284e+01,5.057031250000000000e+01
-2.015999999999999659e+01,5.035156250000000000e+01
-2.012000000000000455e+01,5.054687500000000000e+01
-2.007999999999999829e+01,5.046093750000000711e+01
-2.004000000000000625e+01,5.099218750000000000e+01
-2.000000000000000000e+01,5.103125000000000000e+01
-1.996000000000000441e+01,5.113281250000000000e+01
-1.991999999999999815e+01,5.078125000000000000e+01
-1.988000000000000611e+01,5.035937500000000000e+01
-1.983999999999999986e+01,5.045312500000000000e+01
-1.980000000000000782e+01,5.021875000000000000e+01
-1.976000000000000156e+01,5.073437500000000000e+01
-1.972000000000000597e+01,5.075000000000000000e+01
-1.967999999999999972e+01,5.097656250000000000e+01
-1.963999999999999346e+01,5.108593750000000000e+01
-1.960000000000000142e+01,5.067187500000000000e+01
-1.955999999999999517e+01,5.072656250000000000e+01
-1.952000000000000313e+01,5.010937500000000000e+01
-1.947999999999999687e+01,5.070312500000000000e+01
-1.944000000000000483e+01,5.068750000000000000e+01
-1.939999999999999858e+01,5.057812500000000000e+01
-1.936000000000000298e+01,5.085156250000000000e+01
-1.931999999999999673e+01,5.077343750000000711e+01
-1.928000000000000469e+01,5.071875000000000000e+01
-1.923999999999999844e+01,5.108593750000000000e+01
-1.920000000000000639e+01,5.068750000000000000e+01
-1.916000000000000014e+01,5.047656250000000000e+01
-1.912000000000000810e+01,5.102343750000000000e+01
-1.908000000000000185e+01,5.129687500000000000e+01
-1.904000000000000625e+01,5.100000000000000711e+01
-1.900000000000000000e+01,5.075000000000000000e+01
-1.895999999999999375e+01,5.065625000000000000e+01
-1.892000000000000171e+01,5.096093750000000711e+01
-1.887999999999999545e+01,5.105468750000000000e+01
-1.884000000000000341e+01,5.029687500000000000e+01
-1.879999999999999716e+01,5.092968750000000000e+01
-1.876000000000000512e+01,5.062500000000000000e+01
-1.871999999999999531e+01,5.143750000000000711e+01
-1.868000000000000327e+01,5.103906250000000000e+01
-1.863999999999999702e+01,5.064062500000000000e+01
-1.860000000000000497e+01,5.096875000000000000e+01
-1.855999999999999872e+01,5.089843750000000711e+01
-1.852000000000000668e+01,5.049218750000000000e+01
-1.848000000000000043e+01,5.086718750000000000e+01
-1.844000000000000483e+01,5.046875000000000000e+01
-1.839999999999999858e+01,5.084375000000000000e+01
-1.836000000000000654e+01,5.046093750000000711e+01
-1.832000000000000028e+01,5.053906250000000000e+01
-1.827999999999999403e+01,5.078906250000000000e+01
-1.824000000000000199e+01,5.050000000000000000e+01
-1.819999999999999574e+01,5.078906250000000000e+01
-1.816000000000000369e+01,5.052343750000000711e+01
-1.811999999999999744e+01,5.031250000000000000e+01
-1.808000000000000185e+01,5.054687500000000000e+01
-1.803999999999999559e+01,5.123437500000000000e+01
-1.800000000000000355e+01,5.037500000000000000e+01
-1.795999999999999730e+01,5.039062500000000000e+01
-1.792000000000000526e+01,5.081250000000000000e+01
-1.787999999999999901e+01,5.064062500000000000e+01
-1.784000000000000696e+01,5.131250000000000711e+01
-1.780000000000000071e+01,5.125781250000000000e+01
-1.776000000000000512e+01,5.104687500000000000e+01
-1.771999999999999886e+01,5.047656250000000000e+01
-1.768000000000000682e+01,5.068750000000000000e+01
-1.764000000000000057e+01,5.079687500000000000e+01
-1.760000000000000853e+01,5.078906250000000000e+01
-1.756000000000000227e+01,5.071093750000000711e+01
-1.751999999999999602e+01,5.068750000000000000e+01
-1.748000000000000043e+01,5.059375000000000000e+01
-1.743999999999999417e+01,5.067968750000000000e+01
-1.740000000000000213e+01,5.074218750000000000e+01
-1.735999999999999588e+01,5.078906250000000000e+01
-1.732000000000000384e+01,5.082812500000000000e+01
-1.727999999999999758e+01,5.047656250000000000e+01
-1.724000000000000554e+01,4.989843750000000000e+01
-1.719999999999999929e+01,5.092968750000000000e+01
-1.716000000000000369e+01,5.060156250000000000e+01
-1.711999999999999744e+01,5.081250000000000000e+01
-1.708000000000000540e+01,5.082812500000000000e+01
-1.703999999999999915e+01,5.109375000000000000e+01
-1.700000000000000711e+01,5.021875000000000000e+01
-1.696000000000000085e+01,5.086718750000000000e+01
-1.692000000000000881e+01,5.085156250000000000e+01
-1.688000000000000256e+01,5.058593750000000711e+01
-1.683999999999999631e+01,5.119531250000000000e+01
-1.680000000000000071e+01,5.012500000000000000e+01
-1.675999999999999446e+01,5.091406250000000000e+01
-1.672000000000000242e+01,5.053125000000000000e+01
-1.667999999999999616e+01,5.063281250000000000e+01
-1.664000000000000412e+01,5.077343750000000711e+01
-1.659999999999999787e+01,5.109375000000000000e+01
-1.656000000000000583e+01,5.079687500000000000e+01
-1.651999999999999602e+01,5.093750000000000711e+01
-1.648000000000000398e+01,5.049218750000000000e+01
-1.643999999999999773e+01,5.089843750000000711e+01
-1.640000000000000568e+01,5.075781250000000000e+01
-1.635999999999999943e+01,5.057031250000000000e+01
-1.632000000000000739e+01,5.103125000000000000e+01
-1.628000000000000114e+01,5.073437500000000000e+01
-1.624000000000000554e+01,5.072656250000000000e+01
-1.619999999999999929e+01,5.085156250000000000e+01
-1.615999999999999304e+01,5.097656250000000000e+01
-1.612000000000000099e+01,5.116406250000000000e+01
-1.607999999999999474e+01,5.077343750000000711e+01
-1.604000000000000270e+01,5.071875000000000000e+01
-1.599999999999999645e+01,5.089843750000000711e+01
-1.596000000000000263e+01,5.089843750000000711e+01
-1.591999999999999638e+01,5.071875000000000000e+01
-1.588000000000000433e+01,5.053125000000000000e+01
-1.583999999999999808e+01,5.121875000000000000e+01
-1.580000000000000426e+01,5.035937500000000000e+01
-1.575999999999999801e+01,5.085156250000000000e+01
-1.572000000000000597e+01,5.044531250000000000e+01
-1.567999999999999972e+01,5.075000000000000000e+01
-1.564000000000000590e+01,5.035937500000000000e+01
-1.559999999999999964e+01,5.082031250000000000e+01
-1.556000000000000760e+01,5.104687500000000000e+01
-1.552000000000000135e+01,5.071875000000000000e+01
-1.547999999999999332e+01,5.112500000000000711e+01
-1.544000000000000128e+01,5.090625000000000000e+01
-1.539999999999999503e+01,5.094531250000000000e+01
-1.536000000000000121e+01,5.082812500000000000e+01
-1.531999999999999496e+01,5.093750000000000711e+01
-1.528000000000000291e+01,5.028125000000000000e+01
-1.523999999999999666e+01,5.057031250000000000e+01
-1.520000000000000284e+01,5.085156250000000000e+01
-1.515999999999999659e+01,5.085156250000000000e+01
-1.512000000000000455e+01,5.102343750000000000e+01
-1.507999999999999829e+01,5.090625000000000000e+01
-1.504000000000000448e+01,5.050781250000000000e+01
-1.499999999999999822e+01,5.057812500000000000e+01
-1.496000000000000618e+01,5.087500000000000000e+01
-1.491999999999999993e+01,5.072656250000000000e+01
-1.488000000000000611e+01,5.067968750000000000e+01
-1.483999999999999986e+01,5.042968750000000000e+01
-1.480000000000000782e+01,5.101562500000000000e+01
-1.476000000000000156e+01,5.053906250000000000e+01
-1.471999999999999531e+01,5.097656250000000000e+01
-1.468000000000000149e+01,5.071875000000000000e+01
-1.463999999999999524e+01,5.086718750000000000e+01
-1.460000000000000320e+01,5.089062500000000000e+01
-1.455999999999999694e+01,5.069531250000000000e+01
-1.452000000000000313e+01,5.053906250000000000e+01
-1.447999999999999687e+01,5.054687500000000000e+01
-1.444000000000000483e+01,5.043750000000000000e+01
-1.439999999999999680e+01,5.050000000000000000e+01
-1.436000000000000476e+01,5.081250000000000000e+01
-1.431999999999999851e+01,5.086718750000000000e+01
-1.428000000000000647e+01,5.097656250000000000e+01
-1.423999999999999844e+01,5.044531250000000000e+01
-1.420000000000000639e+01,5.073437500000000000e+01
-1.416000000000000014e+01,5.128125000000000000e+01
-1.412000000000000632e+01,5.067187500000000000e+01
-1.408000000000000007e+01,5.073437500000000000e+01
-1.403999999999999382e+01,5.055468750000000000e+01
-1.400000000000000178e+01,5.071093750000000711e+01
-1.395999999999999552e+01,5.058593750000000711e+01
-1.392000000000000171e+01,5.104687500000000000e+01
-1.387999999999999545e+01,5.089843750000000711e+01
-1.384000000000000341e+01,5.096875000000000000e+01
-1.379999999999999716e+01,5.113281250000000000e+01
-1.376000000000000334e+01,5.119531250000000000e+01
-1.371999999999999709e+01,5.010156250000000000e+01
-1.368000000000000504e+01,5.101562500000000000e+01
-1.363999999999999879e+01,5.133593750000000000e+01
-1.360000000000000497e+01,5.057812500000000000e+01
-1.355999999999999872e+01,5.103125000000000000e+01
-1.352000000000000668e+01,5.051562500000000000e+01
-1.348000000000000043e+01,5.071093750000000711e+01
-1.344000000000000661e+01,5.016406250000000000e+01
-1.340000000000000036e+01,5.110937500000000000e+01
-1.335999999999999410e+01,5.074218750000000000e+01
-1.332000000000000206e+01,5.059375000000000000e+01
-1.327999999999999403e+01,5.069531250000000000e+01
-1.324000000000000199e+01,5.092187500000000000e+01
-1.319999999999999574e+01,5.064843750000000711e+01
-1.316000000000000192e+01,5.096093750000000711e+01
-1.311999999999999567e+01,5.056250000000000000e+01
-1.308000000000000362e+01,5.096875000000000000e+01
-1.303999999999999737e+01,5.116406250000000000e+01
-1.300000000000000355e+01,5.062500000000000000e+01
-1.295999999999999730e+01,5.073437500000000000e+01
-1.292000000000000526e+01,5.050000000000000000e+01
-1.287999999999999901e+01,5.055468750000000000e+01
-1.284000000000000519e+01,5.031250000000000000e+01
-1.279999999999999893e+01,5.071093750000000711e+01
-1.276000000000000689e+01,5.115625000000000000e+01
-1.272000000000000064e+01,5.062500000000000000e+01
-1.268000000000000682e+01,5.102343750000000000e+01
-1.264000000000000057e+01,5.075781250000000000e+01
-1.259999999999999432e+01,5.077343750000000711e+01
-1.256000000000000227e+01,5.078906250000000000e+01
-1.251999999999999602e+01,5.036718750000000000e+01
-1.248000000000000220e+01,5.113281250000000000e+01
-1.243999999999999595e+01,5.146093750000000000e+01
-1.240000000000000391e+01,5.092187500000000000e+01
-1.235999999999999766e+01,5.112500000000000711e+01
-1.232000000000000384e+01,5.103125000000000000e+01
-1.227999999999999758e+01,5.043750000000000000e+01
-1.224000000000000554e+01,5.022656250000000000e+01
-1.219999999999999751e+01,5.096875000000000000e+01
-1.216000000000000547e+01,5.080468750000000000e+01
-1.211999999999999922e+01,5.078906250000000000e+01
-1.208000000000000718e+01,5.068750000000000000e+01
-1.203999999999999915e+01,5.109375000000000000e+01
-1.200000000000000711e+01,5.070312500000000000e+01
-1.196000000000000085e+01,5.094531250000000000e+01
-1.191999999999999460e+01,5.058593750000000711e+01
-1.188000000000000078e+01,5.067187500000000000e+01
-1.183999999999999453e+01,5.117968750000000000e+01
-1.180000000000000249e+01,5.102343750000000000e+01
-1.175999999999999623e+01,5.061718750000000000e+01
-1.172000000000000242e+01,5.029687500000000000e+01
-1.167999999999999616e+01,5.109375000000000000e+01
-1.164000000000000412e+01,5.082031250000000000e+01
-1.159999999999999787e+01,5.078906250000000000e+01
-1.156000000000000405e+01,5.114843750000000000e+01
-1.151999999999999780e+01,5.050781250000000000e+01
-1.148000000000000576e+01,5.093750000000000711e+01
-1.143999999999999950e+01,5.122656250000000000e+01
-1.140000000000000568e+01,5.077343750000000711e+01
-1.135999999999999943e+01,5.040625000000000000e+01
-1.132000000000000739e+01,5.106250000000000711e+01
-1.128000000000000114e+01,5.079687500000000000e+01
-1.123999999999999488e+01,5.096875000000000000e+01
-1.120000000000000107e+01,5.035937500000000000e+01
-1.115999999999999481e+01,5.093750000000000711e+01
-1.112000000000000277e+01,5.061718750000000000e+01
-1.107999999999999474e+01,5.097656250000000000e+01
-1.104000000000000270e+01,5.091406250000000000e+01
-1.099999999999999645e+01,5.069531250000000000e+01
-1.096000000000000263e+01,5.040625000000000000e+01
-1.091999999999999638e+01,5.091406250000000000e+01
-1.088000000000000433e+01,5.106250000000000711e+01
-1.083999999999999808e+01,5.046093750000000711e+01
-1.080000000000000426e+01,5.103125000000000000e+01
-1.075999999999999801e+01,5.088281250000000000e+01
-1.072000000000000597e+01,5.108593750000000000e+01
-1.067999999999999972e+01,5.125000000000000711e+01
-1.064000000000000590e+01,5.042968750000000000e+01
-1.059999999999999964e+01,5.010156250000000000e+01
-1.056000000000000760e+01,5.119531250000000000e+01
-1.052000000000000135e+01,5.067968750000000000e+01
-1.047999999999999510e+01,5.117968750000000000e+01
-1.044000000000000128e+01,5.157812500000000000e+01
-1.039999999999999503e+01,5.093750000000000711e+01
-1.036000000000000298e+01,5.091406250000000000e+01
-1.031999999999999673e+01,5.062500000000000000e+01
-1.028000000000000291e+01,5.071875000000000000e+01
-1.023999999999999666e+01,5.117968750000000000e+01
-1.020000000000000462e+01,5.000781250000000000e+01
-1.015999999999999837e+01,5.026562500000000000e+01
-1.012000000000000455e+01,5.087500000000000000e+01
-1.007999999999999829e+01,5.107031250000000000e+01
-1.004000000000000625e+01,5.124218750000000000e+01
-1.000000000000000000e+01,5.094531250000000000e+01
-9.960000000000006182e+00,5.093750000000000711e+01
-9.919999999999999929e+00,5.057812500000000000e+01
-9.880000000000007887e+00,5.102343750000000000e+01
-9.839999999999999858e+00,5.101562500000000000e+01
-9.799999999999993605e+00,5.067187500000000000e+01
-9.760000000000001563e+00,5.101562500000000000e+01
-9.719999999999995310e+00,5.141406250000000000e+01
-9.680000000000001492e+00,5.074218750000000000e+01
-9.639999999999995239e+00,5.077343750000000711e+01
-9.600000000000003197e+00,5.105468750000000000e+01
-9.559999999999996945e+00,5.076562500000000000e+01
-9.520000000000003126e+00,5.038281250000000000e+01
-9.479999999999996874e+00,5.058593750000000711e+01
-9.440000000000004832e+00,5.003906250000000000e+01
-9.399999999999998579e+00,5.067968750000000000e+01
-9.360000000000004761e+00,5.054687500000000000e+01
-9.319999999999998508e+00,5.074218750000000000e+01
-9.280000000000006466e+00,5.101562500000000000e+01
-9.240000000000000213e+00,5.124218750000000000e+01
-9.200000000000006395e+00,5.094531250000000000e+01
-9.160000000000000142e+00,5.071875000000000000e+01
-9.119999999999993889e+00,5.071093750000000711e+01
-9.080000000000001847e+00,5.084375000000000000e+01
-9.039999999999995595e+00,5.097656250000000000e+01
-9.000000000000001776e+00,5.036718750000000000e+01
-8.959999999999995524e+00,5.055468750000000000e+01
-8.920000000000003482e+00,5.085156250000000000e+01
-8.879999999999995453e+00,5.064843750000000711e+01
-8.840000000000003411e+00,5.063281250000000000e+01
-8.799999999999997158e+00,5.098437500000000000e+01
-8.760000000000003340e+00,5.069531250000000000e+01
-8.719999999999997087e+00,5.094531250000000000e+01
-8.680000000000005045e+00,5.073437500000000000e+01
-8.639999999999998792e+00,5.053906250000000000e+01
-8.600000000000004974e+00,5.063281250000000000e+01
-8.559999999999998721e+00,5.060937500000000000e+01
-8.520000000000006679e+00,5.113281250000000000e+01
-8.480000000000000426e+00,5.134375000000000000e+01
-8.440000000000006608e+00,5.082812500000000000e+01
-8.400000000000000355e+00,5.068750000000000000e+01
-8.359999999999994102e+00,5.041406250000000000e+01
-8.320000000000002061e+00,5.067187500000000000e+01
-8.279999999999995808e+00,5.127343750000000000e+01
-8.240000000000001990e+00,5.119531250000000000e+01
-8.199999999999995737e+00,5.069531250000000000e+01
-8.160000000000003695e+00,5.092187500000000000e+01
-8.119999999999997442e+00,5.089843750000000711e+01
-8.080000000000003624e+00,5.080468750000000000e+01
-8.039999999999997371e+00,5.114843750000000000e+01
-8.000000000000005329e+00,5.132031250000000000e+01
-7.959999999999998188e+00,5.057812500000000000e+01
-7.920000000000005258e+00,5.061718750000000000e+01
-7.879999999999999005e+00,5.077343750000000711e+01
-7.840000000000006075e+00,5.075781250000000000e+01
-7.799999999999999822e+00,5.014062500000000000e+01
-7.760000000000006892e+00,5.101562500000000000e+01
-7.720000000000000639e+00,5.014062500000000000e+01
-7.679999999999994387e+00,5.092968750000000000e+01
-7.640000000000001457e+00,5.048437500000000000e+01
-7.599999999999995204e+00,5.103906250000000000e+01
-7.560000000000002274e+00,5.105468750000000000e+01
-7.519999999999996021e+00,5.069531250000000000e+01
-7.480000000000003091e+00,5.069531250000000000e+01
-7.439999999999996838e+00,5.075781250000000000e+01
-7.400000000000003908e+00,5.151562500000000000e+01
-7.359999999999997655e+00,5.035937500000000000e+01
-7.320000000000004725e+00,5.084375000000000000e+01
-7.279999999999998472e+00,5.084375000000000000e+01
-7.240000000000005542e+00,5.092968750000000000e+01
-7.199999999999998401e+00,5.135156250000000000e+01
-7.160000000000006359e+00,5.089843750000000711e+01
-7.119999999999999218e+00,5.082812500000000000e+01
-7.080000000000007176e+00,5.072656250000000000e+01
-7.040000000000000036e+00,5.046875000000000000e+01
-6.999999999999993783e+00,5.116406250000000000e+01
-6.960000000000000853e+00,5.066406250000000000e+01
-6.919999999999994600e+00,5.095312500000000000e+01
-6.880000000000001670e+00,5.110156250000000000e+01
-6.839999999999995417e+00,5.101562500000000000e+01
-6.800000000000002487e+00,5.085156250000000000e+01
-6.759999999999996234e+00,5.070312500000000000e+01
-6.720000000000003304e+00,5.119531250000000000e+01
-6.679999999999997051e+00,5.114843750000000000e+01
-6.640000000000004121e+00,5.107812500000000000e+01
-6.599999999999997868e+00,5.067968750000000000e+01
-6.560000000000004938e+00,5.058593750000000711e+01
-6.519999999999998685e+00,5.043750000000000000e+01
-6.480000000000005755e+00,5.060156250000000000e+01
-6.439999999999999503e+00,5.074218750000000000e+01
-6.400000000000006573e+00,5.040625000000000000e+01
-6.360000000000000320e+00,5.083593750000000711e+01
-6.320000000000007390e+00,5.088281250000000000e+01
-6.280000000000001137e+00,5.046875000000000000e+01
-6.239999999999994884e+00,5.050000000000000000e+01
-6.200000000000001954e+00,5.010937500000000000e+01
-6.159999999999994813e+00,5.064843750000000711e+01
-6.120000000000002771e+00,5.142187500000000000e+01
-6.079999999999995630e+00,5.074218750000000000e+01
-6.040000000000003588e+00,5.126562500000000000e+01
-5.999999999999996447e+00,5.092187500000000000e+01
-5.960000000000003517e+00,5.107812500000000000e+01
-5.919999999999997264e+00,5.135937500000000000e+01
-5.880000000000004334e+00,5.082031250000000000e+01
-5.839999999999998082e+00,5.082031250000000000e+01
-5.800000000000005151e+00,5.017187500000000000e+01
-5.759999999999998899e+00,5.085156250000000000e+01
-5.720000000000005969e+00,5.100000000000000711e+01
-5.679999999999999716e+00,5.051562500000000000e+01
-5.640000000000006786e+00,5.042187500000000000e+01
-5.600000000000000533e+00,5.051562500000000000e+01
-5.559999999999994280e+00,5.080468750000000000e+01
-5.520000000000001350e+00,5.029687500000000000e+01
-5.479999999999995097e+00,5.051562500000000000e+01
-5.440000000000002167e+00,5.071875000000000000e+01
-5.399999999999995914e+00,5.092968750000000000e+01
-5.360000000000002984e+00,5.085156250000000000e+01
-5.319999999999996732e+00,5.053125000000000000e+01
-5.280000000000003801e+00,5.142968750000000000e+01
-5.239999999999997549e+00,5.100000000000000711e+01
-5.200000000000004619e+00,5.037500000000000000e+01
-5.159999999999998366e+00,5.021093750000000711e+01
-5.120000000000005436e+00,5.023437500000000000e+01
-5.079999999999999183e+00,5.048437500000000000e+01
-5.040000000000006253e+00,5.097656250000000000e+01
-5.000000000000000000e+00,5.101562500000000000e+01
-4.960000000000007070e+00,5.103125000000000000e+01
-4.919999999999999929e+00,5.094531250000000000e+01
-4.879999999999993676e+00,5.084375000000000000e+01
-4.840000000000000746e+00,5.123437500000000000e+01
-4.799999999999994493e+00,5.077343750000000711e+01
-4.760000000000001563e+00,5.053125000000000000e+01
-4.719999999999995310e+00,5.076562500000000000e+01
-4.680000000000002380e+00,5.100781250000000000e+01
-4.639999999999996128e+00,5.096093750000000711e+01
-4.600000000000003197e+00,5.096093750000000711e+01
-4.559999999999996945e+00,5.032031250000000000e+01
-4.520000000000004015e+00,5.099218750000000000e+01
-4.479999999999997762e+00,5.145312500000000000e+01
-4.440000000000004832e+00,5.075781250000000000e+01
-4.399999999999998579e+00,5.083593750000000711e+01
-4.360000000000005649e+00,5.117187500000000000e+01
-4.319999999999999396e+00,5.096875000000000000e+01
-4.280000000000006466e+00,5.060156250000000000e+01
-4.240000000000000213e+00,5.052343750000000711e+01
-4.200000000000007283e+00,5.086718750000000000e+01
-4.160000000000001030e+00,5.114062500000000000e+01
-4.119999999999994778e+00,5.054687500000000000e+01
-4.080000000000001847e+00,5.046093750000000711e+01
-4.039999999999995595e+00,5.129687500000000000e+01
-4.000000000000002665e+00,5.043750000000000000e+01
-3.959999999999995968e+00,5.093750000000000711e+01
-3.920000000000003038e+00,5.127343750000000000e+01
-3.879999999999996785e+00,5.077343750000000711e+01
-3.840000000000003855e+00,5.115625000000000000e+01
-3.799999999999997602e+00,5.032812500000000000e+01
-3.760000000000004672e+00,5.114843750000000000e+01
-3.719999999999998419e+00,5.077343750000000711e+01
-3.680000000000005489e+00,5.065625000000000000e+01
-3.639999999999999236e+00,5.160156250000000000e+01
-3.600000000000006306e+00,5.022656250000000000e+01
-3.559999999999999609e+00,5.092187500000000000e+01
-3.520000000000007123e+00,5.065625000000000000e+01
-3.480000000000000426e+00,5.080468750000000000e+01
-3.439999999999994174e+00,5.116406250000000000e+01
-3.400000000000001243e+00,5.106250000000000711e+01
-3.359999999999994991e+00,5.123437500000000000e+01
-3.320000000000002061e+00,5.073437500000000000e+01
-3.279999999999995808e+00,5.068750000000000000e+01
-3.240000000000002878e+00,5.023437500000000000e+01
-3.199999999999996625e+00,5.085937500000000000e+01
-3.160000000000003695e+00,5.086718750000000000e+01
-3.119999999999997442e+00,5.138281250000000000e+01
-3.080000000000004512e+00,5.083593750000000711e+01
-3.039999999999997815e+00,5.067187500000000000e+01
-3.000000000000005329e+00,5.088281250000000000e+01
-2.959999999999998632e+00,5.094531250000000000e+01
-2.920000000000006146e+00,5.098437500000000000e+01
-2.879999999999999449e+00,5.069531250000000000e+01
-2.840000000000006519e+00,5.047656250000000000e+01
-2.800000000000000266e+00,5.063281250000000000e+01
-2.759999999999994014e+00,5.057812500000000000e+01
-2.720000000000001084e+00,5.035156250000000000e+01
-2.679999999999994831e+00,5.096875000000000000e+01
-2.640000000000001901e+00,5.046875000000000000e+01
-2.599999999999995648e+00,5.085156250000000000e+01
-2.560000000000002718e+00,5.075000000000000000e+01
-2.519999999999996021e+00,5.117187500000000000e+01
-2.480000000000003535e+00,5.097656250000000000e+01
-2.439999999999996838e+00,5.098437500000000000e+01
-2.400000000000003908e+00,5.055468750000000000e+01
-2.359999999999997655e+00,5.077343750000000711e+01
-2.320000000000004725e+00,5.034375000000000000e+01
-2.279999999999998472e+00,5.053125000000000000e+01
-2.240000000000005542e+00,5.064062500000000000e+01
-2.199999999999999289e+00,5.043750000000000000e+01
-2.160000000000006359e+00,5.116406250000000000e+01
-2.120000000000000107e+00,5.108593750000000000e+01
-2.080000000000007176e+00,5.107812500000000000e+01
-2.040000000000000924e+00,5.055468750000000000e+01
-1.999999999999994449e+00,5.125000000000000711e+01
-1.960000000000001519e+00,5.064843750000000711e+01
-1.919999999999995266e+00,5.090625000000000000e+01
-1.880000000000002336e+00,5.090625000000000000e+01
-1.839999999999995861e+00,5.096093750000000711e+01
-1.800000000000003153e+00,5.054687500000000000e+01
-1.759999999999996678e+00,5.101562500000000000e+01
-1.720000000000003970e+00,5.071875000000000000e+01
-1.679999999999997495e+00,5.053906250000000000e+01
-1.640000000000004565e+00,5.074218750000000000e+01
-1.599999999999998312e+00,5.087500000000000000e+01
-1.560000000000005382e+00,5.094531250000000000e+01
-1.519999999999998908e+00,5.003125000000000000e+01
-1.480000000000006199e+00,5.120312500000000000e+01
-1.439999999999999725e+00,5.049218750000000000e+01
-1.400000000000007017e+00,5.053906250000000000e+01
-1.360000000000000542e+00,5.107812500000000000e+01
-1.319999999999994067e+00,5.113281250000000000e+01
-1.280000000000001359e+00,5.102343750000000000e+01
-1.239999999999994884e+00,5.072656250000000000e+01
-1.200000000000001954e+00,5.087500000000000000e+01
-1.159999999999995701e+00,5.126562500000000000e+01
-1.120000000000002771e+00,5.099218750000000000e+01
-1.079999999999996518e+00,5.084375000000000000e+01
-1.040000000000003588e+00,5.082812500000000000e+01
-9.999999999999972244e-01,5.048437500000000000e+01
-9.600000000000044054e-01,5.097656250000000000e+01
-9.199999999999979305e-01,5.067968750000000000e+01
-8.800000000000051115e-01,5.117187500000000000e+01
-8.399999999999987477e-01,5.095312500000000000e+01
-8.000000000000059286e-01,5.053125000000000000e+01
-7.599999999999994538e-01,5.042968750000000000e+01
-7.200000000000066347e-01,5.071093750000000711e+01
-6.800000000000002709e-01,5.085156250000000000e+01
-6.399999999999939071e-01,5.057031250000000000e+01
-6.000000000000009770e-01,5.049218750000000000e+01
-5.599999999999946132e-01,5.126562500000000000e+01
-5.200000000000017941e-01,5.092968750000000000e+01
-4.799999999999954303e-01,5.057031250000000000e+01
-4.400000000000025557e-01,5.026562500000000000e+01
-3.999999999999961919e-01,5.124218750000000000e+01
-3.600000000000033173e-01,5.115625000000000000e+01
-3.199999999999969535e-01,5.077343750000000711e+01
-2.800000000000040790e-01,5.096093750000000711e+01
-2.399999999999977152e-01,5.119531250000000000e+01
-2.000000000000048683e-01,5.075781250000000000e+01
-1.599999999999984768e-01,5.107031250000000000e+01
-1.200000000000056299e-01,5.103906250000000000e+01
-7.999999999999923839e-02,5.043750000000000000e+01
-4.000000000000639155e-02,5.063281250000000000e+01
0.000000000000000000e+00,5.081250000000000000e+01
3.999999999999283989e-02,5.039062500000000000e+01
7.999999999999923839e-02,5.107031250000000000e+01
1.200000000000056299e-01,5.069531250000000000e+01
1.599999999999984768e-01,5.132812500000000000e+01
2.000000000000048683e-01,5.117968750000000000e+01
2.399999999999977152e-01,5.086718750000000000e+01
2.800000000000040790e-01,5.144531250000000000e+01
3.199999999999969535e-01,5.093750000000000711e+01
3.600000000000033173e-01,5.083593750000000711e+01
3.999999999999961919e-01,5.064843750000000711e+01
4.400000000000025557e-01,5.064843750000000711e+01
4.799999999999954303e-01,5.135937500000000000e+01
5.200000000000017941e-01,5.094531250000000000e+01
5.599999999999946132e-01,5.088281250000000000e+01
6.000000000000009770e-01,5.078906250000000000e+01
6.399999999999939071e-01,5.125000000000000711e+01
6.800000000000002709e-01,5.043750000000000000e+01
7.199999999999930900e-01,5.078125000000000000e+01
7.599999999999994538e-01,5.080468750000000000e+01
8.000000000000059286e-01,5.114843750000000000e+01
8.399999999999987477e-01,5.115625000000000000e+01
8.800000000000051115e-01,5.070312500000000000e+01
9.199999999999979305e-01,5.100000000000000711e+01
9.600000000000044054e-01,5.113281250000000000e+01
9.999999999999972244e-01,5.154687500000000000e+01
1.040000000000003588e+00,5.150000000000000711e+01
1.079999999999996518e+00,5.125000000000000711e+01
1.120000000000002771e+00,5.092968750000000000e+01
1.159999999999995701e+00,5.095312500000000000e+01
1.200000000000001954e+00,5.103125000000000000e+01
1.239999999999994884e+00,5.184375000000000000e+01
1.280000000000001359e+00,5.125781250000000000e+01
1.319999999999994067e+00,5.075781250000000000e+01
1.360000000000000542e+00,5.153125000000000000e+01
1.399999999999993472e+00,5.127343750000000000e+01
1.439999999999999725e+00,5.133593750000000000e+01
1.480000000000006199e+00,5.189843750000000000e+01
1.519999999999998908e+00,5.114843750000000000e+01
1.560000000000005382e+00,5.115625000000000000e+01
1.599999999999998312e+00,5.171875000000000000e+01
1.640000000000004565e+00,5.125781250000000000e+01
1.679999999999997495e+00,5.171875000000000000e+01
1.720000000000003970e+00,5.102343750000000000e+01
1.759999999999996678e+00,5.150000000000000711e+01
1.800000000000003153e+00,5.147656250000000000e+01
1.839999999999995861e+00,5.125000000000000711e+01
1.880000000000002336e+00,5.142968750000000000e+01
1.919999999999995266e+00,5.132031250000000000e+01
1.960000000000001519e+00,5.146875000000000000e+01
1.999999999999994449e+00,5.145312500000000000e+01
2.040000000000000924e+00,5.150000000000000711e+01
2.079999999999993854e+00,5.211718750000000000e+01
2.120000000000000107e+00,5.171093750000000000e+01
2.160000000000006359e+00,5.221875000000000000e+01
2.200000000000012612e+00,5.247656250000000711e+01
2.239999999999992220e+00,5.214843750000000000e+01
2.279999999999998472e+00,5.222656250000000711e+01
2.320000000000004725e+00,5.174218750000000000e+01
2.360000000000011422e+00,5.200000000000000711e+01
2.399999999999990585e+00,5.166406250000000000e+01
2.439999999999996838e+00,5.182031250000000000e+01
2.480000000000003535e+00,5.210937500000000000e+01
2.520000000000009788e+00,5.187500000000000711e+01
2.559999999999988951e+00,5.176562500000000000e+01
2.599999999999995648e+00,5.221875000000000000e+01
2.640000000000001901e+00,5.264062500000000000e+01
2.680000000000008153e+00,5.195312500000000000e+01
2.719999999999987317e+00,5.214062500000000000e+01
2.759999999999994014e+00,5.218750000000000000e+01
2.800000000000000266e+00,5.215625000000000000e+01
2.840000000000006519e+00,5.203906250000000711e+01
2.880000000000013216e+00,5.206250000000000000e+01
2.919999999999992379e+00,5.210937500000000000e+01
2.959999999999998632e+00,5.235937500000000000e+01
3.000000000000005329e+00,5.242968750000000000e+01
3.040000000000011582e+00,5.265625000000000000e+01
3.079999999999990745e+00,5.208593750000000000e+01
3.119999999999997442e+00,5.228906250000000711e+01
3.160000000000003695e+00,5.266406250000000711e+01
3.200000000000009948e+00,5.233593750000000000e+01
3.239999999999989111e+00,5.259375000000000000e+01
3.279999999999995808e+00,5.233593750000000000e+01
3.320000000000002061e+00,5.208593750000000000e+01
3.360000000000008313e+00,5.201562500000000000e+01
3.399999999999987921e+00,5.312500000000000000e+01
3.439999999999994174e+00,5.253125000000000000e+01
3.480000000000000426e+00,5.258593750000000000e+01
3.520000000000007123e+00,5.274218750000000000e+01
3.559999999999986287e+00,5.271875000000000000e+01
3.599999999999992539e+00,5.250781250000000000e+01
3.639999999999999236e+00,5.243750000000000000e+01
3.680000000000005489e+00,5.244531250000000000e+01
3.720000000000011742e+00,5.271093750000000000e+01
3.759999999999990905e+00,5.268750000000000000e+01
3.799999999999997602e+00,5.300000000000000000e+01
3.840000000000003855e+00,5.295312500000000711e+01
3.880000000000010107e+00,5.331250000000000000e+01
3.919999999999989715e+00,5.298437500000000000e+01
3.959999999999995968e+00,5.330468750000000000e+01
4.000000000000002665e+00,5.304687500000000000e+01
4.040000000000008917e+00,5.275000000000000000e+01
4.079999999999987637e+00,5.278906250000000711e+01
4.119999999999994778e+00,5.228125000000000000e+01
4.160000000000001030e+00,5.372656250000000000e+01
4.200000000000007283e+00,5.285937500000000000e+01
4.239999999999986890e+00,5.285156250000000711e+01
4.279999999999993143e+00,5.346875000000000000e+01
4.319999999999999396e+00,5.312500000000000000e+01
4.360000000000005649e+00,5.322656250000000000e+01
4.400000000000011902e+00,5.312500000000000000e+01
4.439999999999991509e+00,5.359375000000000000e+01
4.479999999999997762e+00,5.339062500000000711e+01
4.520000000000004015e+00,5.376562500000000711e+01
4.560000000000010267e+00,5.354687500000000000e+01
4.599999999999989875e+00,5.365625000000000000e+01
4.639999999999996128e+00,5.391406250000000000e+01
4.680000000000002380e+00,5.327343750000000000e+01
4.720000000000008633e+00,5.411718750000000711e+01
4.759999999999988241e+00,5.321875000000000000e+01
4.799999999999994493e+00,5.364843750000000000e+01
4.840000000000000746e+00,5.379687500000000000e+01
4.880000000000007887e+00,5.357812500000000711e+01
4.919999999999986606e+00,5.335156250000000000e+01
4.959999999999992859e+00,5.376562500000000711e+01
5.000000000000000000e+00,5.341406250000000000e+01
5.040000000000006253e+00,5.451562500000000000e+01
5.080000000000012506e+00,5.362500000000000000e+01
5.119999999999991225e+00,5.375000000000000000e+01
5.159999999999998366e+00,5.417968750000000711e+01
5.200000000000004619e+00,5.376562500000000711e+01
5.240000000000010871e+00,5.387500000000000000e+01
5.279999999999990479e+00,5.432031250000000000e+01
5.319999999999996732e+00,5.379687500000000000e+01
5.360000000000002984e+00,5.429687500000000000e+01
5.400000000000009237e+00,5.454687500000000000e+01
5.439999999999988844e+00,5.480468750000000711e+01
5.479999999999995097e+00,5.417187500000000000e+01
5.520000000000001350e+00,5.450781250000000000e+01
5.560000000000007603e+00,5.453125000000000000e+01
5.599999999999987210e+00,5.456250000000000000e+01
5.639999999999993463e+00,5.444531250000000000e+01
5.679999999999999716e+00,5.460937500000000000e+01
5.720000000000005969e+00,5.485937500000000000e+01
5.760000000000012221e+00,5.486718750000000711e+01
5.799999999999991829e+00,5.428125000000000000e+01
5.839999999999998082e+00,5.489062500000000000e+01
5.880000000000004334e+00,5.503906250000000000e+01
5.920000000000011475e+00,5.520312500000000000e+01
5.959999999999990195e+00,5.462500000000000000e+01
5.999999999999996447e+00,5.532812500000000000e+01
6.040000000000003588e+00,5.500000000000000000e+01
6.080000000000009841e+00,5.510937500000000000e+01
6.119999999999988560e+00,5.570312500000000000e+01
6.159999999999994813e+00,5.552343750000000000e+01
6.200000000000001954e+00,5.540625000000000711e+01
6.240000000000008207e+00,5.585937500000000000e+01
6.279999999999986926e+00,5.544531250000000000e+01
6.319999999999994067e+00,5.556250000000000000e+01
6.360000000000000320e+00,5.577343750000000000e+01
6.400000000000006573e+00,5.597656250000000000e+01
6.440000000000012825e+00,5.665625000000000000e+01
6.479999999999992433e+00,5.672656250000000000e+01
6.519999999999998685e+00,5.659375000000000000e+01
6.560000000000004938e+00,5.721875000000000000e+01
6.600000000000011191e+00,5.690625000000000000e+01
6.639999999999990798e+00,5.773437500000000711e+01
6.679999999999997051e+00,5.764062500000000000e+01
6.720000000000003304e+00,5.758593750000000000e+01
6.760000000000009557e+00,5.792968750000000000e+01
6.799999999999989164e+00,5.846093750000000711e+01
6.839999999999995417e+00,5.830468750000000000e+01
6.880000000000001670e+00,5.882812500000000000e+01
6.920000000000007923e+00,5.853906250000000000e+01
6.959999999999987530e+00,5.954687500000000000e+01
6.999999999999993783e+00,5.985156250000000711e+01
7.040000000000000036e+00,5.960156250000000000e+01
7.080000000000007176e+00,5.984375000000000000e+01
7.120000000000013429e+00,6.057812500000000000e+01
7.159999999999992149e+00,6.075000000000000000e+01
7.199999999999998401e+00,6.127343750000000000e+01
7.240000000000005542e+00,6.105468750000000000e+01
7.280000000000011795e+00,6.168750000000000000e+01
7.319999999999990514e+00,6.208593750000000000e+01
7.359999999999997655e+00,6.294531250000000000e+01
7.400000000000003908e+00,6.331250000000000711e+01
7.440000000000010161e+00,6.339843750000000000e+01
7.479999999999989768e+00,6.382031250000000711e+01
7.519999999999996021e+00,6.431250000000000000e+01
7.560000000000002274e+00,6.442968750000000000e+01
7.600000000000008527e+00,6.548437500000000000e+01
7.639999999999988134e+00,6.554687500000000000e+01
7.679999999999994387e+00,6.547656250000000000e+01
7.720000000000000639e+00,6.607812500000000000e+01
7.760000000000006892e+00,6.670312500000000000e+01
7.799999999999986500e+00,6.700781250000000000e+01
7.839999999999992752e+00,6.806250000000000000e+01
7.879999999999999005e+00,6.810156250000000000e+01
7.920000000000005258e+00,6.839843750000000000e+01
7.960000000000011511e+00,6.850000000000000000e+01
7.999999999999991118e+00,6.987500000000000000e+01
8.039999999999997371e+00,6.958593750000000000e+01
8.080000000000003624e+00,6.996093750000000000e+01
8.120000000000009877e+00,7.084375000000000000e+01
8.159999999999989484e+00,7.108593750000000000e+01
8.199999999999995737e+00,7.167968750000000000e+01
8.240000000000001990e+00,7.203906250000000000e+01
8.280000000000008242e+00,7.294531250000000000e+01
8.319999999999987850e+00,7.307812500000001421e+01
8.359999999999994102e+00,7.376562500000000000e+01
8.400000000000000355e+00,7.411718750000000000e+01
8.440000000000006608e+00,7.403906250000000000e+01
8.479999999999986215e+00,7.486718750000000000e+01
8.519999999999992468e+00,7.500781250000000000e+01
8.559999999999998721e+00,7.608593750000000000e+01
8.600000000000004974e+00,7.615625000000000000e+01
8.640000000000013003e+00,7.710156250000000000e+01
8.679999999999990834e+00,7.757812500000000000e+01
8.719999999999997087e+00,7.821875000000000000e+01
8.760000000000003340e+00,7.870312500000000000e+01
8.800000000000011369e+00,7.946093750000000000e+01
8.839999999999989200e+00,7.960937500000000000e+01
8.879999999999995453e+00,7.985156250000000000e+01
8.920000000000003482e+00,8.027343750000000000e+01
8.960000000000009734e+00,8.170312500000000000e+01
8.999999999999987566e+00,8.146093750000000000e+01
9.039999999999995595e+00,8.192187500000000000e+01
9.080000000000001847e+00,8.305468750000000000e+01
9.120000000000008100e+00,8.332812500000000000e+01
9.159999999999987708e+00,8.446093750000000000e+01
9.199999999999993960e+00,8.459375000000000000e+01
9.240000000000000213e+00,8.527343750000001421e+01
9.280000000000006466e+00,8.564062500000000000e+01
9.320000000000012719e+00,8.625000000000001421e+01
9.359999999999992326e+00,8.663281250000000000e+01
9.399999999999998579e+00,8.714843750000000000e+01
9.440000000000004832e+00,8.746093750000000000e+01
9.480000000000011084e+00,8.868750000000000000e+01
9.519999999999990692e+00,8.880468750000000000e+01
9.559999999999996945e+00,8.944531250000000000e+01
9.600000000000003197e+00,9.013281250000000000e+01
9.640000000000009450e+00,9.127343750000000000e+01
9.679999999999989058e+00,9.114062500000000000e+01
9.719999999999995310e+00,9.187500000000000000e+01
9.760000000000001563e+00,9.245312500000000000e+01
9.800000000000007816e+00,9.325781250000000000e+01
9.839999999999987423e+00,9.353906250000000000e+01
9.879999999999993676e+00,9.424218750000000000e+01
9.919999999999999929e+00,9.505468750000000000e+01
9.960000000000006182e+00,9.543750000000001421e+01
1.000000000000001243e+01,9.572656250000000000e+01
1.003999999999999204e+01,9.636718750000000000e+01
1.007999999999999829e+01,9.745312500000000000e+01
1.012000000000000455e+01,9.768750000000000000e+01
1.016000000000001080e+01,9.865625000000000000e+01
1.019999999999999041e+01,9.877343750000000000e+01
1.023999999999999666e+01,9.938281250000000000e+01
1.028000000000000291e+01,1.004375000000000000e+02
1.032000000000000917e+01,1.008828125000000000e+02
1.035999999999998877e+01,1.010781250000000000e+02
1.039999999999999503e+01,1.023281250000000000e+02
1.044000000000000128e+01,1.024140625000000000e+02
1.048000000000000753e+01,1.028984375000000142e+02
1.051999999999998714e+01,1.040937500000000000e+02
1.055999999999999339e+01,1.044921875000000000e+02
1.059999999999999964e+01,1.053828125000000000e+02
1.064000000000000590e+01,1.056093750000000000e+02
1.068000000000001215e+01,1.067500000000000000e+02
1.071999999999999176e+01,1.070703125000000000e+02
1.075999999999999801e+01,1.068281250000000000e+02
1.080000000000000426e+01,1.086093750000000142e+02
1.084000000000001229e+01,1.092968750000000000e+02
1.087999999999999012e+01,1.095078125000000000e+02
1.091999999999999638e+01,1.087890625000000000e+02
1.096000000000000263e+01,1.102265625000000000e+02
1.100000000000001066e+01,1.107265625000000000e+02
1.103999999999998849e+01,1.109687500000000000e+02
1.107999999999999474e+01,1.115859375000000000e+02
1.112000000000000277e+01,1.124296875000000000e+02
1.116000000000000902e+01,1.132031250000000000e+02
1.119999999999998685e+01,1.138046875000000000e+02
1.123999999999999488e+01,1.139921875000000142e+02
1.128000000000000114e+01,1.141953125000000000e+02
1.132000000000000739e+01,1.151484375000000000e+02
1.136000000000001364e+01,1.161953125000000142e+02
1.139999999999999325e+01,1.162109375000000000e+02
1.143999999999999950e+01,1.167656250000000000e+02
1.148000000000000576e+01,1.173359375000000000e+02
1.152000000000001201e+01,1.178828125000000000e+02
1.155999999999999162e+01,1.178593750000000000e+02
1.159999999999999787e+01,1.179687500000000000e+02
1.164000000000000412e+01,1.190000000000000142e+02
1.168000000000001037e+01,1.197031250000000142e+02
1.171999999999998998e+01,1.203671875000000000e+02
1.175999999999999623e+01,1.205234375000000000e+02
1.180000000000000249e+01,1.211875000000000000e+02
1.184000000000000874e+01,1.210546875000000142e+02
1.187999999999998835e+01,1.221875000000000000e+02
1.191999999999999460e+01,1.224218750000000000e+02
1.196000000000000085e+01,1.235312500000000142e+02
1.200000000000000711e+01,1.235781250000000000e+02
1.203999999999998671e+01,1.241953125000000000e+02
1.207999999999999297e+01,1.239765625000000000e+02
1.211999999999999922e+01,1.246171875000000000e+02
1.216000000000000547e+01,1.238671875000000000e+02
1.220000000000001172e+01,1.253593750000000000e+02
1.223999999999999133e+01,1.260937500000000000e+02
1.227999999999999758e+01,1.257968750000000000e+02
1.232000000000000384e+01,1.263593750000000000e+02
1.236000000000001009e+01,1.270390625000000000e+02
1.239999999999998970e+01,1.276406250000000142e+02
1.243999999999999595e+01,1.273515625000000142e+02
1.248000000000000220e+01,1.279140625000000142e+02
1.252000000000000846e+01,1.279062500000000000e+02
1.255999999999998806e+01,1.279375000000000142e+02
1.259999999999999432e+01,1.288906250000000000e+02
1.264000000000000057e+01,1.287890625000000000e+02
1.268000000000000682e+01,1.283046875000000000e+02
1.271999999999998643e+01,1.290546875000000284e+02
1.275999999999999268e+01,1.293203125000000000e+02
1.279999999999999893e+01,1.301796875000000000e+02
1.284000000000000519e+01,1.301796875000000000e+02
1.288000000000001144e+01,1.305781250000000000e+02
1.291999999999999105e+01,1.304140625000000000e+02
1.295999999999999730e+01,1.313671875000000000e+02
1.300000000000000355e+01,1.314687500000000000e+02
1.304000000000000981e+01,1.313359375000000000e+02
1.307999999999998941e+01,1.319453125000000000e+02
1.311999999999999567e+01,1.319687500000000000e+02
1.316000000000000192e+01,1.325468750000000000e+02
1.320000000000000995e+01,1.326640625000000000e+02
1.323999999999998778e+01,1.327265625000000000e+02
1.327999999999999403e+01,1.329687500000000000e+02
1.332000000000000206e+01,1.333359375000000000e+02
1.336000000000000831e+01,1.335390625000000000e+02
1.339999999999998614e+01,1.337812500000000000e+02
1.343999999999999417e+01,1.337500000000000000e+02
1.348000000000000043e+01,1.338125000000000000e+02
1.352000000000000668e+01,1.343125000000000000e+02
1.356000000000001293e+01,1.339375000000000284e+02
1.359999999999999254e+01,1.342031250000000000e+02
1.363999999999999879e+01,1.350312500000000000e+02
1.368000000000000504e+01,1.345078125000000000e+02
1.372000000000001130e+01,1.351171875000000000e+02
1.375999999999999091e+01,1.355390625000000000e+02
1.379999999999999716e+01,1.350468750000000000e+02
1.384000000000000341e+01,1.358984375000000000e+02
1.388000000000000966e+01,1.356484375000000000e+02
1.391999999999998927e+01,1.363046875000000000e+02
1.395999999999999552e+01,1.365625000000000000e+02
1.400000000000000178e+01,1.363984375000000000e+02
1.404000000000000803e+01,1.363593750000000000e+02
1.407999999999998764e+01,1.361953125000000000e+02
1.411999999999999389e+01,1.364609375000000000e+02
1.416000000000000014e+01,1.373203125000000000e+02
1.420000000000000639e+01,1.370390625000000000e+02
1.424000000000001265e+01,1.374687500000000000e+02
1.427999999999999226e+01,1.371562500000000000e+02
1.431999999999999851e+01,1.367343750000000000e+02
1.436000000000000476e+01,1.373906250000000284e+02
1.440000000000001101e+01,1.380000000000000000e+02
1.443999999999999062e+01,1.378984375000000000e+02
1.447999999999999687e+01,1.381953125000000000e+02
1.452000000000000313e+01,1.384140625000000000e+02
1.456000000000000938e+01,1.381093750000000000e+02
1.459999999999998899e+01,1.383125000000000000e+02
1.463999999999999524e+01,1.391640625000000000e+02
1.468000000000000149e+01,1.386328125000000000e+02
1.472000000000000774e+01,1.390859375000000000e+02
1.475999999999998735e+01,1.389921875000000000e+02
1.479999999999999361e+01,1.393828125000000000e+02
1.483999999999999986e+01,1.392578125000000000e+02
1.488000000000000611e+01,1.394296875000000000e+02
1.492000000000001236e+01,1.389687500000000000e+02
1.495999999999999197e+01,1.399843750000000000e+02
1.499999999999999822e+01,1.401484375000000000e+02
1.504000000000000448e+01,1.394921875000000000e+02
1.508000000000001073e+01,1.404296875000000000e+02
1.511999999999999034e+01,1.405312500000000000e+02
1.515999999999999659e+01,1.403046875000000000e+02
1.520000000000000284e+01,1.403750000000000000e+02
1.524000000000000909e+01,1.401015625000000000e+02
1.527999999999998870e+01,1.409062500000000000e+02
1.531999999999999496e+01,1.404375000000000000e+02
1.536000000000000121e+01,1.413046875000000000e+02
1.540000000000000924e+01,1.406093750000000000e+02
1.543999999999998707e+01,1.406640625000000000e+02
1.547999999999999332e+01,1.413281250000000000e+02
1.552000000000000135e+01,1.408515625000000000e+02
1.556000000000000760e+01,1.410078125000000000e+02
1.560000000000001386e+01,1.416250000000000000e+02
1.563999999999999169e+01,1.415000000000000284e+02
1.567999999999999972e+01,1.416015625000000000e+02
1.572000000000000597e+01,1.417109375000000000e+02
1.576000000000001222e+01,1.417812500000000000e+02
1.579999999999999183e+01,1.415234375000000284e+02
1.583999999999999808e+01,1.420781250000000000e+02
1.588000000000000433e+01,1.413671875000000000e+02
1.592000000000001059e+01,1.421328125000000000e+02
1.595999999999999019e+01,1.418593750000000000e+02
1.599999999999999645e+01,1.425781250000000000e+02
1.604000000000000270e+01,1.427109375000000000e+02
1.608000000000000895e+01,1.425156250000000000e+02
1.611999999999998678e+01,1.426640625000000000e+02
1.615999999999999304e+01,1.427968750000000000e+02
1.619999999999999929e+01,1.419062500000000000e+02
1.624000000000000554e+01,1.422890625000000000e+02
1.627999999999998693e+01,1.427578125000000000e+02
1.631999999999999318e+01,1.430781250000000000e+02
1.635999999999999943e+01,1.428359375000000000e+02
1.640000000000000568e+01,1.429453125000000000e+02
1.644000000000001194e+01,1.430859375000000000e+02
1.647999999999998977e+01,1.430078125000000000e+02
1.651999999999999602e+01,1.429609375000000000e+02
1.656000000000000583e+01,1.429531250000000000e+02
1.660000000000001208e+01,1.431562500000000000e+02
1.663999999999998991e+01,1.437968750000000000e+02
1.667999999999999616e+01,1.436328125000000000e+02
1.672000000000000242e+01,1.431328125000000000e+02
1.676000000000000867e+01,1.436640625000000000e+02
1.679999999999998650e+01,1.435078125000000000e+02
1.683999999999999631e+01,1.435312500000000000e+02
1.688000000000000256e+01,1.438671875000000000e+02
1.692000000000000881e+01,1.438750000000000000e+02
1.695999999999998664e+01,1.440781250000000000e+02
1.699999999999999289e+01,1.438359375000000000e+02
1.703999999999999915e+01,1.438046875000000000e+02
1.708000000000000540e+01,1.438593750000000000e+02
1.712000000000001165e+01,1.445312500000000000e+02
1.715999999999999304e+01,1.441250000000000000e+02
1.719999999999999929e+01,1.444453125000000000e+02
1.724000000000000554e+01,1.438984375000000000e+02
1.728000000000001180e+01,1.445000000000000000e+02
1.731999999999998963e+01,1.440781250000000000e+02
1.735999999999999588e+01,1.446796875000000284e+02
1.740000000000000213e+01,1.439453125000000000e+02
1.744000000000000838e+01,1.445468750000000000e+02
1.747999999999998977e+01,1.445390625000000000e+02
1.751999999999999602e+01,1.445390625000000000e+02
1.756000000000000227e+01,1.447968750000000000e+02
1.760000000000000853e+01,1.446953125000000000e+02
1.763999999999998636e+01,1.448984375000000000e+02
1.767999999999999261e+01,1.447187500000000000e+02
1.771999999999999886e+01,1.443671875000000000e+02
1.776000000000000512e+01,1.448437500000000000e+02
1.780000000000001137e+01,1.450078125000000000e+02
1.783999999999999275e+01,1.450312500000000000e+02
1.787999999999999901e+01,1.456328125000000000e+02
1.792000000000000526e+01,1.449453125000000000e+02
1.796000000000001151e+01,1.457109375000000000e+02
1.799999999999998934e+01,1.454843750000000000e+02
1.803999999999999559e+01,1.460234375000000000e+02
1.808000000000000185e+01,1.450234375000000000e+02
1.812000000000000810e+01,1.449609375000000000e+02
1.815999999999998948e+01,1.452109375000000000e+02
1.819999999999999574e+01,1.454375000000000000e+02
1.824000000000000199e+01,1.454375000000000000e+02
1.828000000000000824e+01,1.453984375000000000e+02
1.831999999999998607e+01,1.456562500000000284e+02
1.835999999999999233e+01,1.455468750000000000e+02
1.839999999999999858e+01,1.455312500000000000e+02
1.844000000000000483e+01,1.456171875000000000e+02
1.848000000000001108e+01,1.454140625000000000e+02
1.851999999999999247e+01,1.457109375000000000e+02
1.855999999999999872e+01,1.456875000000000000e+02
1.860000000000000497e+01,1.454921875000000000e+02
1.864000000000001123e+01,1.455312500000000000e+02
1.867999999999998906e+01,1.458281250000000000e+02
1.871999999999999531e+01,1.459531250000000284e+02
1.876000000000000512e+01,1.461171875000000000e+02
1.880000000000001137e+01,1.461953125000000000e+02
1.883999999999998920e+01,1.458984375000000000e+02
1.887999999999999545e+01,1.461015625000000000e+02
1.892000000000000171e+01,1.461718750000000000e+02
1.896000000000000796e+01,1.459375000000000000e+02
1.899999999999998579e+01,1.458750000000000000e+02
1.903999999999999559e+01,1.457109375000000000e+02
1.908000000000000185e+01,1.458359375000000000e+02
1.912000000000000810e+01,1.459218750000000000e+02
1.916000000000001435e+01,1.459453125000000000e+02
1.919999999999999218e+01,1.457421875000000000e+02
1.923999999999999844e+01,1.467500000000000000e+02
1.928000000000000469e+01,1.460546875000000000e+02
1.932000000000001094e+01,1.465000000000000000e+02
1.935999999999999233e+01,1.460625000000000000e+02
1.939999999999999858e+01,1.457656250000000000e+02
1.944000000000000483e+01,1.460546875000000000e+02
1.948000000000001108e+01,1.463281250000000000e+02
1.951999999999998892e+01,1.458671875000000000e+02
1.955999999999999517e+01,1.459531250000000284e+02
1.960000000000000142e+01,1.459140625000000000e+02
1.964000000000000767e+01,1.460703125000000000e+02
1.967999999999998906e+01,1.465312500000000000e+02
1.971999999999999531e+01,1.463984375000000000e+02
1.976000000000000156e+01,1.459062500000000284e+02
1.980000000000000782e+01,1.468515625000000000e+02
1.984000000000001407e+01,1.463671875000000000e+02
1.987999999999999190e+01,1.466328125000000284e+02
1.991999999999999815e+01,1.463984375000000000e+02
1.996000000000000441e+01,1.462031250000000000e+02
2.000000000000001066e+01,1.464531250000000000e+02
2.003999999999999204e+01,1.466015625000000000e+02
2.007999999999999829e+01,1.461406250000000000e+02
2.012000000000000455e+01,1.466953125000000000e+02
2.016000000000001080e+01,1.460390625000000000e+02
2.019999999999998863e+01,1.464843750000000000e+02
2.023999999999999488e+01,1.463984375000000000e+02
2.028000000000000114e+01,1.466953125000000000e+02
2.032000000000000739e+01,1.472421875000000000e+02
2.035999999999998877e+01,1.466406250000000000e+02
2.039999999999999503e+01,1.465234375000000000e+02
2.044000000000000128e+01,1.467343750000000000e+02
2.048000000000000753e+01,1.463906250000000000e+02
2.051999999999998536e+01,1.471796875000000000e+02
2.055999999999999162e+01,1.471171875000000000e+02
2.059999999999999787e+01,1.467421875000000000e+02
2.064000000000000412e+01,1.466953125000000000e+02
2.068000000000001037e+01,1.470468750000000000e+02
2.071999999999999176e+01,1.463281250000000000e+02
2.075999999999999801e+01,1.470156250000000000e+02
2.080000000000000426e+01,1.467187500000000000e+02
2.084000000000001052e+01,1.468984375000000000e+02
2.087999999999998835e+01,1.472031250000000000e+02
2.091999999999999460e+01,1.462812500000000000e+02
2.096000000000000085e+01,1.470703125000000000e+02
2.100000000000001066e+01,1.468828125000000284e+02
2.103999999999998849e+01,1.462734375000000000e+02
2.107999999999999474e+01,1.470625000000000000e+02
2.112000000000000099e+01,1.471406250000000000e+02
2.116000000000000725e+01,1.467500000000000000e+02
2.119999999999998508e+01,1.466562500000000284e+02
2.123999999999999488e+01,1.470546875000000000e+02
2.128000000000000114e+01,1.473203125000000000e+02
2.132000000000000739e+01,1.472187500000000000e+02
2.136000000000001364e+01,1.467500000000000000e+02
2.139999999999999147e+01,1.470312500000000000e+02
2.143999999999999773e+01,1.474375000000000000e+02
2.148000000000000398e+01,1.464062500000000284e+02
2.152000000000001023e+01,1.471484375000000000e+02
2.155999999999999162e+01,1.470312500000000000e+02
2.159999999999999787e+01,1.471328125000000284e+02
2.164000000000000412e+01,1.473671875000000000e+02
2.168000000000001037e+01,1.473359375000000000e+02
2.171999999999998820e+01,1.468359375000000000e+02
2.175999999999999446e+01,1.469765625000000000e+02
2.180000000000000071e+01,1.474296875000000000e+02
2.184000000000000696e+01,1.473828125000000284e+02
2.187999999999998835e+01,1.469921875000000000e+02
2.191999999999999460e+01,1.470859375000000000e+02
2.196000000000000085e+01,1.466640625000000000e+02
2.200000000000000711e+01,1.470078125000000000e+02
2.204000000000001336e+01,1.468984375000000000e+02
2.207999999999999119e+01,1.473437500000000000e+02
2.211999999999999744e+01,1.468593750000000000e+02
2.216000000000000369e+01,1.471484375000000000e+02
2.220000000000000995e+01,1.467500000000000000e+02
2.223999999999999133e+01,1.472500000000000000e+02
2.227999999999999758e+01,1.472890625000000000e+02
2.232000000000000384e+01,1.472109375000000000e+02
2.236000000000001009e+01,1.468984375000000000e+02
2.239999999999998792e+01,1.469062500000000284e+02
2.243999999999999417e+01,1.468125000000000000e+02
2.248000000000000043e+01,1.474062500000000284e+02
2.252000000000000668e+01,1.466875000000000000e+02
2.255999999999998806e+01,1.473281250000000000e+02
2.259999999999999432e+01,1.465390625000000000e+02
2.264000000000000057e+01,1.471640625000000000e+02
2.268000000000000682e+01,1.467578125000000000e+02
2.272000000000001307e+01,1.473515625000000000e+02
2.275999999999999091e+01,1.464921875000000000e+02
2.279999999999999716e+01,1.467890625000000000e+02
2.284000000000000341e+01,1.470937500000000000e+02
2.288000000000000966e+01,1.473671875000000000e+02
2.291999999999999105e+01,1.473203125000000000e+02
2.295999999999999730e+01,1.473359375000000000e+02
2.300000000000000355e+01,1.473828125000000284e+02
2.304000000000000981e+01,1.468515625000000000e+02
2.307999999999998764e+01,1.470390625000000000e+02
2.311999999999999389e+01,1.474140625000000000e+02
2.316000000000000014e+01,1.471406250000000000e+02
2.320000000000000995e+01,1.471562500000000284e+02
2.323999999999998778e+01,1.472578125000000000e+02
2.327999999999999403e+01,1.477109375000000000e+02
2.332000000000000028e+01,1.471328125000000284e+02
2.336000000000000654e+01,1.472656250000000000e+02
2.340000000000001279e+01,1.473203125000000000e+02
2.343999999999999417e+01,1.471250000000000000e+02
2.348000000000000043e+01,1.472109375000000000e+02
2.352000000000000668e+01,1.477109375000000000e+02
2.356000000000001293e+01,1.469453125000000000e+02
2.359999999999999076e+01,1.471796875000000000e+02
2.363999999999999702e+01,1.470312500000000000e+02
2.368000000000000327e+01,1.472109375000000000e+02
2.372000000000000952e+01,1.469453125000000000e+02
2.375999999999999091e+01,1.473437500000000000e+02
2.379999999999999716e+01,1.464921875000000000e+02
2.384000000000000341e+01,1.477265625000000000e+02
2.388000000000000966e+01,1.470625000000000000e+02
2.391999999999998749e+01,1.471484375000000000e+02
2.395999999999999375e+01,1.470156250000000000e+02
2.400000000000000000e+01,1.467187500000000000e+02
2.404000000000000625e+01,1.467890625000000000e+02
2.408000000000001251e+01,1.472890625000000000e+02
2.411999999999999389e+01,1.469453125000000000e+02
2.416000000000000014e+01,1.472734375000000000e+02
2.420000000000000639e+01,1.469062500000000284e+02
2.424000000000001265e+01,1.471328125000000284e+02
2.427999999999999048e+01,1.469453125000000000e+02
2.431999999999999673e+01,1.471562500000000284e+02
2.436000000000000298e+01,1.469140625000000000e+02
2.440000000000000924e+01,1.467031250000000000e+02
2.443999999999999062e+01,1.466406250000000000e+02
2.447999999999999687e+01,1.476171875000000000e+02
2.452000000000000313e+01,1.471640625000000000e+02
2.456000000000000938e+01,1.468828125000000284e+02
2.459999999999998721e+01,1.467890625000000000e+02
2.463999999999999346e+01,1.472109375000000000e+02
2.467999999999999972e+01,1.467812500000000000e+02
2.472000000000000597e+01,1.470312500000000000e+02
2.475999999999998735e+01,1.469531250000000000e+02
2.479999999999999361e+01,1.473125000000000000e+02
2.483999999999999986e+01,1.466171875000000000e+02
2.488000000000000611e+01,1.470859375000000000e+02
2.492000000000001236e+01,1.463984375000000000e+02
2.495999999999999019e+01,1.469062500000000284e+02
2.499999999999999645e+01,1.466875000000000000e+02
2.504000000000000270e+01,1.473359375000000000e+02
2.508000000000000895e+01,1.466015625000000000e+02
2.511999999999999034e+01,1.471328125000000284e+02
2.515999999999999659e+01,1.471562500000000284e+02
2.520000000000000284e+01,1.471484375000000000e+02
2.524000000000000909e+01,1.468593750000000000e+02
2.527999999999998693e+01,1.468437500000000000e+02
2.531999999999999318e+01,1.473046875000000000e+02
2.535999999999999943e+01,1.474062500000000284e+02
2.540000000000000924e+01,1.470078125000000000e+02
2.543999999999998707e+01,1.470781250000000000e+02
2.547999999999999332e+01,1.470781250000000000e+02
2.551999999999999957e+01,1.469765625000000000e+02
2.556000000000000583e+01,1.466015625000000000e+02
2.560000000000001208e+01,1.468750000000000000e+02
2.563999999999998991e+01,1.468593750000000000e+02
2.567999999999999972e+01,1.470625000000000000e+02
2.572000000000000597e+01,1.468437500000000000e+02
2.576000000000001222e+01,1.469140625000000000e+02
2.579999999999999005e+01,1.467109375000000000e+02
2.583999999999999631e+01,1.468281250000000000e+02
2.588000000000000256e+01,1.469531250000000000e+02
2.592000000000000881e+01,1.470546875000000000e+02
2.595999999999999019e+01,1.471250000000000000e+02
2.599999999999999645e+01,1.466171875000000000e+02
2.604000000000000270e+01,1.467656250000000000e+02
2.608000000000000895e+01,1.469062500000000284e+02
2.611999999999998678e+01,1.464531250000000000e+02
2.615999999999999304e+01,1.466171875000000000e+02
2.619999999999999929e+01,1.468281250000000000e+02
2.624000000000000554e+01,1.470156250000000000e+02
2.628000000000001180e+01,1.467578125000000000e+02
2.631999999999999318e+01,1.470156250000000000e+02
2.635999999999999943e+01,1.466718750000000000e+02
2.640000000000000568e+01,1.468593750000000000e+02
2.644000000000001194e+01,1.469296875000000284e+02
2.647999999999998977e+01,1.464843750000000000e+02
2.651999999999999602e+01,1.468515625000000000e+02
2.656000000000000227e+01,1.475000000000000000e+02
2.660000000000000853e+01,1.465312500000000000e+02
2.663999999999998991e+01,1.467656250000000000e+02
2.667999999999999616e+01,1.466015625000000000e+02
2.672000000000000242e+01,1.467031250000000000e+02
2.676000000000000867e+01,1.465234375000000000e+02
2.679999999999998650e+01,1.470546875000000000e+02
2.683999999999999275e+01,1.472890625000000000e+02
2.687999999999999901e+01,1.464921875000000000e+02
2.692000000000000526e+01,1.469296875000000284e+02
2.696000000000001151e+01,1.466328125000000284e+02
2.699999999999999289e+01,1.461953125000000000e+02
2.703999999999999915e+01,1.464843750000000000e+02
2.708000000000000540e+01,1.468046875000000000e+02
2.712000000000001165e+01,1.463593750000000000e+02
2.715999999999998948e+01,1.468281250000000000e+02
2.719999999999999574e+01,1.465859375000000000e+02
2.724000000000000199e+01,1.466171875000000000e+02
2.728000000000000824e+01,1.468125000000000000e+02
2.731999999999998963e+01,1.463593750000000000e+02
2.735999999999999588e+01,1.467421875000000000e+02
2.740000000000000213e+01,1.469375000000000000e+02
2.744000000000000838e+01,1.456406250000000000e+02
2.747999999999998622e+01,1.465312500000000000e+02
2.751999999999999247e+01,1.462890625000000000e+02
2.755999999999999872e+01,1.462968750000000000e+02
2.760000000000000853e+01,1.465625000000000000e+02
2.764000000000001478e+01,1.466328125000000284e+02
2.767999999999999261e+01,1.462187500000000000e+02
2.771999999999999886e+01,1.471406250000000000e+02
2.776000000000000512e+01,1.463359375000000000e+02
2.780000000000001137e+01,1.463359375000000000e+02
2.783999999999998920e+01,1.459296875000000284e+02
2.787999999999999901e+01,1.458515625000000000e+02
2.792000000000000526e+01,1.464453125000000000e+02
2.796000000000001151e+01,1.468203125000000000e+02
2.799999999999998934e+01,1.464531250000000000e+02
2.803999999999999559e+01,1.469375000000000000e+02
2.808000000000000185e+01,1.469062500000000284e+02
2.812000000000000810e+01,1.469140625000000000e+02
2.815999999999998948e+01,1.462890625000000000e+02
2.819999999999999574e+01,1.465937500000000000e+02
2.824000000000000199e+01,1.468906250000000000e+02
2.828000000000000824e+01,1.469453125000000000e+02
2.832000000000001450e+01,1.462656250000000000e+02
2.835999999999999233e+01,1.462890625000000000e+02
2.839999999999999858e+01,1.468437500000000000e+02
2.844000000000000483e+01,1.468750000000000000e+02
2.848000000000001108e+01,1.463359375000000000e+02
2.851999999999999247e+01,1.465000000000000000e+02
2.855999999999999872e+01,1.463125000000000000e+02
2.860000000000000497e+01,1.465234375000000000e+02
2.864000000000001123e+01,1.466875000000000000e+02
2.867999999999998906e+01,1.467109375000000000e+02
2.871999999999999531e+01,1.465937500000000000e+02
2.876000000000000156e+01,1.464453125000000000e+02
2.880000000000000782e+01,1.466406250000000000e+02
2.883999999999998920e+01,1.465234375000000000e+02
2.887999999999999545e+01,1.466562500000000284e+02
2.892000000000000171e+01,1.466093750000000000e+02
2.896000000000000796e+01,1.461328125000000284e+02
2.899999999999998579e+01,1.467968750000000000e+02
2.903999999999999204e+01,1.462031250000000000e+02
2.907999999999999829e+01,1.466953125000000000e+02
2.912000000000000455e+01,1.463750000000000000e+02
2.916000000000001080e+01,1.466484375000000000e+02
2.919999999999999218e+01,1.463515625000000000e+02
2.923999999999999844e+01,1.461562500000000284e+02
2.928000000000000469e+01,1.458984375000000000e+02
2.932000000000001094e+01,1.463359375000000000e+02
2.935999999999998877e+01,1.466796875000000284e+02
2.939999999999999503e+01,1.456406250000000000e+02
2.944000000000000128e+01,1.459843750000000000e+02
2.948000000000000753e+01,1.462265625000000000e+02
2.951999999999998892e+01,1.465078125000000000e+02
2.955999999999999517e+01,1.461953125000000000e+02
2.960000000000000142e+01,1.463437500000000000e+02
2.964000000000000767e+01,1.457812500000000000e+02
2.967999999999998550e+01,1.467734375000000000e+02
2.971999999999999176e+01,1.463671875000000000e+02
2.975999999999999801e+01,1.462578125000000000e+02
2.980000000000000782e+01,1.457031250000000284e+02
2.984000000000001407e+01,1.461640625000000000e+02
2.987999999999999190e+01,1.459843750000000000e+02
2.991999999999999815e+01,1.458203125000000000e+02
2.996000000000000441e+01,1.456796875000000284e+02
3.000000000000001066e+01,1.470390625000000000e+02
3.003999999999998849e+01,1.466406250000000000e+02
3.007999999999999829e+01,1.460859375000000000e+02
3.012000000000000455e+01,1.460078125000000000e+02
3.016000000000001080e+01,1.455000000000000000e+02
3.019999999999998863e+01,1.463046875000000000e+02
3.023999999999999488e+01,1.460234375000000000e+02
3.028000000000000114e+01,1.458984375000000000e+02
3.032000000000000739e+01,1.461406250000000000e+02
3.035999999999998877e+01,1.465546875000000000e+02
3.039999999999999503e+01,1.461015625000000000e+02
3.044000000000000128e+01,1.465078125000000000e+02
3.048000000000000753e+01,1.465078125000000000e+02
3.052000000000001378e+01,1.459843750000000000e+02
3.055999999999999162e+01,1.459531250000000284e+02
3.059999999999999787e+01,1.454531250000000284e+02
3.064000000000000412e+01,1.456093750000000000e+02
3.068000000000001037e+01,1.460468750000000000e+02
3.071999999999999176e+01,1.459296875000000284e+02
3.075999999999999801e+01,1.461562500000000284e+02
3.080000000000000426e+01,1.462890625000000000e+02
3.084000000000001052e+01,1.458203125000000000e+02
3.087999999999998835e+01,1.460390625000000000e+02
3.091999999999999460e+01,1.458359375000000000e+02
3.096000000000000085e+01,1.461718750000000000e+02
3.100000000000000711e+01,1.460468750000000000e+02
3.103999999999998849e+01,1.462734375000000000e+02
3.107999999999999474e+01,1.455625000000000000e+02
3.112000000000000099e+01,1.454218750000000000e+02
3.116000000000000725e+01,1.461562500000000284e+02
3.120000000000001350e+01,1.466640625000000000e+02
3.123999999999999133e+01,1.459609375000000000e+02
3.127999999999999758e+01,1.457812500000000000e+02
3.132000000000000384e+01,1.458750000000000000e+02
3.136000000000001009e+01,1.459453125000000000e+02
3.139999999999999147e+01,1.457500000000000000e+02
3.143999999999999773e+01,1.463125000000000000e+02
3.148000000000000398e+01,1.461484375000000000e+02
3.152000000000001023e+01,1.460390625000000000e+02
3.155999999999998806e+01,1.462968750000000000e+02
3.159999999999999432e+01,1.461093750000000000e+02
3.164000000000000057e+01,1.455703125000000000e+02
3.168000000000000682e+01,1.456093750000000000e+02
3.171999999999998820e+01,1.453515625000000000e+02
3.175999999999999446e+01,1.458906250000000000e+02
3.180000000000000071e+01,1.451953125000000000e+02
3.184000000000000696e+01,1.457968750000000000e+02
3.188000000000001322e+01,1.455937500000000000e+02
3.191999999999999105e+01,1.455000000000000000e+02
3.195999999999999730e+01,1.457890625000000000e+02
3.200000000000000711e+01,1.455312500000000000e+02
3.204000000000001336e+01,1.454453125000000000e+02
3.207999999999999119e+01,1.453906250000000000e+02
3.211999999999999744e+01,1.457656250000000000e+02
3.216000000000000369e+01,1.459453125000000000e+02
3.220000000000000995e+01,1.455937500000000000e+02
3.223999999999998778e+01,1.454843750000000000e+02
3.227999999999999403e+01,1.456015625000000000e+02
3.232000000000000028e+01,1.462812500000000000e+02
3.236000000000000654e+01,1.463515625000000000e+02
3.239999999999999147e+01,1.456875000000000000e+02
3.243999999999999773e+01,1.458203125000000000e+02
3.248000000000000398e+01,1.460703125000000000e+02
3.252000000000001023e+01,1.452421875000000000e+02
3.256000000000001648e+01,1.456093750000000000e+02
3.259999999999999432e+01,1.454921875000000000e+02
3.264000000000000057e+01,1.454531250000000284e+02
3.268000000000000682e+01,1.461250000000000000e+02
3.272000000000001307e+01,1.455156250000000000e+02
3.275999999999999091e+01,1.458828125000000000e+02
3.279999999999999716e+01,1.453046875000000000e+02
3.284000000000000341e+01,1.452265625000000000e+02
3.288000000000000966e+01,1.450390625000000000e+02
3.291999999999998749e+01,1.457968750000000000e+02
3.295999999999999375e+01,1.455078125000000000e+02
3.300000000000000000e+01,1.456093750000000000e+02
3.304000000000000625e+01,1.453984375000000000e+02
3.307999999999999119e+01,1.452343750000000000e+02
3.311999999999999744e+01,1.456953125000000000e+02
3.316000000000000369e+01,1.454843750000000000e+02
3.320000000000000995e+01,1.454453125000000000e+02
3.323999999999998778e+01,1.450000000000000000e+02
3.327999999999999403e+01,1.452656250000000000e+02
3.332000000000000028e+01,1.455234375000000000e+02
3.336000000000000654e+01,1.454843750000000000e+02
3.340000000000001279e+01,1.450078125000000000e+02
3.343999999999999062e+01,1.453828125000000000e+02
3.347999999999999687e+01,1.457265625000000000e+02
3.352000000000000313e+01,1.450234375000000000e+02
3.356000000000000938e+01,1.453906250000000000e+02
3.359999999999998721e+01,1.456328125000000000e+02
3.363999999999999346e+01,1.455625000000000000e+02
3.367999999999999972e+01,1.451562500000000284e+02
3.372000000000000597e+01,1.457031250000000284e+02
3.375999999999999091e+01,1.449765625000000284e+02
3.379999999999999716e+01,1.452187500000000000e+02
3.384000000000000341e+01,1.456171875000000000e+02
3.388000000000000966e+01,1.458515625000000000e+02
3.391999999999998749e+01,1.455625000000000000e+02
3.395999999999999375e+01,1.454375000000000000e+02
3.400000000000000000e+01,1.452890625000000000e+02
3.404000000000000625e+01,1.453281250000000000e+02
3.408000000000001251e+01,1.450781250000000000e+02
3.411999999999999034e+01,1.448437500000000000e+02
3.415999999999999659e+01,1.452500000000000000e+02
3.420000000000000284e+01,1.455703125000000000e+02
3.424000000000000909e+01,1.452656250000000000e+02
3.427999999999998693e+01,1.456093750000000000e+02
3.431999999999999318e+01,1.452343750000000000e+02
3.436000000000000654e+01,1.456406250000000000e+02
3.440000000000001279e+01,1.451953125000000000e+02
3.443999999999999062e+01,1.446171875000000000e+02
3.447999999999999687e+01,1.451406250000000000e+02
3.452000000000000313e+01,1.450000000000000000e+02
3.456000000000000938e+01,1.452500000000000000e+02
3.459999999999998721e+01,1.458984375000000000e+02
3.463999999999999346e+01,1.457265625000000000e+02
3.467999999999999972e+01,1.454765625000000000e+02
3.472000000000000597e+01,1.453984375000000000e+02
3.476000000000001222e+01,1.451562500000000284e+02
3.479999999999999005e+01,1.452421875000000000e+02
3.483999999999999631e+01,1.456875000000000000e+02
3.488000000000000256e+01,1.450468750000000000e+02
3.492000000000000881e+01,1.457109375000000000e+02
3.495999999999999375e+01,1.454921875000000000e+02
3.500000000000000000e+01,1.456562500000000284e+02
3.504000000000000625e+01,1.453281250000000000e+02
3.508000000000001251e+01,1.447421875000000000e+02
3.511999999999999034e+01,1.450078125000000000e+02
3.515999999999999659e+01,1.448125000000000000e+02
3.520000000000000284e+01,1.448828125000000000e+02
3.524000000000000909e+01,1.450937500000000000e+02
3.527999999999998693e+01,1.449531250000000284e+02
3.531999999999999318e+01,1.449609375000000000e+02
3.535999999999999943e+01,1.447656250000000000e+02
3.540000000000000568e+01,1.447734375000000000e+02
3.544000000000001194e+01,1.451015625000000000e+02
3.547999999999998977e+01,1.448828125000000000e+02
3.551999999999999602e+01,1.450000000000000000e+02
3.556000000000000227e+01,1.448828125000000000e+02
3.560000000000000853e+01,1.446796875000000284e+02
3.563999999999999346e+01,1.451171875000000000e+02
3.567999999999999972e+01,1.450000000000000000e+02
3.572000000000000597e+01,1.450312500000000000e+02
3.576000000000001222e+01,1.449218750000000000e+02
3.579999999999999005e+01,1.454453125000000000e+02
3.583999999999999631e+01,1.452187500000000000e+02
3.588000000000000256e+01,1.453828125000000000e+02
3.592000000000000881e+01,1.449218750000000000e+02
3.595999999999998664e+01,1.452265625000000000e+02
3.599999999999999289e+01,1.449140625000000000e+02
3.603999999999999915e+01,1.447734375000000000e+02
3.608000000000000540e+01,1.450234375000000000e+02
3.612000000000001165e+01,1.448437500000000000e+02
3.615999999999998948e+01,1.453593750000000000e+02
3.619999999999999574e+01,1.447265625000000284e+02
3.624000000000000199e+01,1.453593750000000000e+02
3.628000000000000824e+01,1.453125000000000000e+02
3.631999999999999318e+01,1.449765625000000284e+02
3.635999999999999943e+01,1.452031250000000284e+02
3.640000000000000568e+01,1.450625000000000000e+02
3.644000000000001194e+01,1.450546875000000000e+02
3.647999999999998977e+01,1.451953125000000000e+02
3.651999999999999602e+01,1.449921875000000000e+02
3.656000000000000227e+01,1.447421875000000000e+02
3.660000000000000853e+01,1.441250000000000000e+02
3.663999999999998636e+01,1.448984375000000000e+02
3.667999999999999261e+01,1.444921875000000000e+02
3.671999999999999886e+01,1.450000000000000000e+02
3.676000000000000512e+01,1.449531250000000284e+02
3.680000000000001137e+01,1.454296875000000284e+02
3.683999999999999631e+01,1.448359375000000000e+02
3.688000000000000256e+01,1.447187500000000000e+02
3.692000000000000881e+01,1.448750000000000000e+02
3.696000000000001506e+01,1.450234375000000000e+02
3.699999999999999289e+01,1.446406250000000000e+02
3.703999999999999915e+01,1.451171875000000000e+02
3.708000000000000540e+01,1.447656250000000000e+02
3.712000000000001165e+01,1.449687500000000000e+02
3.715999999999998948e+01,1.449140625000000000e+02
3.719999999999999574e+01,1.449609375000000000e+02
3.724000000000000199e+01,1.450078125000000000e+02
3.728000000000000824e+01,1.449765625000000284e+02
3.731999999999998607e+01,1.449062500000000000e+02
3.735999999999999233e+01,1.453281250000000000e+02
3.739999999999999858e+01,1.450703125000000000e+02
3.744000000000000483e+01,1.445703125000000000e+02
3.747999999999998977e+01,1.447421875000000000e+02
3.751999999999999602e+01,1.446093750000000000e+02
3.756000000000000227e+01,1.448515625000000000e+02
3.760000000000000853e+01,1.444687500000000000e+02
3.764000000000001478e+01,1.441406250000000000e+02
3.767999999999999261e+01,1.448437500000000000e+02
3.771999999999999886e+01,1.449140625000000000e+02
3.776000000000000512e+01,1.442500000000000000e+02
3.780000000000001137e+01,1.442812500000000000e+02
3.783999999999998920e+01,1.449062500000000000e+02
3.787999999999999545e+01,1.444687500000000000e+02
3.792000000000000171e+01,1.441406250000000000e+02
3.796000000000000796e+01,1.449062500000000000e+02
3.799999999999998579e+01,1.443671875000000000e+02
3.803999999999999204e+01,1.444843750000000000e+02
3.807999999999999829e+01,1.440000000000000284e+02
3.812000000000000455e+01,1.449140625000000000e+02
3.815999999999998948e+01,1.445546875000000000e+02
3.819999999999999574e+01,1.448046875000000000e+02
3.824000000000000199e+01,1.447890625000000000e+02
3.828000000000000824e+01,1.446015625000000000e+02
3.832000000000001450e+01,1.448125000000000000e+02
3.835999999999999233e+01,1.442734375000000000e+02
3.839999999999999858e+01,1.447343750000000000e+02
3.844000000000000483e+01,1.443281250000000000e+02
3.848000000000001108e+01,1.446875000000000000e+02
3.851999999999998892e+01,1.440781250000000000e+02
3.855999999999999517e+01,1.444531250000000284e+02
3.860000000000000142e+01,1.448984375000000000e+02
3.864000000000000767e+01,1.442500000000000000e+02
3.867999999999998550e+01,1.441640625000000000e+02
3.871999999999999176e+01,1.448984375000000000e+02
3.876000000000000512e+01,1.445234375000000000e+02
3.880000000000001137e+01,1.443984375000000000e+02
3.883999999999998920e+01,1.444531250000000284e+02
3.887999999999999545e+01,1.449140625000000000e+02
3.892000000000000171e+01,1.441718750000000000e+02
3.896000000000000796e+01,1.442031250000000284e+02
3.900000000000001421e+01,1.446015625000000000e+02
3.903999999999999204e+01,1.443984375000000000e+02
3.907999999999999829e+01,1.443906250000000000e+02
3.912000000000000455e+01,1.440234375000000000e+02
3.916000000000001080e+01,1.439218750000000000e+02
3.919999999999998863e+01,1.440937500000000000e+02
3.923999999999999488e+01,1.450703125000000000e+02
3.928000000000000114e+01,1.441796875000000284e+02
3.932000000000000739e+01,1.445781250000000000e+02
3.935999999999999233e+01,1.453203125000000000e+02
3.939999999999999858e+01,1.449296875000000284e+02
3.944000000000000483e+01,1.442734375000000000e+02
3.948000000000001108e+01,1.444531250000000284e+02
3.951999999999998892e+01,1.444609375000000000e+02
3.955999999999999517e+01,1.445234375000000000e+02
3.960000000000000142e+01,1.440625000000000000e+02
3.964000000000000767e+01,1.439453125000000000e+02
3.968000000000001393e+01,1.442578125000000000e+02
3.971999999999999176e+01,1.439843750000000000e+02
3.975999999999999801e+01,1.439453125000000000e+02
3.980000000000000426e+01,1.444687500000000000e+02
3.984000000000001052e+01,1.445390625000000000e+02
3.987999999999998835e+01,1.440000000000000284e+02
3.991999999999999460e+01,1.441953125000000000e+02
3.996000000000000085e+01,1.441953125000000000e+02
4.000000000000000711e+01,1.441328125000000000e+02
4.003999999999999204e+01,1.441875000000000000e+02
4.007999999999999829e+01,1.445156250000000000e+02
4.012000000000000455e+01,1.437187500000000000e+02
4.016000000000001080e+01,1.446015625000000000e+02
4.019999999999998863e+01,1.437968750000000000e+02
4.023999999999999488e+01,1.447421875000000000e+02
4.028000000000000114e+01,1.435859375000000000e+02
4.032000000000000739e+01,1.441796875000000284e+02
4.036000000000001364e+01,1.440312500000000000e+02
4.039999999999999147e+01,1.442890625000000000e+02
4.043999999999999773e+01,1.438984375000000000e+02
4.048000000000000398e+01,1.439531250000000284e+02
4.052000000000001023e+01,1.441406250000000000e+02
4.055999999999998806e+01,1.445546875000000000e+02
4.059999999999999432e+01,1.440937500000000000e+02
4.064000000000000057e+01,1.448671875000000000e+02
4.068000000000000682e+01,1.436484375000000000e+02
4.071999999999999176e+01,1.438750000000000000e+02
4.075999999999999801e+01,1.442031250000000284e+02
4.080000000000000426e+01,1.440937500000000000e+02
4.084000000000001052e+01,1.436796875000000000e+02
4.087999999999998835e+01,1.442421875000000000e+02
4.091999999999999460e+01,1.443437500000000000e+02
4.096000000000000085e+01,1.446718750000000000e+02
4.100000000000000711e+01,1.431484375000000000e+02
4.104000000000001336e+01,1.440703125000000000e+02
4.107999999999999119e+01,1.438203125000000000e+02
4.111999999999999744e+01,1.441171875000000000e+02
4.116000000000000369e+01,1.440625000000000000e+02
4.120000000000000995e+01,1.439140625000000000e+02
4.123999999999999488e+01,1.442187500000000000e+02
4.128000000000000114e+01,1.439765625000000284e+02
4.132000000000000739e+01,1.433671875000000000e+02
4.136000000000001364e+01,1.440156250000000000e+02
4.139999999999999147e+01,1.439375000000000000e+02
4.143999999999999773e+01,1.435312500000000000e+02
4.148000000000000398e+01,1.439296875000000000e+02
4.152000000000001023e+01,1.438671875000000000e+02
4.155999999999998806e+01,1.438046875000000000e+02
4.159999999999999432e+01,1.432421875000000000e+02
4.164000000000000057e+01,1.441093750000000000e+02
4.168000000000000682e+01,1.441484375000000000e+02
4.171999999999998465e+01,1.439375000000000000e+02
4.175999999999999091e+01,1.437343750000000000e+02
4.179999999999999716e+01,1.441093750000000000e+02
4.184000000000000341e+01,1.435781250000000000e+02
4.188000000000000966e+01,1.439609375000000000e+02
4.191999999999999460e+01,1.434453125000000000e+02
4.196000000000000085e+01,1.437031250000000284e+02
4.200000000000000711e+01,1.432421875000000000e+02
4.204000000000001336e+01,1.432187500000000000e+02
4.207999999999999119e+01,1.439296875000000000e+02
4.211999999999999744e+01,1.436953125000000000e+02
4.216000000000000369e+01,1.438437500000000000e+02
4.220000000000000995e+01,1.440156250000000000e+02
4.223999999999998778e+01,1.436015625000000000e+02
4.227999999999999403e+01,1.436484375000000000e+02
4.232000000000000028e+01,1.433671875000000000e+02
4.236000000000000654e+01,1.430390625000000000e+02
4.239999999999998437e+01,1.443593750000000000e+02
4.243999999999999062e+01,1.437656250000000000e+02
4.247999999999999687e+01,1.443203125000000000e+02
4.252000000000000313e+01,1.438750000000000000e+02
4.256000000000000938e+01,1.435156250000000000e+02
4.259999999999999432e+01,1.432578125000000000e+02
4.264000000000000057e+01,1.438984375000000000e+02
4.268000000000000682e+01,1.439531250000000284e+02
4.272000000000001307e+01,1.433593750000000000e+02
4.275999999999999091e+01,1.437812500000000000e+02
4.279999999999999716e+01,1.438203125000000000e+02
4.284000000000000341e+01,1.435859375000000000e+02
4.288000000000000966e+01,1.437656250000000000e+02
4.291999999999998749e+01,1.438593750000000000e+02
4.295999999999999375e+01,1.432109375000000000e+02
4.300000000000000000e+01,1.438906250000000000e+02
4.304000000000000625e+01,1.433984375000000000e+02
4.307999999999998408e+01,1.437734375000000000e+02
4.311999999999999034e+01,1.433750000000000000e+02
4.315999999999999659e+01,1.433906250000000000e+02
4.320000000000000995e+01,1.435937500000000000e+02
4.324000000000001620e+01,1.433984375000000000e+02
4.327999999999999403e+01,1.430937500000000000e+02
4.332000000000000028e+01,1.438359375000000000e+02
4.336000000000000654e+01,1.435078125000000000e+02
4.340000000000001279e+01,1.440468750000000000e+02
4.343999999999999062e+01,1.438437500000000000e+02
4.347999999999999687e+01,1.435781250000000000e+02
4.352000000000000313e+01,1.433359375000000000e+02
4.356000000000000938e+01,1.440312500000000000e+02
4.359999999999998721e+01,1.437656250000000000e+02
4.363999999999999346e+01,1.438437500000000000e+02
4.367999999999999972e+01,1.438437500000000000e+02
4.372000000000000597e+01,1.436484375000000000e+02
4.375999999999999091e+01,1.436093750000000000e+02
4.379999999999999716e+01,1.434921875000000000e+02
4.384000000000000341e+01,1.432109375000000000e+02
4.388000000000000966e+01,1.438984375000000000e+02
4.392000000000001592e+01,1.436718750000000000e+02
4.395999999999999375e+01,1.433281250000000000e+02
4.400000000000000000e+01,1.434609375000000000e+02
4.404000000000000625e+01,1.434453125000000000e+02
4.408000000000001251e+01,1.436484375000000000e+02
4.411999999999999034e+01,1.434843750000000000e+02
4.415999999999999659e+01,1.433515625000000000e+02
4.420000000000000284e+01,1.436015625000000000e+02
4.424000000000000909e+01,1.435625000000000000e+02
4.427999999999998693e+01,1.435156250000000000e+02
4.431999999999999318e+01,1.434531250000000284e+02
4.435999999999999943e+01,1.429843750000000000e+02
4.440000000000000568e+01,1.433750000000000000e+02
4.443999999999999062e+01,1.429609375000000000e+02
4.447999999999999687e+01,1.437578125000000000e+02
4.452000000000000313e+01,1.428203125000000000e+02
4.456000000000000938e+01,1.432968750000000000e+02
4.460000000000001563e+01,1.435312500000000000e+02
4.463999999999999346e+01,1.431562500000000000e+02
4.467999999999999972e+01,1.433203125000000000e+02
4.472000000000000597e+01,1.433437500000000000e+02
4.476000000000001222e+01,1.432968750000000000e+02
4.479999999999999005e+01,1.435234375000000000e+02
4.483999999999999631e+01,1.430312500000000000e+02
4.488000000000000256e+01,1.435078125000000000e+02
4.492000000000000881e+01,1.434062500000000000e+02
4.495999999999998664e+01,1.438281250000000000e+02
4.499999999999999289e+01,1.434687500000000000e+02
4.503999999999999915e+01,1.436093750000000000e+02
4.508000000000000540e+01,1.435703125000000000e+02
4.511999999999999034e+01,1.432578125000000000e+02
4.515999999999999659e+01,1.430859375000000000e+02
4.520000000000000284e+01,1.431171875000000000e+02
4.524000000000000909e+01,1.435312500000000000e+02
4.528000000000001535e+01,1.432734375000000000e+02
4.531999999999999318e+01,1.436328125000000000e+02
4.535999999999999943e+01,1.432031250000000284e+02
4.540000000000000568e+01,1.431953125000000000e+02
4.544000000000001194e+01,1.433046875000000000e+02
4.547999999999998977e+01,1.426796875000000000e+02
4.551999999999999602e+01,1.434062500000000000e+02
4.556000000000000227e+01,1.434921875000000000e+02
4.560000000000000853e+01,1.427812500000000000e+02
4.563999999999999346e+01,1.433359375000000000e+02
4.567999999999999972e+01,1.432500000000000284e+02
4.572000000000000597e+01,1.429296875000000000e+02
4.576000000000001222e+01,1.430234375000000000e+02
4.579999999999999005e+01,1.425546875000000000e+02
4.583999999999999631e+01,1.433671875000000000e+02
4.588000000000000256e+01,1.432031250000000284e+02
4.592000000000000881e+01,1.434687500000000000e+02
4.596000000000001506e+01,1.425546875000000000e+02
4.599999999999999289e+01,1.424609375000000000e+02
4.603999999999999915e+01,1.434375000000000000e+02
4.608000000000000540e+01,1.430546875000000000e+02
4.612000000000001165e+01,1.434140625000000000e+02
4.615999999999998948e+01,1.434375000000000000e+02
4.619999999999999574e+01,1.430703125000000000e+02
4.624000000000000199e+01,1.434375000000000000e+02
4.628000000000000824e+01,1.426406250000000000e+02
4.631999999999999318e+01,1.438281250000000000e+02
4.635999999999999943e+01,1.424531250000000000e+02
4.640000000000000568e+01,1.432500000000000284e+02
4.644000000000001194e+01,1.426484375000000000e+02
4.647999999999998977e+01,1.430390625000000000e+02
4.651999999999999602e+01,1.433750000000000000e+02
4.656000000000000227e+01,1.430078125000000000e+02
4.660000000000000853e+01,1.426406250000000000e+02
4.663999999999998636e+01,1.438828125000000000e+02
4.667999999999999261e+01,1.427734375000000284e+02
4.671999999999999886e+01,1.433203125000000000e+02
4.676000000000000512e+01,1.430468750000000000e+02
4.680000000000001137e+01,1.428359375000000000e+02
4.683999999999998920e+01,1.431406250000000000e+02
4.687999999999999545e+01,1.428593750000000000e+02
4.692000000000000171e+01,1.427656250000000000e+02
4.696000000000000796e+01,1.431484375000000000e+02
4.699999999999999289e+01,1.431015625000000000e+02
4.703999999999999915e+01,1.424609375000000000e+02
4.708000000000000540e+01,1.429687500000000000e+02
4.712000000000001165e+01,1.426718750000000000e+02
4.715999999999998948e+01,1.437578125000000000e+02
4.719999999999999574e+01,1.428281250000000000e+02
4.724000000000000199e+01,1.429765625000000284e+02
4.728000000000000824e+01,1.430390625000000000e+02
4.731999999999998607e+01,1.434218750000000000e+02
4.735999999999999233e+01,1.427578125000000000e+02
4.739999999999999858e+01,1.426640625000000000e+02
4.744000000000000483e+01,1.428281250000000000e+02
4.748000000000001108e+01,1.426562500000000000e+02
4.751999999999998892e+01,1.428906250000000000e+02
4.755999999999999517e+01,1.427421875000000000e+02
4.760000000000000853e+01,1.432812500000000000e+02
4.764000000000001478e+01,1.430156250000000000e+02
4.767999999999999261e+01,1.431796875000000000e+02
4.771999999999999886e+01,1.428671875000000000e+02
4.776000000000000512e+01,1.426796875000000000e+02
4.780000000000001137e+01,1.428125000000000000e+02
4.783999999999998920e+01,1.425078125000000000e+02
4.787999999999999545e+01,1.424531250000000000e+02
4.792000000000000171e+01,1.424140625000000000e+02
4.796000000000000796e+01,1.431484375000000000e+02
4.799999999999998579e+01,1.425937500000000000e+02
4.803999999999999204e+01,1.423125000000000000e+02
4.807999999999999829e+01,1.420468750000000000e+02
4.812000000000000455e+01,1.428125000000000000e+02
4.816000000000001080e+01,1.428359375000000000e+02
4.819999999999999574e+01,1.426015625000000000e+02
4.824000000000000199e+01,1.427265625000000284e+02
4.828000000000000824e+01,1.422968750000000000e+02
4.832000000000001450e+01,1.426406250000000000e+02
4.835999999999999233e+01,1.423203125000000000e+02
4.839999999999999858e+01,1.427421875000000000e+02
4.844000000000000483e+01,1.428359375000000000e+02
4.848000000000001108e+01,1.425000000000000284e+02
4.851999999999998892e+01,1.423828125000000000e+02
4.855999999999999517e+01,1.429531250000000000e+02
4.860000000000000142e+01,1.427421875000000000e+02
4.864000000000000767e+01,1.422734375000000284e+02
4.867999999999998550e+01,1.422968750000000000e+02
4.871999999999999176e+01,1.421718750000000000e+02
4.875999999999999801e+01,1.425781250000000000e+02
4.880000000000000426e+01,1.420312500000000000e+02
4.884000000000001052e+01,1.424921875000000000e+02
4.887999999999999545e+01,1.429218750000000000e+02
4.892000000000000171e+01,1.422187500000000000e+02
4.896000000000000796e+01,1.426796875000000000e+02
4.900000000000001421e+01,1.421406250000000000e+02
4.903999999999999204e+01,1.425234375000000284e+02
4.907999999999999829e+01,1.421718750000000000e+02
4.912000000000000455e+01,1.426875000000000000e+02
4.916000000000001080e+01,1.423437500000000000e+02
4.919999999999998863e+01,1.424765625000000284e+02
4.923999999999999488e+01,1.418125000000000000e+02
4.928000000000000114e+01,1.421250000000000000e+02
4.932000000000000739e+01,1.424218750000000000e+02
4.935999999999998522e+01,1.426171875000000000e+02
4.939999999999999147e+01,1.426406250000000000e+02
4.943999999999999773e+01,1.428125000000000000e+02
4.948000000000000398e+01,1.421718750000000000e+02
4.952000000000001023e+01,1.426562500000000000e+02
4.955999999999999517e+01,1.422109375000000000e+02
4.960000000000000142e+01,1.420859375000000000e+02
4.964000000000000767e+01,1.419375000000000000e+02
4.968000000000001393e+01,1.426328125000000000e+02
4.971999999999999176e+01,1.424765625000000284e+02
4.975999999999999801e+01,1.423984375000000000e+02
4.980000000000000426e+01,1.417734375000000284e+02
4.984000000000001052e+01,1.423359375000000000e+02
4.987999999999998835e+01,1.425625000000000000e+02
4.991999999999999460e+01,1.420312500000000000e+02
4.996000000000000085e+01,1.424453125000000000e+02
5.000000000000000711e+01,1.424921875000000000e+02
5.003999999999998494e+01,1.426328125000000000e+02
5.007999999999999829e+01,1.422343750000000000e+02
5.012000000000000455e+01,1.423750000000000000e+02
5.016000000000001080e+01,1.422265625000000284e+02
5.020000000000001705e+01,1.426640625000000000e+02
5.023999999999999488e+01,1.420078125000000000e+02
5.028000000000000114e+01,1.419921875000000000e+02
5.032000000000000739e+01,1.420546875000000000e+02
5.036000000000001364e+01,1.423281250000000000e+02
5.039999999999999147e+01,1.425078125000000000e+02
5.043999999999999773e+01,1.418984375000000000e+02
5.048000000000000398e+01,1.417968750000000284e+02
5.052000000000001023e+01,1.419062500000000000e+02
5.055999999999998806e+01,1.422500000000000284e+02
5.059999999999999432e+01,1.422187500000000000e+02
5.064000000000000057e+01,1.416171875000000000e+02
5.068000000000000682e+01,1.420468750000000000e+02
5.071999999999999176e+01,1.419531250000000000e+02
5.075999999999999801e+01,1.424453125000000000e+02
5.080000000000000426e+01,1.428906250000000000e+02
5.084000000000001052e+01,1.424453125000000000e+02
5.087999999999998835e+01,1.418906250000000000e+02
5.091999999999999460e+01,1.421093750000000000e+02
5.096000000000000085e+01,1.420078125000000000e+02
5.100000000000000711e+01,1.419453125000000000e+02
5.104000000000001336e+01,1.417265625000000000e+02
5.107999999999999119e+01,1.418046875000000000e+02
5.111999999999999744e+01,1.416875000000000000e+02
5.116000000000000369e+01,1.422187500000000000e+02
5.120000000000000995e+01,1.417968750000000284e+02
5.123999999999998778e+01,1.416015625000000000e+02
5.127999999999999403e+01,1.414062500000000000e+02
5.132000000000000028e+01,1.417500000000000284e+02
5.136000000000000654e+01,1.422265625000000284e+02
5.139999999999999147e+01,1.423593750000000000e+02
5.143999999999999773e+01,1.423906250000000000e+02
5.148000000000000398e+01,1.414765625000000000e+02
5.152000000000001023e+01,1.418359375000000000e+02
5.155999999999998806e+01,1.423203125000000000e+02
5.159999999999999432e+01,1.420312500000000000e+02
5.164000000000000057e+01,1.411250000000000000e+02
5.168000000000000682e+01,1.422343750000000000e+02
5.172000000000001307e+01,1.412812500000000000e+02
5.175999999999999091e+01,1.418046875000000000e+02
5.179999999999999716e+01,1.419843750000000000e+02
5.184000000000000341e+01,1.416093750000000000e+02
5.188000000000000966e+01,1.416562500000000000e+02
5.191999999999998749e+01,1.417968750000000284e+02
5.195999999999999375e+01,1.420546875000000000e+02
5.200000000000000711e+01,1.417968750000000284e+02
5.204000000000001336e+01,1.417265625000000000e+02
5.207999999999999119e+01,1.420468750000000000e+02
5.211999999999999744e+01,1.413046875000000000e+02
5.216000000000000369e+01,1.418593750000000000e+02
5.220000000000000995e+01,1.417968750000000284e+02
5.223999999999998778e+01,1.420000000000000284e+02
5.227999999999999403e+01,1.413203125000000000e+02
5.232000000000000028e+01,1.411718750000000000e+02
5.236000000000000654e+01,1.419453125000000000e+02
5.240000000000001279e+01,1.418125000000000000e+02
5.243999999999999062e+01,1.417734375000000284e+02
5.247999999999999687e+01,1.411015625000000000e+02
5.252000000000000313e+01,1.418671875000000000e+02
5.256000000000000938e+01,1.414140625000000000e+02
5.259999999999999432e+01,1.418125000000000000e+02
5.264000000000000057e+01,1.416640625000000000e+02
5.268000000000000682e+01,1.419687500000000000e+02
5.272000000000001307e+01,1.416250000000000000e+02
5.275999999999999091e+01,1.413906250000000000e+02
5.279999999999999716e+01,1.414531250000000000e+02
5.284000000000000341e+01,1.415390625000000000e+02
5.288000000000000966e+01,1.416640625000000000e+02
5.291999999999998749e+01,1.416718750000000000e+02
5.295999999999999375e+01,1.416171875000000000e+02
5.300000000000000000e+01,1.410312500000000000e+02
5.304000000000000625e+01,1.415000000000000284e+02
5.308000000000001251e+01,1.408750000000000000e+02
5.311999999999999034e+01,1.415937500000000000e+02
5.315999999999999659e+01,1.414765625000000000e+02
5.320000000000000284e+01,1.415000000000000284e+02
5.324000000000000909e+01,1.415234375000000284e+02
5.327999999999999403e+01,1.416562500000000000e+02
5.332000000000000028e+01,1.417031250000000000e+02
5.336000000000000654e+01,1.418828125000000000e+02
5.340000000000001279e+01,1.419218750000000000e+02
5.343999999999999062e+01,1.409921875000000000e+02
5.347999999999999687e+01,1.414921875000000000e+02
5.352000000000000313e+01,1.422109375000000000e+02
5.356000000000000938e+01,1.412265625000000000e+02
5.359999999999998721e+01,1.410390625000000000e+02
5.363999999999999346e+01,1.417187500000000000e+02
5.367999999999999972e+01,1.413984375000000000e+02
5.372000000000000597e+01,1.417656250000000000e+02
5.376000000000001222e+01,1.413984375000000000e+02
5.379999999999999005e+01,1.417031250000000000e+02
5.383999999999999631e+01,1.410546875000000000e+02
5.388000000000000256e+01,1.414843750000000000e+02
5.392000000000000881e+01,1.405390625000000000e+02
5.395999999999999375e+01,1.415000000000000284e+02
5.400000000000000000e+01,1.410468750000000284e+02
5.404000000000000625e+01,1.420859375000000000e+02
5.408000000000001251e+01,1.416484375000000000e+02
5.411999999999999034e+01,1.417421875000000000e+02
5.415999999999999659e+01,1.422656250000000000e+02
5.420000000000000284e+01,1.413984375000000000e+02
5.424000000000000909e+01,1.416250000000000000e+02
5.427999999999998693e+01,1.411796875000000000e+02
5.431999999999999318e+01,1.410625000000000000e+02
5.435999999999999943e+01,1.410000000000000000e+02
5.440000000000000568e+01,1.410078125000000000e+02
5.444000000000001194e+01,1.415859375000000000e+02
5.447999999999999687e+01,1.416093750000000000e+02
5.452000000000000313e+01,1.413828125000000000e+02
5.456000000000000938e+01,1.418828125000000000e+02
5.460000000000001563e+01,1.408828125000000000e+02
5.463999999999999346e+01,1.415546875000000000e+02
5.467999999999999972e+01,1.413125000000000000e+02
5.472000000000000597e+01,1.415703125000000000e+02
5.476000000000001222e+01,1.416093750000000000e+02
5.479999999999999005e+01,1.409687500000000000e+02
5.483999999999999631e+01,1.411093750000000000e+02
5.488000000000000256e+01,1.414375000000000000e+02
5.492000000000000881e+01,1.410625000000000000e+02
5.495999999999998664e+01,1.414609375000000000e+02
5.499999999999999289e+01,1.408359375000000000e+02
5.503999999999999915e+01,1.406718750000000000e+02
5.508000000000000540e+01,1.416484375000000000e+02
5.511999999999999034e+01,1.405000000000000000e+02
5.515999999999999659e+01,1.404140625000000000e+02
5.520000000000000284e+01,1.403203125000000284e+02
5.524000000000000909e+01,1.411328125000000000e+02
5.528000000000001535e+01,1.410234375000000284e+02
5.531999999999999318e+01,1.413125000000000000e+02
5.535999999999999943e+01,1.409062500000000000e+02
5.540000000000000568e+01,1.411328125000000000e+02
5.544000000000001194e+01,1.411718750000000000e+02
5.547999999999998977e+01,1.408906250000000000e+02
5.551999999999999602e+01,1.411250000000000000e+02
5.556000000000000227e+01,1.405781250000000000e+02
5.560000000000000853e+01,1.408593750000000000e+02
5.563999999999998636e+01,1.408281250000000000e+02
5.567999999999999261e+01,1.410468750000000284e+02
5.571999999999999886e+01,1.402421875000000000e+02
5.576000000000000512e+01,1.409843750000000000e+02
5.579999999999999005e+01,1.402890625000000000e+02
5.583999999999999631e+01,1.410312500000000000e+02
5.588000000000000256e+01,1.409843750000000000e+02
5.592000000000000881e+01,1.410078125000000000e+02
5.596000000000001506e+01,1.405546875000000000e+02
5.599999999999999289e+01,1.408593750000000000e+02
5.603999999999999915e+01,1.406562500000000000e+02
5.608000000000000540e+01,1.411406250000000000e+02
5.612000000000001165e+01,1.407265625000000000e+02
5.615999999999998948e+01,1.409687500000000000e+02
5.619999999999999574e+01,1.407031250000000000e+02
5.624000000000000199e+01,1.406796875000000000e+02
5.628000000000000824e+01,1.410234375000000284e+02
5.631999999999998607e+01,1.410703125000000000e+02
5.635999999999999233e+01,1.411796875000000000e+02
5.639999999999999858e+01,1.410390625000000000e+02
5.644000000000001194e+01,1.412578125000000000e+02
5.647999999999998977e+01,1.412890625000000000e+02
5.651999999999999602e+01,1.410156250000000000e+02
5.656000000000000227e+01,1.403046875000000000e+02
5.660000000000000853e+01,1.403906250000000000e+02
5.664000000000001478e+01,1.403515625000000000e+02
5.667999999999999261e+01,1.407265625000000000e+02
5.671999999999999886e+01,1.410234375000000284e+02
5.676000000000000512e+01,1.407187500000000000e+02
5.680000000000001137e+01,1.406328125000000000e+02
5.683999999999998920e+01,1.408125000000000000e+02
5.687999999999999545e+01,1.404062500000000000e+02
5.692000000000000171e+01,1.405234375000000284e+02
5.696000000000000796e+01,1.405859375000000000e+02
5.699999999999999289e+01,1.405546875000000000e+02
5.703999999999999915e+01,1.406640625000000000e+02
5.708000000000000540e+01,1.404218750000000000e+02
5.712000000000001165e+01,1.404140625000000000e+02
5.715999999999998948e+01,1.407578125000000000e+02
5.719999999999999574e+01,1.405703125000000284e+02
5.724000000000000199e+01,1.409531250000000000e+02
5.728000000000000824e+01,1.402890625000000000e+02
5.732000000000001450e+01,1.404453125000000000e+02
5.735999999999999233e+01,1.404687500000000000e+02
5.739999999999999858e+01,1.402265625000000000e+02
5.744000000000000483e+01,1.408515625000000000e+02
5.748000000000001108e+01,1.410703125000000000e+02
5.751999999999998892e+01,1.403984375000000000e+02
5.755999999999999517e+01,1.404843750000000000e+02
5.760000000000000142e+01,1.407812500000000000e+02
5.764000000000000767e+01,1.409609375000000000e+02
5.767999999999999261e+01,1.402421875000000000e+02
5.771999999999999886e+01,1.404687500000000000e+02
5.776000000000000512e+01,1.403828125000000000e+02
5.780000000000001137e+01,1.402187500000000000e+02
5.783999999999998920e+01,1.402187500000000000e+02
5.787999999999999545e+01,1.400546875000000000e+02
5.792000000000000171e+01,1.407734375000000284e+02
5.796000000000000796e+01,1.401796875000000000e+02
5.800000000000001421e+01,1.398906250000000000e+02
5.803999999999999204e+01,1.405937500000000000e+02
5.807999999999999829e+01,1.404218750000000000e+02
5.812000000000000455e+01,1.405078125000000000e+02
5.816000000000001080e+01,1.408750000000000000e+02
5.819999999999998863e+01,1.400468750000000284e+02
5.823999999999999488e+01,1.407578125000000000e+02
5.828000000000000114e+01,1.397500000000000000e+02
5.832000000000000739e+01,1.400468750000000284e+02
5.835999999999999233e+01,1.402421875000000000e+02
5.839999999999999858e+01,1.404609375000000000e+02
5.844000000000000483e+01,1.399062500000000000e+02
5.848000000000001108e+01,1.399921875000000000e+02
5.851999999999998892e+01,1.405546875000000000e+02
5.855999999999999517e+01,1.399140625000000000e+02
5.860000000000000142e+01,1.409296875000000000e+02
5.864000000000000767e+01,1.399765625000000000e+02
5.868000000000001393e+01,1.403046875000000000e+02
5.871999999999999176e+01,1.404140625000000000e+02
5.875999999999999801e+01,1.400625000000000000e+02
5.880000000000000426e+01,1.399765625000000000e+02
5.884000000000001052e+01,1.399609375000000000e+02
5.887999999999999545e+01,1.404843750000000000e+02
5.892000000000000171e+01,1.402734375000000284e+02
5.896000000000000796e+01,1.397968750000000284e+02
5.900000000000001421e+01,1.399609375000000000e+02
5.903999999999999204e+01,1.399921875000000000e+02
5.907999999999999829e+01,1.401171875000000000e+02
5.912000000000000455e+01,1.399375000000000000e+02
5.916000000000001080e+01,1.399453125000000000e+02
5.919999999999998863e+01,1.401250000000000000e+02
5.923999999999999488e+01,1.398281250000000000e+02
5.928000000000000114e+01,1.398281250000000000e+02
5.932000000000000739e+01,1.401406250000000000e+02
5.935999999999998522e+01,1.403515625000000000e+02
5.939999999999999147e+01,1.397890625000000000e+02
5.943999999999999773e+01,1.400156250000000000e+02
5.948000000000000398e+01,1.404531250000000000e+02
5.952000000000001023e+01,1.399453125000000000e+02
5.955999999999999517e+01,1.398281250000000000e+02
5.960000000000000142e+01,1.402578125000000000e+02
5.964000000000000767e+01,1.400625000000000000e+02
5.968000000000001393e+01,1.395078125000000000e+02
5.971999999999999176e+01,1.399062500000000000e+02
5.975999999999999801e+01,1.394609375000000000e+02
5.980000000000000426e+01,1.401093750000000000e+02
5.984000000000001052e+01,1.399296875000000000e+02
5.987999999999998835e+01,1.398906250000000000e+02
5.991999999999999460e+01,1.399765625000000000e+02
5.996000000000000085e+01,1.396640625000000000e+02
6.000000000000000711e+01,1.398984375000000000e+02
6.003999999999998494e+01,1.399765625000000000e+02
6.007999999999999119e+01,1.399687500000000000e+02
6.011999999999999744e+01,1.400078125000000000e+02
6.016000000000000369e+01,1.399062500000000000e+02
6.020000000000000995e+01,1.394765625000000000e+02
6.023999999999999488e+01,1.395859375000000000e+02
6.028000000000000114e+01,1.393593750000000000e+02
6.032000000000000739e+01,1.400703125000000284e+02
6.036000000000001364e+01,1.402578125000000000e+02
6.039999999999999147e+01,1.401093750000000000e+02
6.043999999999999773e+01,1.392968750000000284e+02
6.048000000000000398e+01,1.395390625000000000e+02
6.052000000000001023e+01,1.392734375000000000e+02
6.055999999999998806e+01,1.399765625000000000e+02
6.059999999999999432e+01,1.403203125000000284e+02
6.064000000000000057e+01,1.395781250000000000e+02
6.068000000000000682e+01,1.396484375000000000e+02
6.071999999999998465e+01,1.402031250000000000e+02
6.075999999999999091e+01,1.393984375000000000e+02
6.079999999999999716e+01,1.394375000000000000e+02
6.084000000000001052e+01,1.399218750000000000e+02
6.088000000000001677e+01,1.400000000000000000e+02
6.091999999999999460e+01,1.398281250000000000e+02
6.096000000000000085e+01,1.393671875000000000e+02
6.100000000000000711e+01,1.394531250000000000e+02
6.104000000000001336e+01,1.395468750000000284e+02
6.107999999999999119e+01,1.393906250000000000e+02
6.111999999999999744e+01,1.398515625000000000e+02
6.116000000000000369e+01,1.392890625000000000e+02
6.120000000000000995e+01,1.393046875000000000e+02
6.123999999999998778e+01,1.392734375000000000e+02
6.127999999999999403e+01,1.391250000000000000e+02
6.132000000000000028e+01,1.392656250000000000e+02
6.136000000000000654e+01,1.394453125000000000e+02
6.139999999999999147e+01,1.394609375000000000e+02
6.143999999999999773e+01,1.394765625000000000e+02
6.148000000000000398e+01,1.394765625000000000e+02
6.152000000000001023e+01,1.397187500000000000e+02
6.156000000000001648e+01,1.391640625000000000e+02
6.159999999999999432e+01,1.395234375000000000e+02
6.164000000000000057e+01,1.391562500000000000e+02
6.168000000000000682e+01,1.395468750000000284e+02
6.172000000000001307e+01,1.391875000000000000e+02
6.175999999999999091e+01,1.393984375000000000e+02
6.179999999999999716e+01,1.393125000000000000e+02
6.184000000000000341e+01,1.387187500000000000e+02
6.188000000000000966e+01,1.396562500000000000e+02
6.191999999999998749e+01,1.396171875000000000e+02
6.195999999999999375e+01,1.393046875000000000e+02
6.200000000000000000e+01,1.395546875000000000e+02
6.204000000000000625e+01,1.394921875000000000e+02
6.207999999999999119e+01,1.391093750000000000e+02
6.211999999999999744e+01,1.390156250000000000e+02
6.216000000000000369e+01,1.400468750000000284e+02
6.220000000000000995e+01,1.392968750000000284e+02
6.224000000000001620e+01,1.391250000000000000e+02
6.227999999999999403e+01,1.392343750000000000e+02
6.232000000000000028e+01,1.395937500000000284e+02
6.236000000000000654e+01,1.388906250000000000e+02
6.240000000000001279e+01,1.393125000000000000e+02
6.243999999999999062e+01,1.396718750000000000e+02
6.247999999999999687e+01,1.393593750000000000e+02
6.252000000000000313e+01,1.391328125000000000e+02
6.256000000000000938e+01,1.393750000000000000e+02
6.259999999999998721e+01,1.387109375000000000e+02
6.263999999999999346e+01,1.388750000000000000e+02
6.267999999999999972e+01,1.392500000000000000e+02
6.272000000000000597e+01,1.388828125000000000e+02
6.275999999999999091e+01,1.397265625000000000e+02
6.279999999999999716e+01,1.390234375000000000e+02
6.284000000000000341e+01,1.392343750000000000e+02
6.288000000000000966e+01,1.391875000000000000e+02
6.292000000000001592e+01,1.390312500000000000e+02
6.295999999999999375e+01,1.388593750000000000e+02
6.300000000000000000e+01,1.397734375000000000e+02
6.304000000000000625e+01,1.385468750000000000e+02
6.308000000000001251e+01,1.390078125000000000e+02
6.311999999999999034e+01,1.393437500000000284e+02
6.315999999999999659e+01,1.388828125000000000e+02
6.320000000000000284e+01,1.389140625000000000e+02
6.324000000000000909e+01,1.389062500000000000e+02
6.327999999999998693e+01,1.395390625000000000e+02
6.332000000000000028e+01,1.390156250000000000e+02
6.336000000000000654e+01,1.386796875000000000e+02
6.340000000000001279e+01,1.392031250000000000e+02
6.343999999999999062e+01,1.388437500000000284e+02
6.347999999999999687e+01,1.388515625000000000e+02
6.352000000000000313e+01,1.391718750000000000e+02
6.356000000000000938e+01,1.387109375000000000e+02
6.359999999999998721e+01,1.392421875000000000e+02
6.363999999999999346e+01,1.390078125000000000e+02
6.367999999999999972e+01,1.392343750000000000e+02
6.372000000000000597e+01,1.387890625000000000e+02
6.376000000000001222e+01,1.388593750000000000e+02
6.379999999999999005e+01,1.387421875000000000e+02
6.383999999999999631e+01,1.386171875000000284e+02
6.388000000000000256e+01,1.386718750000000000e+02
6.392000000000000881e+01,1.384062500000000000e+02
6.395999999999999375e+01,1.388203125000000284e+02
6.400000000000000000e+01,1.390781250000000000e+02
6.404000000000000625e+01,1.390156250000000000e+02
6.408000000000001251e+01,1.385312500000000000e+02
6.411999999999999034e+01,1.383671875000000284e+02
6.415999999999999659e+01,1.387734375000000000e+02
6.420000000000000284e+01,1.387890625000000000e+02
6.424000000000000909e+01,1.388359375000000000e+02
6.427999999999998693e+01,1.387578125000000000e+02
6.431999999999999318e+01,1.387578125000000000e+02
6.435999999999999943e+01,1.384609375000000000e+02
6.440000000000000568e+01,1.387109375000000000e+02
6.444000000000001194e+01,1.387265625000000000e+02
6.447999999999998977e+01,1.387812500000000000e+02
6.451999999999999602e+01,1.380000000000000000e+02
6.456000000000000227e+01,1.383046875000000000e+02
6.460000000000000853e+01,1.388359375000000000e+02
6.463999999999998636e+01,1.386406250000000000e+02
6.467999999999999261e+01,1.384453125000000000e+02
6.471999999999999886e+01,1.391796875000000000e+02
6.476000000000000512e+01,1.378125000000000000e+02
6.479999999999998295e+01,1.382812500000000000e+02
6.483999999999998920e+01,1.379453125000000000e+02
6.487999999999999545e+01,1.380468750000000000e+02
6.492000000000000171e+01,1.388203125000000284e+02
6.495999999999999375e+01,1.380937500000000284e+02
6.500000000000000000e+01,1.384765625000000000e+02
6.504000000000000625e+01,1.383828125000000000e+02
6.508000000000001251e+01,1.388203125000000284e+02
6.512000000000001876e+01,1.381875000000000000e+02
6.515999999999999659e+01,1.382187500000000000e+02
6.520000000000000284e+01,1.386250000000000000e+02
6.524000000000000909e+01,1.381796875000000000e+02
6.528000000000001535e+01,1.380234375000000000e+02
6.531999999999999318e+01,1.388750000000000000e+02
6.535999999999999943e+01,1.383906250000000000e+02
6.540000000000000568e+01,1.385859375000000000e+02
6.544000000000001194e+01,1.384921875000000000e+02
6.547999999999998977e+01,1.380781250000000000e+02
6.551999999999999602e+01,1.383359375000000000e+02
6.556000000000000227e+01,1.384843750000000000e+02
6.560000000000000853e+01,1.383359375000000000e+02
6.563999999999998636e+01,1.379453125000000000e+02
6.567999999999999261e+01,1.383515625000000000e+02
6.571999999999999886e+01,1.387031250000000000e+02
6.576000000000000512e+01,1.378750000000000000e+02
6.580000000000001137e+01,1.385546875000000000e+02
6.583999999999998920e+01,1.386718750000000000e+02
6.587999999999999545e+01,1.383437500000000284e+02
6.592000000000000171e+01,1.378828125000000000e+02
6.596000000000000796e+01,1.379843750000000000e+02
6.599999999999998579e+01,1.381406250000000000e+02
6.603999999999999204e+01,1.380156250000000000e+02
6.607999999999999829e+01,1.380781250000000000e+02
6.612000000000000455e+01,1.382656250000000000e+02
6.615999999999999659e+01,1.377343750000000000e+02
6.620000000000000284e+01,1.380000000000000000e+02
6.624000000000000909e+01,1.378437500000000284e+02
6.628000000000001535e+01,1.382187500000000000e+02
6.631999999999999318e+01,1.379765625000000000e+02
6.635999999999999943e+01,1.380156250000000000e+02
6.640000000000000568e+01,1.384531250000000000e+02
6.644000000000001194e+01,1.378203125000000000e+02
6.648000000000001819e+01,1.379062500000000000e+02
6.651999999999999602e+01,1.378671875000000284e+02
6.656000000000000227e+01,1.378828125000000000e+02
6.660000000000000853e+01,1.383359375000000000e+02
6.664000000000001478e+01,1.379531250000000000e+02
6.667999999999999261e+01,1.382421875000000000e+02
6.671999999999999886e+01,1.375000000000000000e+02
6.676000000000000512e+01,1.379921875000000000e+02
6.680000000000001137e+01,1.377343750000000000e+02
6.683999999999998920e+01,1.381015625000000000e+02
6.687999999999999545e+01,1.376640625000000000e+02
6.692000000000000171e+01,1.377031250000000000e+02
6.696000000000000796e+01,1.378984375000000000e+02
6.699999999999998579e+01,1.377500000000000000e+02
6.703999999999999204e+01,1.378906250000000284e+02
6.707999999999999829e+01,1.380312500000000000e+02
6.712000000000000455e+01,1.380234375000000000e+02
6.716000000000001080e+01,1.378671875000000284e+02
6.719999999999998863e+01,1.383437500000000284e+02
6.723999999999999488e+01,1.379921875000000000e+02
6.728000000000000114e+01,1.377656250000000000e+02
6.732000000000000739e+01,1.383125000000000000e+02
6.735999999999998522e+01,1.375703125000000000e+02
6.739999999999999147e+01,1.379609375000000000e+02
6.743999999999999773e+01,1.381953125000000000e+02
6.748000000000001819e+01,1.379765625000000000e+02
6.751999999999999602e+01,1.381718750000000000e+02
6.756000000000000227e+01,1.378203125000000000e+02
6.760000000000000853e+01,1.375937500000000284e+02
6.764000000000001478e+01,1.385078125000000000e+02
6.767999999999999261e+01,1.373437500000000284e+02
6.771999999999999886e+01,1.379062500000000000e+02
6.776000000000000512e+01,1.381015625000000000e+02
6.780000000000001137e+01,1.381718750000000000e+02
6.783999999999998920e+01,1.382109375000000000e+02
6.787999999999999545e+01,1.380859375000000000e+02
6.792000000000000171e+01,1.375625000000000000e+02
6.796000000000000796e+01,1.377500000000000000e+02
6.800000000000001421e+01,1.376562500000000000e+02
6.803999999999999204e+01,1.374687500000000000e+02
6.807999999999999829e+01,1.376484375000000000e+02
6.812000000000000455e+01,1.379062500000000000e+02
6.816000000000001080e+01,1.375781250000000000e+02
6.819999999999998863e+01,1.378593750000000000e+02
6.823999999999999488e+01,1.382812500000000000e+02
6.828000000000000114e+01,1.377343750000000000e+02
6.832000000000000739e+01,1.376171875000000284e+02
6.835999999999998522e+01,1.375703125000000000e+02
6.839999999999999147e+01,1.380312500000000000e+02
6.843999999999999773e+01,1.378203125000000000e+02
6.848000000000000398e+01,1.378359375000000000e+02
6.851999999999998181e+01,1.378515625000000000e+02
6.855999999999998806e+01,1.377812500000000000e+02
6.859999999999999432e+01,1.376171875000000284e+02
6.864000000000000057e+01,1.376015625000000000e+02
6.868000000000000682e+01,1.375312500000000000e+02
6.871999999999999886e+01,1.374843750000000000e+02
6.876000000000000512e+01,1.377343750000000000e+02
6.880000000000001137e+01,1.384765625000000000e+02
6.884000000000001762e+01,1.373203125000000000e+02
6.887999999999999545e+01,1.379843750000000000e+02
6.892000000000000171e+01,1.376015625000000000e+02
6.896000000000000796e+01,1.379375000000000000e+02
6.900000000000001421e+01,1.373750000000000000e+02
6.903999999999999204e+01,1.375625000000000000e+02
6.907999999999999829e+01,1.376328125000000000e+02
6.912000000000000455e+01,1.371796875000000000e+02
6.916000000000001080e+01,1.368671875000000284e+02
6.919999999999998863e+01,1.373125000000000000e+02
6.923999999999999488e+01,1.376875000000000000e+02
6.928000000000000114e+01,1.371562500000000000e+02
6.932000000000000739e+01,1.374609375000000000e+02
6.936000000000001364e+01,1.377421875000000000e+02
6.939999999999999147e+01,1.373593750000000000e+02
6.943999999999999773e+01,1.376718750000000000e+02
6.948000000000000398e+01,1.377812500000000000e+02
6.952000000000001023e+01,1.373046875000000000e+02
6.955999999999998806e+01,1.376796875000000000e+02
6.959999999999999432e+01,1.379609375000000000e+02
6.964000000000000057e+01,1.380312500000000000e+02
6.968000000000000682e+01,1.368984375000000000e+02
6.971999999999998465e+01,1.374921875000000000e+02
6.975999999999999091e+01,1.371171875000000284e+02
6.979999999999999716e+01,1.375234375000000000e+02
6.984000000000000341e+01,1.380546875000000000e+02
6.987999999999998124e+01,1.372812500000000000e+02
6.992000000000000171e+01,1.376328125000000000e+02
6.996000000000000796e+01,1.374375000000000000e+02
7.000000000000001421e+01,1.374062500000000000e+02
7.004000000000002046e+01,1.370000000000000000e+02
7.007999999999999829e+01,1.379687500000000000e+02
7.012000000000000455e+01,1.379218750000000000e+02
7.016000000000001080e+01,1.377265625000000000e+02
7.020000000000001705e+01,1.371875000000000000e+02
7.023999999999999488e+01,1.379765625000000000e+02
7.028000000000000114e+01,1.373906250000000284e+02
7.032000000000000739e+01,1.372890625000000000e+02
7.036000000000001364e+01,1.375546875000000000e+02
7.039999999999999147e+01,1.375000000000000000e+02
7.043999999999999773e+01,1.372812500000000000e+02
7.048000000000000398e+01,1.370937500000000000e+02
7.052000000000001023e+01,1.370234375000000000e+02
7.055999999999998806e+01,1.373203125000000000e+02
7.059999999999999432e+01,1.374609375000000000e+02
7.064000000000000057e+01,1.374140625000000000e+02
7.068000000000000682e+01,1.367421875000000000e+02
7.072000000000001307e+01,1.371015625000000000e+02
7.075999999999999091e+01,1.370390625000000000e+02
7.079999999999999716e+01,1.371093750000000000e+02
7.084000000000000341e+01,1.373437500000000284e+02
7.088000000000000966e+01,1.372500000000000000e+02
7.091999999999998749e+01,1.377343750000000000e+02
7.095999999999999375e+01,1.369531250000000000e+02
7.100000000000000000e+01,1.373984375000000000e+02
7.104000000000000625e+01,1.378281250000000000e+02
7.107999999999998408e+01,1.370390625000000000e+02
7.111999999999999034e+01,1.370000000000000000e+02
7.115999999999999659e+01,1.366171875000000284e+02
7.120000000000000284e+01,1.373593750000000000e+02
7.123999999999999488e+01,1.369375000000000000e+02
7.128000000000000114e+01,1.369062500000000000e+02
7.132000000000000739e+01,1.373984375000000000e+02
7.136000000000001364e+01,1.377734375000000000e+02
7.140000000000001990e+01,1.369140625000000284e+02
7.143999999999999773e+01,1.369765625000000000e+02
7.148000000000000398e+01,1.369218750000000000e+02
7.152000000000001023e+01,1.377421875000000000e+02
7.156000000000001648e+01,1.375390625000000000e+02
7.159999999999999432e+01,1.372656250000000000e+02
7.164000000000000057e+01,1.372187500000000000e+02
7.168000000000000682e+01,1.374062500000000000e+02
7.172000000000001307e+01,1.365859375000000000e+02
7.175999999999999091e+01,1.374921875000000000e+02
7.179999999999999716e+01,1.370000000000000000e+02
7.184000000000000341e+01,1.367109375000000000e+02
7.188000000000000966e+01,1.372500000000000000e+02
7.191999999999998749e+01,1.376718750000000000e+02
7.195999999999999375e+01,1.375156250000000000e+02
7.200000000000000000e+01,1.371953125000000000e+02
7.204000000000000625e+01,1.374453125000000000e+02
7.207999999999998408e+01,1.370312500000000000e+02
7.211999999999999034e+01,1.370625000000000000e+02
7.215999999999999659e+01,1.375703125000000000e+02
7.220000000000000284e+01,1.371093750000000000e+02
7.224000000000000909e+01,1.364062500000000000e+02
7.227999999999998693e+01,1.370000000000000000e+02
7.231999999999999318e+01,1.370703125000000000e+02
7.235999999999999943e+01,1.368593750000000000e+02
7.240000000000000568e+01,1.369375000000000000e+02
7.243999999999999773e+01,1.368593750000000000e+02
7.248000000000000398e+01,1.363203125000000000e+02
7.252000000000001023e+01,1.371875000000000000e+02
7.256000000000001648e+01,1.370312500000000000e+02
7.259999999999999432e+01,1.369218750000000000e+02
7.264000000000000057e+01,1.366796875000000000e+02
7.268000000000000682e+01,1.368125000000000000e+02
7.272000000000001307e+01,1.365390625000000000e+02
7.275999999999999091e+01,1.367812500000000000e+02
7.279999999999999716e+01,1.369687500000000000e+02
7.284000000000000341e+01,1.363359375000000000e+02
7.288000000000000966e+01,1.370546875000000000e+02
7.292000000000001592e+01,1.369062500000000000e+02
7.295999999999999375e+01,1.371718750000000000e+02
7.300000000000000000e+01,1.372968750000000000e+02
7.304000000000000625e+01,1.372734375000000000e+02
7.308000000000001251e+01,1.366640625000000284e+02
7.311999999999999034e+01,1.370312500000000000e+02
7.315999999999999659e+01,1.373984375000000000e+02
7.320000000000000284e+01,1.371562500000000000e+02
7.324000000000000909e+01,1.370156250000000000e+02
7.327999999999998693e+01,1.363671875000000284e+02
7.331999999999999318e+01,1.368046875000000000e+02
7.335999999999999943e+01,1.370156250000000000e+02
7.340000000000000568e+01,1.366875000000000000e+02
7.343999999999998352e+01,1.364140625000000284e+02
7.347999999999998977e+01,1.371640625000000000e+02
7.351999999999999602e+01,1.364687500000000000e+02
7.356000000000000227e+01,1.371484375000000000e+02
7.360000000000000853e+01,1.366250000000000000e+02
7.363999999999998636e+01,1.369140625000000284e+02
7.367999999999999261e+01,1.367968750000000000e+02
7.371999999999999886e+01,1.362578125000000000e+02
7.376000000000000512e+01,1.370156250000000000e+02
7.379999999999999716e+01,1.367734375000000000e+02
7.384000000000000341e+01,1.361953125000000000e+02
7.388000000000000966e+01,1.369062500000000000e+02
7.392000000000001592e+01,1.365156250000000000e+02
7.395999999999999375e+01,1.370937500000000000e+02
7.400000000000000000e+01,1.370390625000000000e+02
7.404000000000000625e+01,1.363281250000000000e+02
7.408000000000001251e+01,1.371796875000000000e+02
7.411999999999999034e+01,1.360156250000000000e+02
7.415999999999999659e+01,1.361171875000000000e+02
7.420000000000000284e+01,1.368125000000000000e+02
7.424000000000000909e+01,1.367656250000000000e+02
7.428000000000001535e+01,1.367578125000000000e+02
7.431999999999999318e+01,1.367031250000000000e+02
7.435999999999999943e+01,1.361875000000000000e+02
7.440000000000000568e+01,1.363359375000000000e+02
7.444000000000001194e+01,1.366875000000000000e+02
7.447999999999998977e+01,1.368437500000000000e+02
7.451999999999999602e+01,1.366953125000000000e+02
7.456000000000000227e+01,1.369921875000000000e+02
7.460000000000000853e+01,1.362968750000000000e+02
7.463999999999998636e+01,1.358515625000000000e+02
7.467999999999999261e+01,1.367578125000000000e+02
7.471999999999999886e+01,1.366406250000000284e+02
7.476000000000000512e+01,1.363437500000000000e+02
7.479999999999998295e+01,1.361406250000000284e+02
7.483999999999998920e+01,1.364296875000000000e+02
7.487999999999999545e+01,1.360468750000000000e+02
7.492000000000000171e+01,1.364453125000000000e+02
7.496000000000000796e+01,1.362578125000000000e+02
7.500000000000000000e+01,1.360468750000000000e+02
7.504000000000000625e+01,1.367265625000000000e+02
7.508000000000001251e+01,1.364609375000000000e+02
7.512000000000001876e+01,1.363437500000000000e+02
7.515999999999999659e+01,1.362031250000000000e+02
7.520000000000000284e+01,1.355234375000000000e+02
7.524000000000000909e+01,1.366015625000000000e+02
7.528000000000001535e+01,1.364687500000000000e+02
7.531999999999999318e+01,1.356718750000000000e+02
7.535999999999999943e+01,1.361718750000000000e+02
7.540000000000000568e+01,1.363984375000000000e+02
7.544000000000001194e+01,1.364609375000000000e+02
7.547999999999998977e+01,1.367890625000000000e+02
7.551999999999999602e+01,1.365312500000000000e+02
7.556000000000000227e+01,1.365000000000000000e+02
7.560000000000000853e+01,1.358046875000000000e+02
7.564000000000001478e+01,1.360312500000000000e+02
7.567999999999999261e+01,1.362812500000000000e+02
7.571999999999999886e+01,1.360156250000000000e+02
7.576000000000000512e+01,1.362109375000000000e+02
7.580000000000001137e+01,1.361015625000000000e+02
7.583999999999998920e+01,1.358671875000000000e+02
7.587999999999999545e+01,1.361093750000000000e+02
7.592000000000000171e+01,1.357578125000000000e+02
7.596000000000000796e+01,1.358671875000000000e+02
7.599999999999998579e+01,1.361171875000000000e+02
7.603999999999999204e+01,1.361953125000000000e+02
7.607999999999999829e+01,1.366718750000000000e+02
7.612000000000000455e+01,1.361796875000000000e+02
7.615999999999998238e+01,1.360781250000000000e+02
7.619999999999998863e+01,1.359453125000000000e+02
7.623999999999999488e+01,1.359375000000000284e+02
7.628000000000001535e+01,1.354687500000000000e+02
7.631999999999999318e+01,1.359218750000000000e+02
7.635999999999999943e+01,1.359453125000000000e+02
7.640000000000000568e+01,1.358125000000000000e+02
7.644000000000001194e+01,1.358906250000000284e+02
7.648000000000001819e+01,1.353515625000000000e+02
7.651999999999999602e+01,1.362187500000000000e+02
7.656000000000000227e+01,1.356640625000000284e+02
7.660000000000000853e+01,1.357187500000000000e+02
7.664000000000001478e+01,1.364687500000000000e+02
7.667999999999999261e+01,1.360937500000000000e+02
7.671999999999999886e+01,1.355234375000000000e+02
7.676000000000000512e+01,1.357734375000000000e+02
7.680000000000001137e+01,1.354375000000000284e+02
7.683999999999998920e+01,1.355390625000000000e+02
7.687999999999999545e+01,1.356171875000000000e+02
7.692000000000000171e+01,1.348906250000000000e+02
7.696000000000000796e+01,1.350625000000000000e+02
7.699999999999998579e+01,1.355546875000000000e+02
7.703999999999999204e+01,1.353046875000000000e+02
7.707999999999999829e+01,1.353046875000000000e+02
7.712000000000000455e+01,1.356953125000000000e+02
7.716000000000001080e+01,1.354921875000000000e+02
7.719999999999998863e+01,1.349765625000000000e+02
7.723999999999999488e+01,1.355937500000000000e+02
7.728000000000000114e+01,1.360546875000000000e+02
7.732000000000000739e+01,1.345078125000000000e+02
7.735999999999998522e+01,1.353281250000000000e+02
7.739999999999999147e+01,1.348359375000000000e+02
7.743999999999999773e+01,1.355156250000000000e+02
7.748000000000000398e+01,1.352656250000000000e+02
7.751999999999999602e+01,1.353906250000000284e+02
7.756000000000000227e+01,1.347968750000000000e+02
7.760000000000000853e+01,1.353359375000000000e+02
7.764000000000001478e+01,1.349531250000000000e+02
7.767999999999999261e+01,1.346250000000000000e+02
7.771999999999999886e+01,1.350234375000000000e+02
7.776000000000000512e+01,1.350625000000000000e+02
7.780000000000001137e+01,1.350156250000000000e+02
7.784000000000001762e+01,1.352031250000000000e+02
7.787999999999999545e+01,1.351718750000000000e+02
7.792000000000000171e+01,1.348281250000000000e+02
7.796000000000000796e+01,1.346171875000000000e+02
7.800000000000001421e+01,1.349609375000000284e+02
7.803999999999999204e+01,1.346093750000000000e+02
7.807999999999999829e+01,1.349531250000000000e+02
7.812000000000000455e+01,1.347500000000000000e+02
7.816000000000001080e+01,1.345781250000000000e+02
7.819999999999998863e+01,1.347812500000000000e+02
7.823999999999999488e+01,1.342031250000000000e+02
7.828000000000000114e+01,1.343593750000000000e+02
7.832000000000000739e+01,1.346562500000000000e+02
7.835999999999998522e+01,1.345000000000000000e+02
7.839999999999999147e+01,1.343125000000000000e+02
7.843999999999999773e+01,1.343750000000000000e+02
7.848000000000000398e+01,1.342812500000000000e+02
7.852000000000001023e+01,1.342500000000000000e+02
7.855999999999998806e+01,1.336640625000000000e+02
7.859999999999999432e+01,1.340390625000000000e+02
7.864000000000000057e+01,1.340781250000000000e+02
7.868000000000000682e+01,1.337578125000000000e+02
7.871999999999998465e+01,1.340390625000000000e+02
7.876000000000000512e+01,1.333203125000000000e+02
7.880000000000001137e+01,1.337734375000000000e+02
7.884000000000001762e+01,1.343203125000000000e+02
7.887999999999999545e+01,1.334296875000000000e+02
7.892000000000000171e+01,1.336718750000000000e+02
7.896000000000000796e+01,1.335000000000000000e+02
7.900000000000001421e+01,1.335156250000000000e+02
7.903999999999999204e+01,1.331796875000000000e+02
7.907999999999999829e+01,1.332656250000000000e+02
7.912000000000000455e+01,1.333125000000000000e+02
7.916000000000001080e+01,1.331015625000000000e+02
7.920000000000001705e+01,1.332187500000000000e+02
7.923999999999999488e+01,1.327968750000000000e+02
7.928000000000000114e+01,1.323203125000000000e+02
7.932000000000000739e+01,1.326640625000000000e+02
7.936000000000001364e+01,1.328593750000000000e+02
7.939999999999999147e+01,1.324375000000000000e+02
7.943999999999999773e+01,1.322656250000000000e+02
7.948000000000000398e+01,1.319296875000000000e+02
7.952000000000001023e+01,1.315390625000000000e+02
7.955999999999998806e+01,1.323515625000000000e+02
7.959999999999999432e+01,1.318437500000000000e+02
7.964000000000000057e+01,1.317500000000000000e+02
7.968000000000000682e+01,1.309140625000000000e+02
7.971999999999998465e+01,1.300078125000000000e+02
7.975999999999999091e+01,1.304375000000000000e+02
7.979999999999999716e+01,1.302031250000000000e+02
7.984000000000000341e+01,1.298437500000000000e+02
7.988000000000000966e+01,1.291562500000000000e+02
7.991999999999998749e+01,1.295156250000000000e+02
7.995999999999999375e+01,1.287343750000000000e+02
8.000000000000000000e+01,1.286875000000000000e+02
8.004000000000000625e+01,1.277734375000000000e+02
8.007999999999999829e+01,1.274843750000000142e+02
8.012000000000000455e+01,1.269218749999999858e+02
8.016000000000001080e+01,1.269218749999999858e+02
8.020000000000001705e+01,1.266875000000000142e+02
8.023999999999999488e+01,1.259296875000000000e+02
8.028000000000000114e+01,1.251562500000000000e+02
8.032000000000000739e+01,1.240000000000000000e+02
8.036000000000001364e+01,1.239140625000000000e+02
8.039999999999999147e+01,1.229531250000000000e+02
8.043999999999999773e+01,1.228203125000000000e+02
8.048000000000000398e+01,1.228437500000000000e+02
8.052000000000001023e+01,1.216953125000000000e+02
8.055999999999998806e+01,1.214921875000000000e+02
8.059999999999999432e+01,1.197578125000000000e+02
8.064000000000000057e+01,1.197031250000000142e+02
8.068000000000000682e+01,1.195468750000000000e+02
8.072000000000001307e+01,1.177031250000000000e+02
8.075999999999999091e+01,1.171093750000000000e+02
8.079999999999999716e+01,1.171328125000000000e+02
8.084000000000000341e+01,1.160156250000000000e+02
8.088000000000000966e+01,1.150000000000000000e+02
8.091999999999998749e+01,1.142968750000000000e+02
8.095999999999999375e+01,1.133281250000000000e+02
8.100000000000000000e+01,1.123203125000000000e+02
8.104000000000000625e+01,1.115781250000000000e+02
8.107999999999998408e+01,1.107812500000000000e+02
8.111999999999999034e+01,1.097812500000000000e+02
8.115999999999999659e+01,1.087656250000000000e+02
8.120000000000000284e+01,1.079375000000000000e+02
8.123999999999999488e+01,1.075312500000000142e+02
8.128000000000000114e+01,1.069687500000000000e+02
8.132000000000000739e+01,1.055078125000000000e+02
8.136000000000001364e+01,1.044687500000000000e+02
8.140000000000001990e+01,1.039140625000000000e+02
8.143999999999999773e+01,1.024062500000000000e+02
8.148000000000000398e+01,1.014765625000000000e+02
8.152000000000001023e+01,1.004687500000000000e+02
8.156000000000001648e+01,9.976562500000000000e+01
8.159999999999999432e+01,9.895312500000000000e+01
8.164000000000000057e+01,9.793750000000000000e+01
8.168000000000000682e+01,9.729687500000000000e+01
8.172000000000001307e+01,9.639062500000001421e+01
8.175999999999999091e+01,9.520312500000000000e+01
8.179999999999999716e+01,9.460156250000000000e+01
8.184000000000000341e+01,9.348437500000001421e+01
8.188000000000000966e+01,9.288281250000001421e+01
8.191999999999998749e+01,9.157031250000000000e+01
8.195999999999999375e+01,9.092187500000000000e+01
8.200000000000000000e+01,9.041406250000000000e+01
8.204000000000000625e+01,8.943750000000000000e+01
8.208000000000001251e+01,8.868750000000000000e+01
8.211999999999999034e+01,8.820312500000001421e+01
8.215999999999999659e+01,8.702343750000000000e+01
8.220000000000000284e+01,8.559375000000000000e+01
8.224000000000000909e+01,8.552343750000001421e+01
8.227999999999998693e+01,8.450781250000000000e+01
8.231999999999999318e+01,8.335937500000000000e+01
8.235999999999999943e+01,8.239062500000000000e+01
8.240000000000000568e+01,8.214843750000000000e+01
8.243999999999998352e+01,8.155468750000000000e+01
8.247999999999998977e+01,8.090625000000000000e+01
8.251999999999999602e+01,7.993750000000001421e+01
8.256000000000000227e+01,7.935156250000000000e+01
8.259999999999999432e+01,7.876562500000000000e+01
8.264000000000000057e+01,7.768750000000000000e+01
8.268000000000000682e+01,7.800000000000000000e+01
8.272000000000001307e+01,7.663281250000001421e+01
8.276000000000001933e+01,7.584375000000000000e+01
8.279999999999999716e+01,7.558593750000000000e+01
8.284000000000000341e+01,7.497656250000000000e+01
8.288000000000000966e+01,7.445312500000000000e+01
8.292000000000001592e+01,7.385937500000000000e+01
8.295999999999999375e+01,7.286718750000000000e+01
8.300000000000000000e+01,7.238281250000000000e+01
8.304000000000000625e+01,7.265625000000000000e+01
8.308000000000001251e+01,7.154687500000000000e+01
8.311999999999999034e+01,7.101562500000000000e+01
8.315999999999999659e+01,7.025000000000000000e+01
8.320000000000000284e+01,7.039843750000001421e+01
8.324000000000000909e+01,6.970312500000000000e+01
8.327999999999998693e+01,6.914843750000000000e+01
8.331999999999999318e+01,6.872656250000000000e+01
8.335999999999999943e+01,6.831250000000000000e+01
8.340000000000000568e+01,6.761718750000000000e+01
8.344000000000001194e+01,6.731250000000000000e+01
8.347999999999998977e+01,6.632031250000000000e+01
8.351999999999999602e+01,6.591406250000000000e+01
8.356000000000000227e+01,6.588281250000000000e+01
8.360000000000000853e+01,6.554687500000000000e+01
8.363999999999998636e+01,6.544531250000000000e+01
8.367999999999999261e+01,6.486718750000000000e+01
8.371999999999999886e+01,6.514062500000001421e+01
8.376000000000000512e+01,6.435937500000000000e+01
8.379999999999999716e+01,6.397656250000000000e+01
8.384000000000000341e+01,6.308593749999999289e+01
8.388000000000000966e+01,6.317187500000000000e+01
8.392000000000001592e+01,6.292187500000000000e+01
8.395999999999999375e+01,6.268750000000000711e+01
8.400000000000000000e+01,6.256250000000000711e+01
8.404000000000000625e+01,6.188281250000000000e+01
8.408000000000001251e+01,6.200000000000000000e+01
8.412000000000001876e+01,6.121875000000000000e+01
8.415999999999999659e+01,6.111718750000000000e+01
8.420000000000000284e+01,6.065625000000000000e+01
8.424000000000000909e+01,6.066406250000000711e+01
8.428000000000001535e+01,6.003125000000000000e+01
8.431999999999999318e+01,5.996875000000000000e+01
8.435999999999999943e+01,5.953906250000000000e+01
8.440000000000000568e+01,5.888281250000000000e+01
8.444000000000001194e+01,5.893750000000000711e+01
8.447999999999998977e+01,5.873437500000000000e+01
8.451999999999999602e+01,5.874218750000000000e+01
8.456000000000000227e+01,5.871875000000000000e+01
8.460000000000000853e+01,5.826562500000000000e+01
8.463999999999998636e+01,5.742968750000000000e+01
8.467999999999999261e+01,5.740625000000000000e+01
8.471999999999999886e+01,5.724218750000000000e+01
8.476000000000000512e+01,5.712500000000000000e+01
8.479999999999998295e+01,5.718750000000000000e+01
8.483999999999998920e+01,5.637500000000000000e+01
8.487999999999999545e+01,5.644531250000000711e+01
8.492000000000000171e+01,5.640625000000000000e+01
8.496000000000000796e+01,5.588281250000000711e+01
8.499999999999998579e+01,5.632812500000000000e+01
8.503999999999999204e+01,5.517968750000000000e+01
8.507999999999999829e+01,5.571093750000000000e+01
8.512000000000001876e+01,5.513281250000000000e+01
8.515999999999999659e+01,5.519531250000000000e+01
8.520000000000000284e+01,5.531250000000000000e+01
8.524000000000000909e+01,5.503906250000000000e+01
8.528000000000001535e+01,5.403125000000000000e+01
8.531999999999999318e+01,5.436718750000000711e+01
8.535999999999999943e+01,5.404687500000000000e+01
8.540000000000000568e+01,5.374218750000000000e+01
8.544000000000001194e+01,5.381250000000000000e+01
8.547999999999998977e+01,5.390625000000000000e+01
8.551999999999999602e+01,5.327343750000000000e+01
8.556000000000000227e+01,5.331250000000000000e+01
8.560000000000000853e+01,5.264062500000000000e+01
8.564000000000001478e+01,5.325000000000000000e+01
8.567999999999999261e+01,5.303906250000000000e+01
8.571999999999999886e+01,5.263281250000000000e+01
8.576000000000000512e+01,5.303906250000000000e+01
8.580000000000001137e+01,5.182812500000000000e+01
8.583999999999998920e+01,5.174218750000000000e+01
8.587999999999999545e+01,5.238281250000000000e+01
8.592000000000000171e+01,5.221875000000000000e+01
8.596000000000000796e+01,5.096093750000000711e+01
8.599999999999998579e+01,5.191406250000000711e+01
8.603999999999999204e+01,5.114062500000000000e+01
8.607999999999999829e+01,5.147656250000000000e+01
8.612000000000000455e+01,5.092187500000000000e+01
8.615999999999998238e+01,5.063281250000000000e+01
8.619999999999998863e+01,5.061718750000000000e+01
8.623999999999999488e+01,5.050781250000000000e+01
8.628000000000000114e+01,5.052343750000000711e+01
8.632000000000000739e+01,5.078906250000000000e+01
8.635999999999999943e+01,5.021875000000000000e+01
8.640000000000000568e+01,4.977343750000000000e+01
8.644000000000001194e+01,5.021875000000000000e+01
8.648000000000001819e+01,5.002343750000000711e+01
8.651999999999999602e+01,4.964843750000000000e+01
8.656000000000000227e+01,4.929687500000000711e+01
8.660000000000000853e+01,4.912500000000000000e+01
8.664000000000001478e+01,4.929687500000000711e+01
8.667999999999999261e+01,4.917968750000000000e+01
8.671999999999999886e+01,4.910937500000000711e+01
8.676000000000000512e+01,4.912500000000000000e+01
8.680000000000001137e+01,4.864062500000000000e+01
8.683999999999998920e+01,4.903125000000000000e+01
8.687999999999999545e+01,4.821093750000000000e+01
8.692000000000000171e+01,4.855468750000000000e+01
8.696000000000000796e+01,4.757031250000000000e+01
8.700000000000001421e+01,4.827343750000000000e+01
8.703999999999999204e+01,4.819531250000000711e+01
8.707999999999999829e+01,4.812500000000000000e+01
8.712000000000000455e+01,4.777343750000000000e+01
8.716000000000001080e+01,4.732812500000000000e+01
8.719999999999998863e+01,4.793750000000000000e+01
8.723999999999999488e+01,4.737500000000000000e+01
8.728000000000000114e+01,4.742187500000000000e+01
8.732000000000000739e+01,4.753906250000000000e+01
8.735999999999998522e+01,4.764062500000000000e+01
8.739999999999999147e+01,4.729687500000000000e+01
8.743999999999999773e+01,4.721875000000000711e+01
8.748000000000000398e+01,4.745312500000000000e+01
8.751999999999998181e+01,4.680468750000000711e+01
8.755999999999998806e+01,4.675781250000000000e+01
8.760000000000000853e+01,4.629687500000000000e+01
8.764000000000001478e+01,4.632031250000000000e+01
8.768000000000002103e+01,4.667968750000000711e+01
8.771999999999999886e+01,4.608593750000000000e+01
8.776000000000000512e+01,4.651562500000000000e+01
8.780000000000001137e+01,4.586718750000000000e+01
8.784000000000001762e+01,4.635156250000000000e+01
8.787999999999999545e+01,4.628125000000000000e+01
8.792000000000000171e+01,4.650000000000000000e+01
8.796000000000000796e+01,4.574218750000000000e+01
8.800000000000001421e+01,4.622656250000000000e+01
8.803999999999999204e+01,4.558593750000000000e+01
8.807999999999999829e+01,4.546875000000000000e+01
8.812000000000000455e+01,4.539062500000000711e+01
8.816000000000001080e+01,4.583593750000000000e+01
8.819999999999998863e+01,4.539843750000000000e+01
8.823999999999999488e+01,4.489062500000000000e+01
8.828000000000000114e+01,4.512500000000000000e+01
8.832000000000000739e+01,4.480468750000000000e+01
8.836000000000001364e+01,4.503906250000000000e+01
8.839999999999999147e+01,4.509375000000000000e+01
8.843999999999999773e+01,4.517968750000000000e+01
8.848000000000000398e+01,4.496093750000000000e+01
8.852000000000001023e+01,4.493750000000000000e+01
8.855999999999998806e+01,4.482812500000000000e+01
8.859999999999999432e+01,4.507031250000000000e+01
8.864000000000000057e+01,4.403906250000000000e+01
8.868000000000000682e+01,4.452343750000000000e+01
8.871999999999998465e+01,4.455468750000000000e+01
8.875999999999999091e+01,4.393750000000000711e+01
8.879999999999999716e+01,4.401562500000000000e+01
8.884000000000000341e+01,4.400000000000000000e+01
8.887999999999999545e+01,4.385937500000000000e+01
8.892000000000000171e+01,4.422656250000000711e+01
8.896000000000000796e+01,4.452343750000000000e+01
8.900000000000001421e+01,4.428906250000000711e+01
8.904000000000002046e+01,4.396875000000000000e+01
8.907999999999999829e+01,4.381250000000000711e+01
8.912000000000000455e+01,4.396093750000000000e+01
8.916000000000001080e+01,4.379687500000000000e+01
8.920000000000001705e+01,4.367968750000000000e+01
8.923999999999999488e+01,4.294531250000000000e+01
8.928000000000000114e+01,4.357812500000000000e+01
8.932000000000000739e+01,4.428125000000000000e+01
8.936000000000001364e+01,4.320312500000000000e+01
8.939999999999999147e+01,4.382812500000000000e+01
8.943999999999999773e+01,4.323437500000000000e+01
8.948000000000000398e+01,4.406250000000000000e+01
8.952000000000001023e+01,4.308593750000000000e+01
8.955999999999998806e+01,4.354687500000000000e+01
8.959999999999999432e+01,4.299218750000000000e+01
8.964000000000000057e+01,4.328906250000000000e+01
8.968000000000000682e+01,4.335937500000000000e+01
8.971999999999998465e+01,4.323437500000000000e+01
8.975999999999999091e+01,4.302343750000000000e+01
8.979999999999999716e+01,4.379687500000000000e+01
8.984000000000000341e+01,4.318750000000000711e+01
8.988000000000000966e+01,4.239062500000000000e+01
8.991999999999998749e+01,4.324218750000000000e+01
8.995999999999999375e+01,4.262500000000000000e+01
9.000000000000000000e+01,4.268750000000000000e+01
9.004000000000000625e+01,4.235156250000000000e+01
9.007999999999999829e+01,4.239843750000000711e+01
9.012000000000000455e+01,4.239062500000000000e+01
9.016000000000001080e+01,4.299218750000000000e+01
9.020000000000001705e+01,4.214843750000000711e+01
9.023999999999999488e+01,4.248437500000000000e+01
9.028000000000000114e+01,4.224218750000000000e+01
9.032000000000000739e+01,4.267187500000000000e+01
9.036000000000001364e+01,4.260937500000000000e+01
9.039999999999999147e+01,4.241406250000000000e+01
9.043999999999999773e+01,4.235937500000000000e+01
9.048000000000000398e+01,4.188281250000000000e+01
9.052000000000001023e+01,4.221093750000000711e+01
9.056000000000001648e+01,4.155468750000000000e+01
9.059999999999999432e+01,4.235937500000000000e+01
9.064000000000000057e+01,4.178125000000000000e+01
9.068000000000000682e+01,4.187500000000000000e+01
9.072000000000001307e+01,4.181250000000000000e+01
9.075999999999999091e+01,4.138281250000000000e+01
9.079999999999999716e+01,4.178125000000000000e+01
9.084000000000000341e+01,4.158593750000000000e+01
9.088000000000000966e+01,4.196093750000000000e+01
9.091999999999998749e+01,4.217968750000000000e+01
9.095999999999999375e+01,4.162500000000000000e+01
9.100000000000000000e+01,4.167968750000000000e+01
9.104000000000000625e+01,4.179687500000000711e+01
9.107999999999998408e+01,4.165625000000000000e+01
9.111999999999999034e+01,4.199218750000000000e+01
9.115999999999999659e+01,4.184375000000000000e+01
9.120000000000000284e+01,4.108593750000000000e+01
9.124000000000000909e+01,4.153906250000000000e+01
9.127999999999998693e+01,4.093750000000000000e+01
9.131999999999999318e+01,4.137500000000000000e+01
9.135999999999999943e+01,4.133593750000000000e+01
9.140000000000000568e+01,4.118750000000000000e+01
9.143999999999999773e+01,4.128125000000000000e+01
9.148000000000000398e+01,4.135156250000000000e+01
9.152000000000001023e+01,4.137500000000000000e+01
9.156000000000001648e+01,4.143750000000000000e+01
9.159999999999999432e+01,4.130468750000000000e+01
9.164000000000000057e+01,4.119531250000000000e+01
9.168000000000000682e+01,4.094531250000000711e+01
9.172000000000001307e+01,4.077343750000000000e+01
9.175999999999999091e+01,4.092187500000000000e+01
9.179999999999999716e+01,4.082812500000000000e+01
9.184000000000000341e+01,4.071093750000000000e+01
9.188000000000000966e+01,4.063281250000000711e+01
9.192000000000001592e+01,4.054687500000000000e+01
9.195999999999999375e+01,4.083593750000000000e+01
9.200000000000000000e+01,4.067187500000000000e+01
9.204000000000000625e+01,4.050000000000000000e+01
9.208000000000001251e+01,4.065625000000000000e+01
9.211999999999999034e+01,4.053906250000000000e+01
9.215999999999999659e+01,4.100000000000000000e+01
9.220000000000000284e+01,4.039843750000000000e+01
9.224000000000000909e+01,4.042187500000000000e+01
9.227999999999998693e+01,4.101562500000000000e+01
9.231999999999999318e+01,4.082812500000000000e+01
9.235999999999999943e+01,4.056250000000000000e+01
9.240000000000000568e+01,3.992968750000000000e+01
9.243999999999998352e+01,4.002343750000000000e+01
9.247999999999998977e+01,4.071093750000000000e+01
9.251999999999999602e+01,4.071093750000000000e+01
9.256000000000000227e+01,4.046093750000000000e+01
9.260000000000000853e+01,4.078906250000000000e+01
9.264000000000000057e+01,4.017968750000000000e+01
9.268000000000000682e+01,4.007812500000000000e+01
9.272000000000001307e+01,4.040625000000000000e+01
9.276000000000001933e+01,4.017187500000000000e+01
9.279999999999999716e+01,3.958593750000000000e+01
9.284000000000000341e+01,4.044531250000000711e+01
9.288000000000000966e+01,3.971093750000000000e+01
9.292000000000001592e+01,4.050781250000000711e+01
9.295999999999999375e+01,4.034375000000000000e+01
9.300000000000000000e+01,3.967968750000000000e+01
9.304000000000000625e+01,4.002343750000000000e+01
9.308000000000001251e+01,3.965625000000000711e+01
9.311999999999999034e+01,4.008593750000000000e+01
9.315999999999999659e+01,4.000781250000000000e+01
9.320000000000000284e+01,3.992187500000000000e+01
9.324000000000000909e+01,3.938281250000000000e+01
9.328000000000001535e+01,3.978125000000000711e+01
9.331999999999999318e+01,3.954687500000000000e+01
9.335999999999999943e+01,4.008593750000000000e+01
9.340000000000000568e+01,4.016406250000000000e+01
9.344000000000001194e+01,4.003906250000000000e+01
9.347999999999998977e+01,3.971093750000000000e+01
9.351999999999999602e+01,3.939843750000000000e+01
9.356000000000000227e+01,4.016406250000000000e+01
9.360000000000000853e+01,3.974218750000000000e+01
9.363999999999998636e+01,3.975000000000000000e+01
9.367999999999999261e+01,3.969531250000000000e+01
9.371999999999999886e+01,3.979687500000000000e+01
9.376000000000000512e+01,3.951562500000000000e+01
9.379999999999998295e+01,4.017968750000000000e+01
9.383999999999998920e+01,4.016406250000000000e+01
9.387999999999999545e+01,3.920312500000000000e+01
9.392000000000000171e+01,4.014843750000000000e+01
9.395999999999999375e+01,3.975000000000000000e+01
9.400000000000000000e+01,3.966406250000000000e+01
9.404000000000000625e+01,3.965625000000000711e+01
9.408000000000001251e+01,3.975000000000000000e+01
9.412000000000001876e+01,3.924218750000000000e+01
9.415999999999999659e+01,3.987500000000000000e+01
9.420000000000000284e+01,3.964843750000000000e+01
9.424000000000000909e+01,3.943750000000000000e+01
9.428000000000001535e+01,3.915625000000000000e+01
9.431999999999999318e+01,3.926562500000000000e+01
9.435999999999999943e+01,3.939062500000000000e+01
9.440000000000000568e+01,3.896093750000000000e+01
9.444000000000001194e+01,3.907031250000000000e+01
9.447999999999998977e+01,3.917187500000000000e+01
9.451999999999999602e+01,3.968750000000000000e+01
9.456000000000000227e+01,3.964062500000000000e+01
9.460000000000000853e+01,3.918750000000000000e+01
9.463999999999998636e+01,3.922656250000000000e+01
9.467999999999999261e+01,3.921093750000000000e+01
9.471999999999999886e+01,3.859375000000000000e+01
9.476000000000000512e+01,3.878906250000000000e+01
9.480000000000001137e+01,3.892968750000000711e+01
9.483999999999998920e+01,3.921875000000000711e+01
9.487999999999999545e+01,3.931250000000000000e+01
9.492000000000000171e+01,3.896093750000000000e+01
9.496000000000000796e+01,3.929687500000000000e+01
9.499999999999998579e+01,3.884375000000000000e+01
9.503999999999999204e+01,3.874218750000000711e+01
9.507999999999999829e+01,3.875000000000000000e+01
9.512000000000000455e+01,3.927343750000000000e+01
9.515999999999999659e+01,3.871093750000000000e+01
9.520000000000000284e+01,3.905468750000000000e+01
9.524000000000000909e+01,3.912500000000000000e+01
9.528000000000001535e+01,3.907031250000000000e+01
9.531999999999999318e+01,3.897656250000000000e+01
9.535999999999999943e+01,3.908593750000000000e+01
9.540000000000000568e+01,3.852343750000000000e+01
9.544000000000001194e+01,3.857812500000000000e+01
9.548000000000001819e+01,3.867187500000000000e+01
9.551999999999999602e+01,3.839062500000000000e+01
9.556000000000000227e+01,3.845312500000000000e+01
9.560000000000000853e+01,3.839843750000000000e+01
9.564000000000001478e+01,3.879687500000000000e+01
9.567999999999999261e+01,3.840625000000000000e+01
9.571999999999999886e+01,3.857812500000000000e+01
9.576000000000000512e+01,3.856250000000000000e+01
9.580000000000001137e+01,3.863281250000000000e+01
9.583999999999998920e+01,3.861718750000000711e+01
9.587999999999999545e+01,3.890625000000000000e+01
9.592000000000000171e+01,3.894531250000000000e+01
9.596000000000000796e+01,3.873437500000000000e+01
9.599999999999998579e+01,3.896875000000000000e+01
9.603999999999999204e+01,3.868750000000000000e+01
9.607999999999999829e+01,3.904687500000000000e+01
9.612000000000000455e+01,3.870312500000000000e+01
9.616000000000001080e+01,3.896875000000000000e+01
9.619999999999998863e+01,3.810937500000000000e+01
9.623999999999999488e+01,3.868750000000000000e+01
9.628000000000000114e+01,3.857031250000000000e+01
9.632000000000000739e+01,3.841406250000000000e+01
9.635999999999998522e+01,3.846093750000000000e+01
9.640000000000000568e+01,3.838281250000000000e+01
9.644000000000001194e+01,3.816406250000000000e+01
9.648000000000001819e+01,3.832812500000000000e+01
9.651999999999999602e+01,3.835156250000000000e+01
9.656000000000000227e+01,3.804687500000000000e+01
9.660000000000000853e+01,3.865625000000000000e+01
9.664000000000001478e+01,3.857031250000000000e+01
9.667999999999999261e+01,3.838281250000000000e+01
9.671999999999999886e+01,3.845312500000000000e+01
9.676000000000000512e+01,3.810156250000000000e+01
9.680000000000001137e+01,3.835156250000000000e+01
9.684000000000001762e+01,3.822656250000000000e+01
9.687999999999999545e+01,3.816406250000000000e+01
9.692000000000000171e+01,3.832031250000000000e+01
9.696000000000000796e+01,3.822656250000000000e+01
9.700000000000001421e+01,3.833593750000000000e+01
9.703999999999999204e+01,3.790625000000000000e+01
9.707999999999999829e+01,3.805468750000000000e+01
9.712000000000000455e+01,3.827343750000000000e+01
9.716000000000001080e+01,3.818750000000000000e+01
9.719999999999998863e+01,3.815625000000000000e+01
9.723999999999999488e+01,3.869531250000000000e+01
9.728000000000000114e+01,3.819531250000000000e+01
9.732000000000000739e+01,3.792968750000000000e+01
9.735999999999998522e+01,3.861718750000000711e+01
9.739999999999999147e+01,3.836718750000000711e+01
9.743999999999999773e+01,3.825000000000000000e+01
9.748000000000000398e+01,3.862500000000000000e+01
9.752000000000001023e+01,3.775781250000000000e+01
9.755999999999998806e+01,3.838281250000000000e+01
9.759999999999999432e+01,3.827343750000000000e+01
9.764000000000000057e+01,3.754687500000000000e+01
9.768000000000000682e+01,3.821875000000000000e+01
9.771999999999999886e+01,3.803906250000000000e+01
9.776000000000000512e+01,3.768750000000000000e+01
9.780000000000001137e+01,3.771093750000000000e+01
9.784000000000001762e+01,3.837500000000000000e+01
9.787999999999999545e+01,3.785937500000000000e+01
9.792000000000000171e+01,3.785156250000000000e+01
9.796000000000000796e+01,3.857812500000000000e+01
9.800000000000001421e+01,3.774218750000000000e+01
9.803999999999999204e+01,3.796093750000000000e+01
9.807999999999999829e+01,3.814062500000000000e+01
9.812000000000000455e+01,3.842968750000000711e+01
9.816000000000001080e+01,3.745312500000000711e+01
9.819999999999998863e+01,3.818750000000000000e+01
9.823999999999999488e+01,3.807812500000000000e+01
9.828000000000000114e+01,3.817187500000000000e+01
9.832000000000000739e+01,3.772656250000000000e+01
9.836000000000001364e+01,3.795312500000000711e+01
9.839999999999999147e+01,3.764843750000000000e+01
9.843999999999999773e+01,3.814843750000000000e+01
9.848000000000000398e+01,3.771875000000000000e+01
9.852000000000001023e+01,3.814843750000000000e+01
9.855999999999998806e+01,3.825000000000000000e+01
9.859999999999999432e+01,3.792187500000000000e+01
9.864000000000000057e+01,3.750781250000000000e+01
9.868000000000000682e+01,3.742187500000000000e+01
9.871999999999998465e+01,3.786718750000000000e+01
9.875999999999999091e+01,3.837500000000000000e+01
9.879999999999999716e+01,3.796875000000000000e+01
9.884000000000000341e+01,3.774218750000000000e+01
9.887999999999999545e+01,3.771093750000000000e+01
9.892000000000000171e+01,3.775781250000000000e+01
9.896000000000000796e+01,3.737500000000000000e+01
9.900000000000001421e+01,3.764843750000000000e+01
9.904000000000002046e+01,3.779687500000000000e+01
9.907999999999999829e+01,3.816406250000000000e+01
9.912000000000000455e+01,3.764843750000000000e+01
9.916000000000001080e+01,3.751562500000000711e+01
9.920000000000001705e+01,3.747656250000000000e+01
9.923999999999999488e+01,3.760937500000000000e+01
9.928000000000000114e+01,3.771093750000000000e+01
9.932000000000000739e+01,3.788281250000000000e+01
9.936000000000001364e+01,3.777343750000000000e+01
9.939999999999999147e+01,3.808593750000000000e+01
9.943999999999999773e+01,3.781250000000000000e+01
9.948000000000000398e+01,3.763281250000000000e+01
9.952000000000001023e+01,3.816406250000000000e+01
9.955999999999998806e+01,3.797656250000000000e+01
9.959999999999999432e+01,3.796093750000000000e+01
9.964000000000000057e+01,3.760937500000000000e+01
9.968000000000000682e+01,3.721093750000000000e+01
9.972000000000001307e+01,3.790625000000000000e+01
9.975999999999999091e+01,3.805468750000000000e+01
9.979999999999999716e+01,3.754687500000000000e+01
9.984000000000000341e+01,3.757031250000000000e+01
9.988000000000000966e+01,3.733593750000000000e+01
9.991999999999998749e+01,3.732031250000000000e+01
9.995999999999999375e+01,3.689062500000000000e+01
1.000000000000000000e+02,3.732812500000000711e+01
1.000400000000000063e+02,3.693750000000000000e+01
1.000799999999999841e+02,3.754687500000000000e+01
1.001199999999999903e+02,3.759375000000000000e+01
1.001599999999999966e+02,3.792187500000000000e+01
1.002000000000000028e+02,3.774218750000000000e+01
1.002399999999999949e+02,3.738281250000000000e+01
1.002800000000000011e+02,3.752343750000000000e+01
1.003200000000000074e+02,3.767187500000000000e+01
1.003600000000000136e+02,3.789843750000000000e+01
1.004000000000000199e+02,3.721093750000000000e+01
1.004399999999999977e+02,3.738281250000000000e+01
1.004800000000000040e+02,3.776562500000000711e+01
1.005200000000000102e+02,3.764843750000000000e+01
1.005600000000000165e+02,3.736718750000000000e+01
1.005999999999999943e+02,3.742968750000000000e+01
1.006400000000000006e+02,3.682031250000000000e+01
1.006800000000000068e+02,3.692968750000000000e+01
1.007200000000000131e+02,3.736718750000000000e+01
1.007599999999999909e+02,3.763281250000000000e+01
1.007999999999999972e+02,3.706250000000000000e+01
1.008400000000000034e+02,3.760937500000000000e+01
1.008800000000000097e+02,3.721875000000000000e+01
1.009199999999999875e+02,3.761718750000000000e+01
1.009599999999999937e+02,3.739062500000000711e+01
1.010000000000000000e+02,3.700781250000000000e+01
1.010400000000000063e+02,3.759375000000000000e+01
1.010800000000000125e+02,3.718750000000000000e+01
1.011199999999999903e+02,3.740625000000000000e+01
1.011599999999999966e+02,3.745312500000000711e+01
1.012000000000000028e+02,3.728125000000000000e+01
1.012400000000000091e+02,3.703125000000000000e+01
1.012799999999999869e+02,3.726562500000000711e+01
1.013199999999999932e+02,3.775000000000000000e+01
1.013599999999999994e+02,3.735937500000000000e+01
1.014000000000000057e+02,3.711718750000000000e+01
1.014399999999999977e+02,3.680468750000000000e+01
1.014800000000000040e+02,3.728125000000000000e+01
1.015200000000000102e+02,3.803125000000000000e+01
1.015600000000000165e+02,3.743750000000000000e+01
1.015999999999999943e+02,3.765625000000000000e+01
1.016400000000000006e+02,3.772656250000000000e+01
1.016800000000000068e+02,3.691406250000000711e+01
1.017200000000000131e+02,3.734375000000000000e+01
1.017600000000000193e+02,3.769531250000000000e+01
1.017999999999999972e+02,3.703125000000000000e+01
1.018400000000000034e+02,3.753125000000000000e+01
1.018800000000000097e+02,3.771875000000000000e+01
1.019200000000000159e+02,3.725781250000000000e+01
1.019599999999999937e+02,3.721875000000000000e+01
1.020000000000000000e+02,3.715625000000000000e+01
1.020400000000000063e+02,3.719531250000000000e+01
1.020800000000000125e+02,3.750781250000000000e+01
1.021199999999999903e+02,3.705468750000000000e+01
1.021599999999999966e+02,3.679687500000000000e+01
1.022000000000000028e+02,3.695312500000000000e+01
1.022400000000000091e+02,3.656250000000000000e+01
1.022799999999999869e+02,3.706250000000000000e+01
1.023199999999999932e+02,3.752343750000000000e+01
1.023599999999999994e+02,3.707031250000000000e+01
1.024000000000000057e+02,3.739062500000000711e+01
1.024399999999999835e+02,3.727343750000000000e+01
1.024799999999999898e+02,3.657031250000000000e+01
1.025199999999999960e+02,3.660156250000000711e+01
1.025600000000000023e+02,3.707812500000000000e+01
1.026000000000000085e+02,3.766406250000000000e+01
1.026399999999999864e+02,3.696875000000000000e+01
1.026799999999999926e+02,3.706250000000000000e+01
1.027199999999999989e+02,3.727343750000000000e+01
1.027600000000000193e+02,3.689843750000000000e+01
1.027999999999999972e+02,3.691406250000000711e+01
1.028400000000000034e+02,3.728906250000000000e+01
1.028800000000000097e+02,3.689062500000000000e+01
1.029200000000000159e+02,3.734375000000000000e+01
1.029599999999999937e+02,3.758593750000000000e+01
1.030000000000000000e+02,3.685156250000000711e+01
1.030400000000000063e+02,3.749218750000000000e+01
1.030800000000000125e+02,3.653906250000000711e+01
1.031199999999999903e+02,3.721093750000000000e+01
1.031599999999999966e+02,3.710156250000000000e+01
1.032000000000000028e+02,3.713281250000000000e+01
1.032400000000000091e+02,3.695312500000000000e+01
1.032800000000000153e+02,3.753906250000000000e+01
1.033199999999999932e+02,3.757812500000000711e+01
1.033599999999999994e+02,3.713281250000000000e+01
1.034000000000000057e+02,3.687500000000000000e+01
1.034400000000000119e+02,3.678125000000000000e+01
1.034799999999999898e+02,3.743750000000000000e+01
1.035199999999999960e+02,3.690625000000000000e+01
1.035600000000000023e+02,3.696875000000000000e+01
1.036000000000000085e+02,3.692187500000000000e+01
1.036399999999999864e+02,3.635937500000000000e+01
1.036799999999999926e+02,3.721875000000000000e+01
1.037199999999999989e+02,3.652343750000000000e+01
1.037600000000000051e+02,3.674218750000000000e+01
1.037999999999999829e+02,3.675000000000000000e+01
1.038399999999999892e+02,3.703906250000000000e+01
1.038799999999999955e+02,3.664062500000000000e+01
1.039200000000000017e+02,3.748437500000000000e+01
1.039600000000000080e+02,3.682812500000000000e+01
1.040000000000000000e+02,3.721875000000000000e+01
1.040400000000000063e+02,3.685156250000000711e+01
1.040800000000000125e+02,3.687500000000000000e+01
1.041200000000000188e+02,3.601562500000000000e+01
1.041599999999999966e+02,3.675000000000000000e+01
1.042000000000000028e+02,3.675781250000000000e+01
1.042400000000000091e+02,3.688281250000000000e+01
1.042800000000000153e+02,3.695312500000000000e+01
1.043199999999999932e+02,3.746093750000000000e+01
1.043599999999999994e+02,3.657031250000000000e+01
1.044000000000000057e+02,3.717968750000000000e+01
1.044400000000000119e+02,3.649218750000000000e+01
1.044799999999999898e+02,3.635156250000000711e+01
1.045199999999999960e+02,3.721093750000000000e+01
1.045600000000000023e+02,3.678125000000000000e+01
1.046000000000000085e+02,3.680468750000000000e+01
1.046400000000000148e+02,3.668750000000000000e+01
1.046799999999999926e+02,3.612500000000000000e+01
1.047199999999999989e+02,3.692187500000000000e+01
1.047600000000000051e+02,3.668750000000000000e+01
1.048000000000000114e+02,3.683593750000000000e+01
1.048399999999999892e+02,3.685156250000000711e+01
1.048799999999999955e+02,3.705468750000000000e+01
1.049200000000000017e+02,3.662500000000000000e+01
1.049600000000000080e+02,3.689062500000000000e+01
1.049999999999999858e+02,3.696875000000000000e+01
1.050399999999999920e+02,3.673437500000000000e+01
1.050799999999999983e+02,3.609375000000000000e+01
1.051200000000000045e+02,3.692968750000000000e+01
1.051599999999999824e+02,3.710156250000000000e+01
1.051999999999999886e+02,3.670312500000000000e+01
1.052400000000000091e+02,3.692968750000000000e+01
1.052800000000000153e+02,3.653125000000000000e+01
1.053200000000000216e+02,3.689843750000000000e+01
1.053599999999999994e+02,3.663281250000000000e+01
1.054000000000000057e+02,3.660937500000000000e+01
1.054400000000000119e+02,3.678125000000000000e+01
1.054800000000000182e+02,3.696093750000000000e+01
1.055199999999999960e+02,3.610156250000000000e+01
1.055600000000000023e+02,3.721093750000000000e+01
1.056000000000000085e+02,3.675000000000000000e+01
1.056400000000000148e+02,3.689843750000000000e+01
1.056799999999999926e+02,3.653906250000000711e+01
1.057199999999999989e+02,3.635937500000000000e+01
1.057600000000000051e+02,3.707031250000000000e+01
1.058000000000000114e+02,3.683593750000000000e+01
1.058399999999999892e+02,3.654687500000000000e+01
1.058799999999999955e+02,3.650000000000000000e+01
1.059200000000000017e+02,3.717968750000000000e+01
1.059600000000000080e+02,3.640625000000000000e+01
1.060000000000000142e+02,3.658593750000000000e+01
1.060399999999999920e+02,3.689843750000000000e+01
1.060799999999999983e+02,3.685156250000000711e+01
1.061200000000000045e+02,3.671875000000000000e+01
1.061600000000000108e+02,3.717968750000000000e+01
1.061999999999999886e+02,3.715625000000000000e+01
1.062399999999999949e+02,3.678125000000000000e+01
1.062800000000000011e+02,3.650781250000000000e+01
1.063200000000000074e+02,3.668750000000000000e+01
1.063599999999999852e+02,3.683593750000000000e+01
1.063999999999999915e+02,3.629687500000000000e+01
1.064399999999999977e+02,3.660156250000000711e+01
1.064800000000000040e+02,3.644531250000000000e+01
1.065199999999999960e+02,3.642968750000000000e+01
1.065600000000000023e+02,3.617968750000000000e+01
1.066000000000000085e+02,3.617187500000000000e+01
1.066400000000000148e+02,3.632031250000000000e+01
1.066799999999999926e+02,3.665625000000000000e+01
1.067199999999999989e+02,3.652343750000000000e+01
1.067600000000000051e+02,3.667968750000000000e+01
1.068000000000000114e+02,3.690625000000000000e+01
1.068400000000000176e+02,3.653906250000000711e+01
1.068799999999999955e+02,3.658593750000000000e+01
1.069200000000000017e+02,3.642187500000000000e+01
1.069600000000000080e+02,3.677343750000000000e+01
1.070000000000000142e+02,3.671875000000000000e+01
1.070399999999999920e+02,3.625781250000000000e+01
1.070799999999999983e+02,3.678125000000000000e+01
1.071200000000000045e+02,3.655468750000000000e+01
1.071600000000000108e+02,3.653906250000000711e+01
1.071999999999999886e+02,3.597656250000000000e+01
1.072399999999999949e+02,3.657812500000000000e+01
1.072800000000000011e+02,3.705468750000000000e+01
1.073200000000000074e+02,3.662500000000000000e+01
1.073599999999999852e+02,3.667187500000000000e+01
1.073999999999999915e+02,3.679687500000000000e+01
1.074399999999999977e+02,3.688281250000000000e+01
1.074800000000000040e+02,3.670312500000000000e+01
1.075200000000000102e+02,3.696875000000000000e+01
1.075599999999999881e+02,3.664062500000000000e+01
1.075999999999999943e+02,3.671093750000000000e+01
1.076400000000000006e+02,3.710937500000000000e+01
1.076800000000000068e+02,3.662500000000000000e+01
1.077199999999999989e+02,3.645312500000000000e+01
1.077600000000000051e+02,3.690625000000000000e+01
1.078000000000000114e+02,3.673437500000000000e+01
1.078400000000000176e+02,3.707812500000000000e+01
1.078799999999999955e+02,3.642187500000000000e+01
1.079200000000000017e+02,3.665625000000000000e+01
1.079600000000000080e+02,3.699218750000000000e+01
1.080000000000000142e+02,3.634375000000000000e+01
1.080399999999999920e+02,3.636718750000000000e+01
1.080799999999999983e+02,3.700781250000000000e+01
1.081200000000000045e+02,3.659375000000000000e+01
1.081600000000000108e+02,3.641406250000000711e+01
1.082000000000000171e+02,3.630468750000000000e+01
1.082399999999999949e+02,3.681250000000000000e+01
1.082800000000000011e+02,3.597656250000000000e+01
1.083200000000000074e+02,3.660156250000000711e+01
1.083600000000000136e+02,3.657031250000000000e+01
1.083999999999999915e+02,3.726562500000000711e+01
1.084399999999999977e+02,3.650000000000000000e+01
1.084800000000000040e+02,3.611718750000000000e+01
1.085200000000000102e+02,3.632031250000000000e+01
1.085599999999999881e+02,3.656250000000000000e+01
1.085999999999999943e+02,3.637500000000000000e+01
1.086400000000000006e+02,3.627343750000000000e+01
1.086800000000000068e+02,3.629687500000000000e+01
1.087199999999999847e+02,3.648437500000000000e+01
1.087599999999999909e+02,3.604687500000000000e+01
1.087999999999999972e+02,3.673437500000000000e+01
1.088400000000000034e+02,3.654687500000000000e+01
1.088800000000000097e+02,3.653125000000000000e+01
1.089199999999999875e+02,3.674218750000000000e+01
1.089599999999999937e+02,3.629687500000000000e+01
1.090000000000000000e+02,3.658593750000000000e+01
1.090400000000000063e+02,3.710156250000000000e+01
1.090799999999999983e+02,3.691406250000000711e+01
1.091200000000000045e+02,3.637500000000000000e+01
1.091600000000000108e+02,3.644531250000000000e+01
1.092000000000000171e+02,3.672656250000000711e+01
1.092399999999999949e+02,3.645312500000000000e+01
1.092800000000000011e+02,3.627343750000000000e+01
1.093200000000000074e+02,3.664843750000000000e+01
1.093600000000000136e+02,3.607031250000000000e+01
1.093999999999999915e+02,3.676562500000000000e+01
1.094399999999999977e+02,3.624218750000000000e+01
1.094800000000000040e+02,3.628906250000000711e+01
1.095200000000000102e+02,3.652343750000000000e+01
1.095600000000000165e+02,3.646093750000000000e+01
1.095999999999999943e+02,3.648437500000000000e+01
1.096400000000000006e+02,3.674218750000000000e+01
1.096800000000000068e+02,3.715625000000000000e+01
1.097200000000000131e+02,3.644531250000000000e+01
1.097599999999999909e+02,3.648437500000000000e+01
1.097999999999999972e+02,3.640625000000000000e+01
1.098400000000000034e+02,3.686718750000000000e+01
1.098800000000000097e+02,3.600781250000000000e+01
1.099199999999999875e+02,3.660156250000000711e+01
1.099599999999999937e+02,3.589843750000000000e+01
1.100000000000000000e+02,3.714843750000000000e+01
1.100400000000000063e+02,3.668750000000000000e+01
1.100799999999999841e+02,3.685937500000000000e+01
1.101199999999999903e+02,3.680468750000000000e+01
1.101599999999999966e+02,3.642187500000000000e+01
1.102000000000000028e+02,3.644531250000000000e+01
1.102400000000000091e+02,3.636718750000000000e+01
1.102800000000000011e+02,3.619531250000000000e+01
1.103200000000000074e+02,3.666406250000000711e+01
1.103600000000000136e+02,3.630468750000000000e+01
1.104000000000000199e+02,3.614843750000000000e+01
1.104399999999999977e+02,3.617968750000000000e+01
1.104800000000000040e+02,3.637500000000000000e+01
1.105200000000000102e+02,3.678906250000000711e+01
1.105600000000000165e+02,3.626562500000000000e+01
1.105999999999999943e+02,3.633593750000000000e+01
1.106400000000000006e+02,3.689062500000000000e+01
1.106800000000000068e+02,3.651562500000000000e+01
1.107200000000000131e+02,3.611718750000000000e+01
1.107599999999999909e+02,3.682031250000000000e+01
1.107999999999999972e+02,3.555468750000000000e+01
1.108400000000000034e+02,3.603125000000000000e+01
1.108800000000000097e+02,3.635156250000000711e+01
1.109199999999999875e+02,3.643750000000000000e+01
1.109599999999999937e+02,3.617968750000000000e+01
1.110000000000000000e+02,3.625000000000000000e+01
1.110400000000000063e+02,3.688281250000000000e+01
1.110800000000000125e+02,3.657812500000000000e+01
1.111199999999999903e+02,3.562500000000000711e+01
1.111599999999999966e+02,3.614062500000000000e+01
1.112000000000000028e+02,3.683593750000000000e+01
1.112400000000000091e+02,3.625000000000000000e+01
1.112799999999999869e+02,3.646875000000000000e+01
1.113199999999999932e+02,3.625000000000000000e+01
1.113599999999999994e+02,3.573437500000000000e+01
1.114000000000000057e+02,3.616406250000000000e+01
1.114399999999999835e+02,3.635156250000000711e+01
1.114799999999999898e+02,3.630468750000000000e+01
1.115199999999999960e+02,3.637500000000000000e+01
1.115600000000000023e+02,3.627343750000000000e+01
1.115999999999999943e+02,3.643750000000000000e+01
1.116400000000000006e+02,3.653906250000000711e+01
1.116800000000000068e+02,3.667187500000000000e+01
1.117200000000000131e+02,3.625781250000000000e+01
1.117600000000000193e+02,3.620312500000000000e+01
1.117999999999999972e+02,3.604687500000000000e+01
1.118400000000000034e+02,3.628125000000000000e+01
1.118800000000000097e+02,3.658593750000000000e+01
1.119200000000000159e+02,3.625781250000000000e+01
1.119599999999999937e+02,3.653906250000000711e+01
1.120000000000000000e+02,3.641406250000000711e+01
1.120400000000000063e+02,3.655468750000000000e+01
1.120800000000000125e+02,3.623437500000000000e+01
1.121199999999999903e+02,3.625000000000000000e+01
1.121599999999999966e+02,3.675781250000000000e+01
1.122000000000000028e+02,3.622656250000000000e+01
1.122400000000000091e+02,3.645312500000000000e+01
1.122799999999999869e+02,3.635156250000000711e+01
1.123199999999999932e+02,3.604687500000000000e+01
1.123599999999999994e+02,3.565625000000000000e+01
1.124000000000000057e+02,3.601562500000000000e+01
1.124400000000000119e+02,3.625000000000000000e+01
1.124799999999999898e+02,3.685156250000000711e+01
1.125199999999999960e+02,3.664062500000000000e+01
1.125600000000000023e+02,3.641406250000000711e+01
1.126000000000000085e+02,3.567187500000000000e+01
1.126399999999999864e+02,3.629687500000000000e+01
1.126799999999999926e+02,3.583593750000000000e+01
1.127199999999999989e+02,3.623437500000000000e+01
1.127600000000000051e+02,3.675000000000000000e+01
1.127999999999999972e+02,3.612500000000000000e+01
1.128400000000000034e+02,3.611718750000000000e+01
1.128800000000000097e+02,3.613281250000000000e+01
1.129200000000000159e+02,3.657812500000000000e+01
1.129599999999999937e+02,3.682031250000000000e+01
1.130000000000000000e+02,3.630468750000000000e+01
1.130400000000000063e+02,3.649218750000000000e+01
1.130800000000000125e+02,3.664062500000000000e+01
1.131200000000000188e+02,3.635156250000000711e+01
1.131599999999999966e+02,3.652343750000000000e+01
1.132000000000000028e+02,3.679687500000000000e+01
1.132400000000000091e+02,3.685937500000000000e+01
1.132800000000000153e+02,3.628906250000000711e+01
1.133199999999999932e+02,3.648437500000000000e+01
1.133599999999999994e+02,3.584375000000000000e+01
1.134000000000000057e+02,3.670312500000000000e+01
1.134400000000000119e+02,3.582812500000000000e+01
1.134799999999999898e+02,3.632812500000000000e+01
1.135199999999999960e+02,3.598437500000000000e+01
1.135600000000000023e+02,3.628906250000000711e+01
1.136000000000000085e+02,3.561718750000000000e+01
1.136399999999999864e+02,3.628906250000000711e+01
1.136799999999999926e+02,3.660937500000000000e+01
1.137199999999999989e+02,3.599218750000000000e+01
1.137600000000000051e+02,3.616406250000000000e+01
1.138000000000000114e+02,3.621875000000000000e+01
1.138399999999999892e+02,3.622656250000000000e+01
1.138799999999999955e+02,3.617187500000000000e+01
1.139200000000000017e+02,3.631250000000000000e+01
1.139600000000000080e+02,3.638281250000000000e+01
1.139999999999999858e+02,3.641406250000000711e+01
1.140399999999999920e+02,3.631250000000000000e+01
1.140800000000000125e+02,3.652343750000000000e+01
1.141200000000000188e+02,3.595312500000000000e+01
1.141599999999999966e+02,3.602343750000000000e+01
1.142000000000000028e+02,3.631250000000000000e+01
1.142400000000000091e+02,3.581250000000000711e+01
1.142800000000000153e+02,3.669531250000000000e+01
1.143199999999999932e+02,3.643750000000000000e+01
1.143599999999999994e+02,3.678125000000000000e+01
1.144000000000000057e+02,3.614843750000000000e+01
1.144400000000000119e+02,3.643750000000000000e+01
1.144800000000000182e+02,3.664843750000000000e+01
1.145199999999999960e+02,3.625000000000000000e+01
1.145600000000000023e+02,3.618750000000000000e+01
1.146000000000000085e+02,3.635937500000000000e+01
1.146400000000000148e+02,3.609375000000000000e+01
1.146799999999999926e+02,3.617968750000000000e+01
1.147199999999999989e+02,3.580468750000000000e+01
1.147600000000000051e+02,3.645312500000000000e+01
1.148000000000000114e+02,3.644531250000000000e+01
1.148399999999999892e+02,3.611718750000000000e+01
1.148799999999999955e+02,3.601562500000000000e+01
1.149200000000000017e+02,3.607031250000000000e+01
1.149600000000000080e+02,3.646093750000000000e+01
1.149999999999999858e+02,3.661718750000000000e+01
1.150399999999999920e+02,3.617187500000000000e+01
1.150799999999999983e+02,3.632031250000000000e+01
1.151200000000000045e+02,3.641406250000000711e+01
1.151599999999999824e+02,3.660937500000000000e+01
1.151999999999999886e+02,3.610156250000000000e+01
1.152399999999999949e+02,3.622656250000000000e+01
1.152800000000000011e+02,3.622656250000000000e+01
1.153200000000000074e+02,3.600781250000000000e+01
1.153599999999999994e+02,3.649218750000000000e+01
1.154000000000000057e+02,3.669531250000000000e+01
1.154400000000000119e+02,3.617187500000000000e+01
1.154800000000000182e+02,3.698437500000000000e+01
1.155199999999999960e+02,3.642187500000000000e+01
1.155600000000000023e+02,3.597656250000000000e+01
1.156000000000000085e+02,3.603906250000000000e+01
1.156400000000000148e+02,3.603906250000000000e+01
1.156799999999999926e+02,3.624218750000000000e+01
1.157199999999999989e+02,3.619531250000000000e+01
1.157600000000000051e+02,3.664062500000000000e+01
1.158000000000000114e+02,3.583593750000000000e+01
1.158399999999999892e+02,3.591406250000000000e+01
1.158799999999999955e+02,3.619531250000000000e+01
1.159200000000000017e+02,3.634375000000000000e+01
1.159600000000000080e+02,3.628125000000000000e+01
1.160000000000000142e+02,3.665625000000000000e+01
1.160399999999999920e+02,3.657812500000000000e+01
1.160799999999999983e+02,3.587500000000000711e+01
1.161200000000000045e+02,3.653906250000000711e+01
1.161600000000000108e+02,3.620312500000000000e+01
1.161999999999999886e+02,3.664062500000000000e+01
1.162399999999999949e+02,3.600000000000000711e+01
1.162800000000000011e+02,3.622656250000000000e+01
1.163200000000000074e+02,3.590625000000000000e+01
1.163599999999999852e+02,3.644531250000000000e+01
1.163999999999999915e+02,3.643750000000000000e+01
1.164399999999999977e+02,3.611718750000000000e+01
1.164800000000000040e+02,3.645312500000000000e+01
1.165199999999999960e+02,3.578125000000000000e+01
1.165600000000000023e+02,3.607812500000000000e+01
1.166000000000000085e+02,3.617968750000000000e+01
1.166400000000000148e+02,3.607812500000000000e+01
1.166800000000000210e+02,3.614062500000000000e+01
1.167199999999999989e+02,3.614843750000000000e+01
1.167600000000000051e+02,3.635937500000000000e+01
1.168000000000000114e+02,3.621875000000000000e+01
1.168400000000000176e+02,3.592187500000000000e+01
1.168799999999999955e+02,3.612500000000000000e+01
1.169200000000000017e+02,3.625000000000000000e+01
1.169600000000000080e+02,3.617968750000000000e+01
1.170000000000000142e+02,3.625000000000000000e+01
1.170399999999999920e+02,3.623437500000000000e+01
1.170799999999999983e+02,3.629687500000000000e+01
1.171200000000000045e+02,3.610156250000000000e+01
1.171600000000000108e+02,3.624218750000000000e+01
1.171999999999999886e+02,3.592968750000000000e+01
1.172399999999999949e+02,3.615625000000000000e+01
1.172800000000000011e+02,3.592968750000000000e+01
1.173200000000000074e+02,3.645312500000000000e+01
1.173600000000000136e+02,3.607812500000000000e+01
1.173999999999999915e+02,3.621093750000000000e+01
1.174399999999999977e+02,3.636718750000000000e+01
1.174800000000000040e+02,3.660156250000000711e+01
1.175200000000000102e+02,3.667968750000000000e+01
1.175599999999999881e+02,3.629687500000000000e+01
1.175999999999999943e+02,3.650781250000000000e+01
1.176400000000000006e+02,3.625000000000000000e+01
1.176800000000000068e+02,3.607812500000000000e+01
1.177199999999999847e+02,3.637500000000000000e+01
1.177599999999999909e+02,3.649218750000000000e+01
1.177999999999999972e+02,3.622656250000000000e+01
1.178400000000000034e+02,3.634375000000000000e+01
1.178799999999999955e+02,3.633593750000000000e+01
1.179200000000000017e+02,3.635937500000000000e+01
1.179600000000000080e+02,3.638281250000000000e+01
1.180000000000000142e+02,3.642187500000000000e+01
1.180400000000000205e+02,3.650000000000000000e+01
1.180799999999999983e+02,3.592187500000000000e+01
1.181200000000000045e+02,3.633593750000000000e+01
1.181600000000000108e+02,3.657812500000000000e+01
1.182000000000000171e+02,3.632031250000000000e+01
1.182399999999999949e+02,3.681250000000000000e+01
1.182800000000000011e+02,3.588281250000000000e+01
1.183200000000000074e+02,3.613281250000000000e+01
1.183600000000000136e+02,3.621875000000000000e+01
1.183999999999999915e+02,3.632812500000000000e+01
1.184399999999999977e+02,3.637500000000000000e+01
1.184800000000000040e+02,3.605468750000000000e+01
1.185200000000000102e+02,3.631250000000000000e+01
1.185599999999999881e+02,3.649218750000000000e+01
1.185999999999999943e+02,3.573437500000000000e+01
1.186400000000000006e+02,3.593750000000000711e+01
1.186800000000000068e+02,3.581250000000000711e+01
1.187200000000000131e+02,3.662500000000000000e+01
1.187599999999999909e+02,3.603125000000000000e+01
1.187999999999999972e+02,3.588281250000000000e+01
1.188400000000000034e+02,3.618750000000000000e+01
1.188800000000000097e+02,3.628125000000000000e+01
1.189199999999999875e+02,3.607812500000000000e+01
1.189599999999999937e+02,3.607031250000000000e+01
1.190000000000000000e+02,3.581250000000000711e+01
1.190400000000000063e+02,3.589843750000000000e+01
1.190799999999999983e+02,3.601562500000000000e+01
1.191200000000000045e+02,3.653125000000000000e+01
1.191600000000000108e+02,3.617187500000000000e+01
1.192000000000000171e+02,3.623437500000000000e+01
1.192399999999999949e+02,3.625781250000000000e+01
1.192800000000000011e+02,3.567187500000000000e+01
1.193200000000000074e+02,3.642968750000000000e+01
1.193600000000000136e+02,3.632031250000000000e+01
1.193999999999999915e+02,3.617968750000000000e+01
1.194399999999999977e+02,3.649218750000000000e+01
1.194800000000000040e+02,3.623437500000000000e+01
1.195200000000000102e+02,3.632031250000000000e+01
1.195600000000000165e+02,3.610156250000000000e+01
1.195999999999999943e+02,3.620312500000000000e+01
1.196400000000000006e+02,3.590625000000000000e+01
1.196800000000000068e+02,3.625000000000000000e+01
1.197200000000000131e+02,3.609375000000000000e+01
1.197599999999999909e+02,3.636718750000000000e+01
1.197999999999999972e+02,3.631250000000000000e+01
1.198400000000000034e+02,3.668750000000000000e+01
1.198800000000000097e+02,3.636718750000000000e+01
1.199199999999999875e+02,3.638281250000000000e+01
1.199599999999999937e+02,3.587500000000000711e+01
1.200000000000000000e+02,3.596875000000000000e+01
1.200400000000000063e+02,3.605468750000000000e+01
1.200799999999999841e+02,3.632031250000000000e+01
1.201199999999999903e+02,3.596093750000000000e+01
1.201599999999999966e+02,3.610156250000000000e+01
1.202000000000000028e+02,3.573437500000000000e+01
1.202400000000000091e+02,3.644531250000000000e+01
1.202799999999999869e+02,3.621875000000000000e+01
1.203199999999999932e+02,3.595312500000000000e+01
1.203599999999999994e+02,3.624218750000000000e+01
1.204000000000000057e+02,3.604687500000000000e+01
1.204399999999999977e+02,3.613281250000000000e+01
1.204800000000000040e+02,3.607812500000000000e+01
1.205200000000000102e+02,3.621093750000000000e+01
1.205600000000000165e+02,3.597656250000000000e+01
1.205999999999999943e+02,3.597656250000000000e+01
1.206400000000000006e+02,3.584375000000000000e+01
1.206800000000000068e+02,3.631250000000000000e+01
1.207200000000000131e+02,3.637500000000000000e+01
1.207599999999999909e+02,3.573437500000000000e+01
1.207999999999999972e+02,3.617187500000000000e+01
1.208400000000000034e+02,3.628125000000000000e+01
1.208800000000000097e+02,3.626562500000000000e+01
1.209200000000000159e+02,3.557812500000000000e+01
1.209599999999999937e+02,3.628125000000000000e+01
1.210000000000000000e+02,3.682812500000000000e+01
1.210400000000000063e+02,3.578906250000000000e+01
1.210800000000000125e+02,3.622656250000000000e+01
1.211199999999999903e+02,3.589843750000000000e+01
1.211599999999999966e+02,3.592968750000000000e+01
1.212000000000000028e+02,3.649218750000000000e+01
1.212400000000000091e+02,3.616406250000000000e+01
1.212799999999999869e+02,3.596093750000000000e+01
1.213199999999999932e+02,3.594531250000000000e+01
1.213599999999999994e+02,3.619531250000000000e+01
1.214000000000000057e+02,3.635937500000000000e+01
1.214399999999999835e+02,3.600781250000000000e+01
1.214799999999999898e+02,3.665625000000000000e+01
1.215199999999999960e+02,3.573437500000000000e+01
1.215600000000000023e+02,3.625000000000000000e+01
1.216000000000000085e+02,3.615625000000000000e+01
1.216400000000000006e+02,3.570312500000000000e+01
1.216800000000000068e+02,3.610937500000000000e+01
1.217200000000000131e+02,3.580468750000000000e+01
1.217600000000000193e+02,3.589843750000000000e+01
1.217999999999999972e+02,3.650781250000000000e+01
1.218400000000000034e+02,3.596093750000000000e+01
1.218800000000000097e+02,3.635937500000000000e+01
1.219200000000000159e+02,3.585156250000000000e+01
1.219599999999999937e+02,3.612500000000000000e+01
1.220000000000000000e+02,3.591406250000000000e+01
1.220400000000000063e+02,3.643750000000000000e+01
1.220799999999999983e+02,3.605468750000000000e+01
1.221199999999999761e+02,3.603125000000000000e+01
1.221600000000000108e+02,3.572656250000000000e+01
1.221999999999999886e+02,3.624218750000000000e+01
1.222400000000000233e+02,3.632031250000000000e+01
1.222800000000000011e+02,3.632031250000000000e+01
1.223199999999999790e+02,3.592187500000000000e+01
1.223600000000000136e+02,3.580468750000000000e+01
1.223999999999999915e+02,3.562500000000000711e+01
1.224400000000000261e+02,3.553906250000000000e+01
1.224800000000000040e+02,3.529687500000000000e+01
1.225199999999999818e+02,3.637500000000000000e+01
1.225600000000000165e+02,3.592187500000000000e+01
1.225999999999999943e+02,3.628906250000000711e+01
1.226399999999999721e+02,3.615625000000000000e+01
1.226800000000000068e+02,3.679687500000000000e+01
1.227199999999999847e+02,3.645312500000000000e+01
1.227600000000000193e+02,3.621093750000000000e+01
1.227999999999999972e+02,3.658593750000000000e+01
1.228399999999999892e+02,3.658593750000000000e+01
1.228800000000000097e+02,3.621875000000000000e+01
1.229200000000000017e+02,3.577343750000000000e+01
1.229600000000000222e+02,3.589062500000000000e+01
1.230000000000000142e+02,3.597656250000000000e+01
1.230399999999999920e+02,3.604687500000000000e+01
1.230800000000000267e+02,3.621093750000000000e+01
1.231200000000000045e+02,3.593750000000000711e+01
1.231599999999999824e+02,3.670312500000000000e+01
1.232000000000000171e+02,3.637500000000000000e+01
1.232399999999999949e+02,3.620312500000000000e+01
1.232800000000000296e+02,3.599218750000000000e+01
1.233200000000000074e+02,3.642187500000000000e+01
1.233599999999999852e+02,3.614843750000000000e+01
1.234000000000000199e+02,3.619531250000000000e+01
1.234399999999999977e+02,3.579687500000000000e+01
1.234799999999999756e+02,3.637500000000000000e+01
1.235200000000000102e+02,3.636718750000000000e+01
1.235599999999999881e+02,3.610156250000000000e+01
1.236000000000000227e+02,3.598437500000000000e+01
1.236400000000000006e+02,3.589843750000000000e+01
1.236799999999999784e+02,3.579687500000000000e+01
1.237200000000000131e+02,3.592187500000000000e+01
1.237599999999999909e+02,3.658593750000000000e+01
1.238000000000000256e+02,3.600000000000000711e+01
1.238400000000000034e+02,3.635156250000000711e+01
1.238799999999999812e+02,3.604687500000000000e+01
1.239200000000000159e+02,3.637500000000000000e+01
1.239599999999999937e+02,3.664843750000000000e+01
1.239999999999999716e+02,3.578906250000000000e+01
1.240400000000000063e+02,3.692968750000000000e+01
1.240799999999999841e+02,3.637500000000000000e+01
1.241200000000000188e+02,3.606250000000000000e+01
1.241600000000000108e+02,3.607812500000000000e+01
1.242000000000000313e+02,3.614843750000000000e+01
1.242400000000000233e+02,3.617187500000000000e+01
1.242800000000000011e+02,3.621093750000000000e+01
1.243200000000000358e+02,3.557812500000000000e+01
1.243600000000000136e+02,3.590625000000000000e+01
1.244000000000000483e+02,3.660156250000000711e+01
1.244400000000000261e+02,3.574218750000000000e+01
1.244800000000000040e+02,3.613281250000000000e+01
1.245200000000000387e+02,3.683593750000000000e+01
1.245600000000000165e+02,3.603125000000000000e+01
1.245999999999999943e+02,3.638281250000000000e+01
1.246400000000000290e+02,3.628906250000000711e+01
1.246800000000000068e+02,3.592968750000000000e+01
1.247200000000000415e+02,3.650000000000000000e+01
1.247600000000000193e+02,3.624218750000000000e+01
1.247999999999999972e+02,3.628125000000000000e+01
1.248400000000000318e+02,3.614062500000000000e+01
1.248800000000000097e+02,3.619531250000000000e+01
1.249199999999999875e+02,3.621093750000000000e+01
1.249600000000000222e+02,3.654687500000000000e+01
1.250000000000000000e+02,3.596875000000000000e+01
1.250400000000000347e+02,3.596093750000000000e+01
1.250800000000000125e+02,3.642187500000000000e+01
1.251199999999999903e+02,3.589843750000000000e+01
1.251600000000000250e+02,3.602343750000000000e+01
1.252000000000000028e+02,3.588281250000000000e+01
1.252400000000000375e+02,3.578125000000000000e+01
1.252800000000000153e+02,3.650000000000000000e+01
1.253199999999999932e+02,3.601562500000000000e+01
1.253600000000000279e+02,3.658593750000000000e+01
1.254000000000000057e+02,3.654687500000000000e+01
1.254399999999999977e+02,3.556250000000000711e+01
1.254800000000000182e+02,3.600781250000000000e+01
1.255200000000000102e+02,3.628906250000000711e+01
1.255600000000000449e+02,3.621875000000000000e+01
1.256000000000000227e+02,3.642187500000000000e+01
1.256400000000000006e+02,3.571093750000000000e+01
1.256800000000000352e+02,3.607812500000000000e+01
1.257200000000000131e+02,3.576562500000000000e+01
1.257600000000000477e+02,3.641406250000000711e+01
1.258000000000000256e+02,3.644531250000000000e+01
1.258400000000000034e+02,3.596093750000000000e+01
1.258800000000000381e+02,3.614843750000000000e+01
1.259200000000000159e+02,3.622656250000000000e+01
1.259599999999999937e+02,3.590625000000000000e+01
1.260000000000000284e+02,3.643750000000000000e+01
1.260400000000000063e+02,3.653906250000000711e+01
1.260800000000000409e+02,3.605468750000000000e+01
1.261200000000000188e+02,3.638281250000000000e+01
1.261599999999999966e+02,3.627343750000000000e+01
1.262000000000000313e+02,3.632812500000000000e+01
1.262400000000000091e+02,3.608593750000000000e+01
1.262799999999999869e+02,3.605468750000000000e+01
1.263200000000000216e+02,3.638281250000000000e+01
1.263599999999999994e+02,3.622656250000000000e+01
1.264000000000000341e+02,3.595312500000000000e+01
1.264400000000000119e+02,3.609375000000000000e+01
1.264799999999999898e+02,3.567968750000000000e+01
1.265200000000000244e+02,3.611718750000000000e+01
1.265600000000000023e+02,3.579687500000000000e+01
1.266000000000000369e+02,3.617187500000000000e+01
1.266400000000000148e+02,3.626562500000000000e+01
1.266800000000000068e+02,3.592968750000000000e+01
1.267200000000000273e+02,3.595312500000000000e+01
1.267600000000000193e+02,3.638281250000000000e+01
1.267999999999999972e+02,3.648437500000000000e+01
1.268400000000000318e+02,3.572656250000000000e+01
1.268800000000000097e+02,3.640625000000000000e+01
1.269200000000000443e+02,3.598437500000000000e+01
1.269600000000000222e+02,3.564843750000000000e+01
1.270000000000000000e+02,3.625781250000000000e+01
1.270400000000000347e+02,3.539062500000000000e+01
1.270800000000000125e+02,3.566406250000000000e+01
1.271199999999999903e+02,3.547656250000000000e+01
1.271600000000000250e+02,3.593750000000000711e+01
1.272000000000000028e+02,3.567187500000000000e+01
1.272400000000000375e+02,3.633593750000000000e+01
1.272800000000000153e+02,3.602343750000000000e+01
1.273199999999999932e+02,3.610156250000000000e+01
1.273600000000000279e+02,3.657812500000000000e+01
1.274000000000000057e+02,3.584375000000000000e+01
1.274400000000000404e+02,3.606250000000000000e+01
1.274800000000000182e+02,3.573437500000000000e+01
1.275199999999999960e+02,3.637500000000000000e+01
1.275600000000000307e+02,3.600000000000000711e+01
1.276000000000000085e+02,3.640625000000000000e+01
1.276399999999999864e+02,3.605468750000000000e+01
1.276800000000000210e+02,3.575000000000000711e+01
1.277199999999999989e+02,3.640625000000000000e+01
1.277600000000000335e+02,3.644531250000000000e+01
1.278000000000000114e+02,3.587500000000000711e+01
1.278399999999999892e+02,3.594531250000000000e+01
1.278800000000000239e+02,3.642187500000000000e+01
1.279200000000000017e+02,3.610937500000000000e+01
1.279600000000000364e+02,3.607031250000000000e+01
1.280000000000000284e+02,3.617968750000000000e+01
1.280399999999999920e+02,3.577343750000000000e+01
1.280800000000000409e+02,3.625781250000000000e+01
1.281200000000000045e+02,3.567968750000000000e+01
1.281599999999999966e+02,3.572656250000000000e+01
1.282000000000000171e+02,3.600781250000000000e+01
1.282400000000000091e+02,3.560156250000000000e+01
1.282800000000000296e+02,3.643750000000000000e+01
1.283200000000000216e+02,3.557031250000000000e+01
1.283599999999999852e+02,3.685156250000000711e+01
1.284000000000000341e+02,3.576562500000000000e+01
1.284399999999999977e+02,3.598437500000000000e+01
1.284799999999999898e+02,3.614062500000000000e+01
1.285200000000000102e+02,3.628906250000000711e+01
1.285600000000000023e+02,3.595312500000000000e+01
1.286000000000000227e+02,3.635156250000000711e+01
1.286400000000000148e+02,3.602343750000000000e+01
1.286800000000000068e+02,3.604687500000000000e+01
1.287200000000000273e+02,3.665625000000000000e+01
1.287600000000000193e+02,3.633593750000000000e+01
1.288000000000000398e+02,3.614843750000000000e+01
1.288400000000000318e+02,3.576562500000000000e+01
1.288799999999999955e+02,3.637500000000000000e+01
1.289200000000000443e+02,3.667968750000000000e+01
1.289600000000000080e+02,3.642187500000000000e+01
1.290000000000000000e+02,3.660937500000000000e+01
1.290400000000000205e+02,3.640625000000000000e+01
1.290800000000000125e+02,3.600000000000000711e+01
1.291200000000000330e+02,3.570312500000000000e+01
1.291600000000000250e+02,3.628125000000000000e+01
1.291999999999999886e+02,3.602343750000000000e+01
1.292400000000000375e+02,3.640625000000000000e+01
1.292800000000000011e+02,3.560156250000000000e+01
1.293200000000000500e+02,3.655468750000000000e+01
1.293600000000000136e+02,3.612500000000000000e+01
1.294000000000000057e+02,3.564062500000000000e+01
1.294400000000000261e+02,3.560937500000000000e+01
1.294800000000000182e+02,3.578906250000000000e+01
1.295199999999999818e+02,3.672656250000000711e+01
1.295600000000000307e+02,3.610937500000000000e+01
1.295999999999999943e+02,3.617968750000000000e+01
1.296400000000000432e+02,3.625781250000000000e+01
1.296800000000000068e+02,3.655468750000000000e+01
1.297199999999999989e+02,3.588281250000000000e+01
1.297600000000000193e+02,3.667187500000000000e+01
1.298000000000000114e+02,3.603906250000000000e+01
1.298400000000000034e+02,3.618750000000000000e+01
1.298800000000000239e+02,3.648437500000000000e+01
1.299200000000000159e+02,3.634375000000000000e+01
1.299600000000000364e+02,3.660937500000000000e+01
1.300000000000000284e+02,3.632031250000000000e+01
1.300399999999999920e+02,3.619531250000000000e+01
1.300800000000000409e+02,3.572656250000000000e+01
1.301200000000000045e+02,3.653906250000000711e+01
1.301600000000000534e+02,3.592968750000000000e+01
1.302000000000000171e+02,3.622656250000000000e+01
1.302400000000000091e+02,3.613281250000000000e+01
1.302800000000000296e+02,3.600781250000000000e+01
1.303200000000000216e+02,3.607031250000000000e+01
1.303599999999999852e+02,3.588281250000000000e+01
1.304000000000000341e+02,3.548437500000000000e+01
1.304399999999999977e+02,3.635937500000000000e+01
1.304800000000000466e+02,3.542968750000000000e+01
1.305200000000000102e+02,3.625000000000000000e+01
1.305600000000000023e+02,3.594531250000000000e+01
1.306000000000000227e+02,3.629687500000000000e+01
1.306400000000000148e+02,3.642187500000000000e+01
1.306799999999999784e+02,3.660937500000000000e+01
1.307200000000000273e+02,3.655468750000000000e+01
1.307599999999999909e+02,3.632812500000000000e+01
1.308000000000000398e+02,3.616406250000000000e+01
1.308400000000000034e+02,3.593750000000000711e+01
1.308799999999999955e+02,3.610156250000000000e+01
1.309200000000000159e+02,3.580468750000000000e+01
1.309600000000000080e+02,3.648437500000000000e+01
1.310000000000000284e+02,3.627343750000000000e+01
1.310400000000000205e+02,3.676562500000000000e+01
1.310800000000000125e+02,3.625781250000000000e+01
1.311200000000000330e+02,3.590625000000000000e+01
1.311600000000000250e+02,3.625781250000000000e+01
1.311999999999999886e+02,3.602343750000000000e+01
1.312400000000000375e+02,3.623437500000000000e+01
1.312800000000000011e+02,3.603125000000000000e+01
1.313200000000000500e+02,3.659375000000000000e+01
1.313600000000000136e+02,3.621875000000000000e+01
1.314000000000000057e+02,3.631250000000000000e+01
1.314400000000000261e+02,3.653906250000000711e+01
1.314800000000000182e+02,3.651562500000000000e+01
1.315200000000000387e+02,3.624218750000000000e+01
1.315600000000000307e+02,3.585937500000000000e+01
1.315999999999999943e+02,3.646875000000000000e+01
1.316400000000000432e+02,3.605468750000000000e+01
1.316800000000000068e+02,3.603125000000000000e+01
1.317199999999999989e+02,3.650781250000000000e+01
1.317600000000000193e+02,3.628125000000000000e+01
1.318000000000000114e+02,3.622656250000000000e+01
1.318400000000000318e+02,3.653906250000000711e+01
1.318800000000000239e+02,3.594531250000000000e+01
1.319199999999999875e+02,3.603125000000000000e+01
1.319600000000000364e+02,3.535937500000000000e+01
1.320000000000000000e+02,3.610156250000000000e+01
1.320399999999999920e+02,3.617187500000000000e+01
1.320800000000000125e+02,3.592968750000000000e+01
1.321200000000000045e+02,3.669531250000000000e+01
1.321600000000000250e+02,3.653906250000000711e+01
1.322000000000000171e+02,3.592187500000000000e+01
1.322399999999999807e+02,3.612500000000000000e+01
1.322800000000000296e+02,3.636718750000000000e+01
1.323199999999999932e+02,3.655468750000000000e+01
1.323600000000000421e+02,3.611718750000000000e+01
1.324000000000000057e+02,3.614062500000000000e+01
1.324399999999999977e+02,3.614843750000000000e+01
1.324800000000000466e+02,3.624218750000000000e+01
1.325200000000000102e+02,3.657031250000000000e+01
1.325600000000000023e+02,3.621875000000000000e+01
1.326000000000000227e+02,3.611718750000000000e+01
1.326400000000000148e+02,3.639062500000000000e+01
1.326800000000000352e+02,3.620312500000000000e+01
1.327200000000000273e+02,3.647656250000000711e+01
1.327599999999999909e+02,3.602343750000000000e+01
1.328000000000000398e+02,3.616406250000000000e+01
1.328400000000000034e+02,3.625781250000000000e+01
1.328800000000000523e+02,3.640625000000000000e+01
1.329200000000000159e+02,3.575000000000000711e+01
1.329600000000000080e+02,3.642968750000000000e+01
1.330000000000000284e+02,3.581250000000000711e+01
1.330400000000000205e+02,3.673437500000000000e+01
1.330799999999999841e+02,3.589843750000000000e+01
1.331200000000000330e+02,3.549218750000000000e+01
1.331599999999999966e+02,3.649218750000000000e+01
1.332000000000000455e+02,3.616406250000000000e+01
1.332400000000000091e+02,3.622656250000000000e+01
1.332800000000000011e+02,3.596875000000000000e+01
1.333200000000000216e+02,3.617968750000000000e+01
1.333600000000000136e+02,3.666406250000000711e+01
1.333999999999999773e+02,3.569531250000000000e+01
1.334400000000000261e+02,3.661718750000000000e+01
1.334799999999999898e+02,3.589062500000000000e+01
1.335200000000000387e+02,3.610156250000000000e+01
1.335600000000000023e+02,3.660156250000000711e+01
1.335999999999999943e+02,3.582031250000000000e+01
1.336400000000000148e+02,3.637500000000000000e+01
1.336800000000000068e+02,3.619531250000000000e+01
1.337200000000000273e+02,3.585937500000000000e+01
1.337600000000000193e+02,3.629687500000000000e+01
1.338000000000000114e+02,3.674218750000000000e+01
1.338400000000000318e+02,3.655468750000000000e+01
1.338800000000000239e+02,3.634375000000000000e+01
1.339199999999999875e+02,3.600000000000000711e+01
1.339600000000000364e+02,3.618750000000000000e+01
1.340000000000000000e+02,3.589062500000000000e+01
1.340400000000000489e+02,3.582031250000000000e+01
1.340800000000000125e+02,3.628906250000000711e+01
1.341200000000000045e+02,3.607031250000000000e+01
1.341600000000000250e+02,3.638281250000000000e+01
1.342000000000000171e+02,3.581250000000000711e+01
1.342400000000000375e+02,3.593750000000000711e+01
1.342800000000000296e+02,3.637500000000000000e+01
1.343199999999999932e+02,3.610937500000000000e+01
1.343600000000000421e+02,3.602343750000000000e+01
1.344000000000000057e+02,3.604687500000000000e+01
1.344399999999999977e+02,3.691406250000000711e+01
1.344800000000000182e+02,3.571875000000000000e+01
1.345200000000000102e+02,3.581250000000000711e+01
1.345600000000000307e+02,3.616406250000000000e+01
1.346000000000000227e+02,3.663281250000000000e+01
1.346399999999999864e+02,3.641406250000000711e+01
1.346800000000000352e+02,3.632812500000000000e+01
1.347199999999999989e+02,3.655468750000000000e+01
1.347599999999999909e+02,3.598437500000000000e+01
1.348000000000000114e+02,3.610156250000000000e+01
1.348400000000000034e+02,3.671875000000000000e+01
1.348800000000000239e+02,3.641406250000000711e+01
1.349200000000000159e+02,3.605468750000000000e+01
1.349600000000000080e+02,3.638281250000000000e+01
1.350000000000000284e+02,3.671093750000000000e+01
1.350400000000000205e+02,3.596093750000000000e+01
1.350800000000000409e+02,3.643750000000000000e+01
1.351200000000000330e+02,3.606250000000000000e+01
1.351599999999999966e+02,3.613281250000000000e+01
1.352000000000000455e+02,3.527343750000000000e+01
1.352400000000000091e+02,3.614843750000000000e+01
1.352800000000000011e+02,3.610937500000000000e+01
1.353200000000000216e+02,3.610937500000000000e+01
1.353600000000000136e+02,3.674218750000000000e+01
1.354000000000000341e+02,3.590625000000000000e+01
1.354400000000000261e+02,3.612500000000000000e+01
1.354799999999999898e+02,3.662500000000000000e+01
1.355200000000000387e+02,3.624218750000000000e+01
1.355600000000000023e+02,3.633593750000000000e+01
1.355999999999999943e+02,3.648437500000000000e+01
1.356400000000000148e+02,3.647656250000000711e+01
1.356800000000000068e+02,3.663281250000000000e+01
1.357200000000000273e+02,3.589843750000000000e+01
1.357600000000000193e+02,3.600781250000000000e+01
1.357999999999999829e+02,3.625781250000000000e+01
1.358400000000000318e+02,3.611718750000000000e+01
1.358799999999999955e+02,3.605468750000000000e+01
1.359200000000000443e+02,3.633593750000000000e+01
1.359600000000000080e+02,3.629687500000000000e+01
1.360000000000000000e+02,3.581250000000000711e+01
1.360400000000000205e+02,3.612500000000000000e+01
1.360800000000000125e+02,3.579687500000000000e+01
1.361200000000000045e+02,3.678125000000000000e+01
1.361600000000000250e+02,3.628906250000000711e+01
1.362000000000000171e+02,3.592968750000000000e+01
1.362400000000000375e+02,3.629687500000000000e+01
1.362800000000000296e+02,3.632812500000000000e+01
1.363199999999999932e+02,3.619531250000000000e+01
1.363600000000000421e+02,3.653125000000000000e+01
1.364000000000000057e+02,3.594531250000000000e+01
1.364400000000000546e+02,3.639062500000000000e+01
1.364800000000000182e+02,3.628125000000000000e+01
1.365200000000000102e+02,3.639062500000000000e+01
1.365600000000000307e+02,3.643750000000000000e+01
1.366000000000000227e+02,3.639062500000000000e+01
1.366399999999999864e+02,3.643750000000000000e+01
1.366800000000000352e+02,3.617187500000000000e+01
1.367199999999999989e+02,3.603906250000000000e+01
1.367600000000000477e+02,3.584375000000000000e+01
1.368000000000000114e+02,3.628906250000000711e+01
1.368400000000000034e+02,3.648437500000000000e+01
1.368800000000000239e+02,3.586718750000000000e+01
1.369200000000000159e+02,3.591406250000000000e+01
1.369599999999999795e+02,3.646875000000000000e+01
1.370000000000000284e+02,3.672656250000000711e+01
1.370399999999999920e+02,3.594531250000000000e+01
1.370800000000000409e+02,3.623437500000000000e+01
1.371200000000000045e+02,3.645312500000000000e+01
1.371599999999999966e+02,3.658593750000000000e+01
1.372000000000000171e+02,3.632812500000000000e+01
1.372400000000000091e+02,3.651562500000000000e+01
1.372800000000000296e+02,3.610937500000000000e+01
1.373200000000000216e+02,3.606250000000000000e+01
1.373600000000000136e+02,3.601562500000000000e+01
1.374000000000000341e+02,3.641406250000000711e+01
1.374400000000000261e+02,3.712500000000000000e+01
1.374799999999999898e+02,3.639843750000000000e+01
1.375200000000000387e+02,3.593750000000000711e+01
1.375600000000000023e+02,3.657031250000000000e+01
1.376000000000000512e+02,3.635937500000000000e+01
1.376400000000000148e+02,3.589843750000000000e+01
1.376800000000000068e+02,3.640625000000000000e+01
1.377200000000000273e+02,3.623437500000000000e+01
1.377600000000000193e+02,3.625000000000000000e+01
1.378000000000000398e+02,3.689843750000000000e+01
1.378400000000000318e+02,3.605468750000000000e+01
1.378799999999999955e+02,3.684375000000000000e+01
1.379200000000000443e+02,3.635156250000000711e+01
1.379600000000000080e+02,3.652343750000000000e+01
1.380000000000000000e+02,3.621093750000000000e+01
1.380400000000000205e+02,3.628125000000000000e+01
1.380800000000000125e+02,3.632031250000000000e+01
1.381200000000000330e+02,3.648437500000000000e+01
1.381600000000000250e+02,3.597656250000000000e+01
1.381999999999999886e+02,3.617968750000000000e+01
1.382400000000000375e+02,3.629687500000000000e+01
1.382800000000000011e+02,3.606250000000000000e+01
1.383199999999999932e+02,3.589843750000000000e+01
1.383600000000000136e+02,3.622656250000000000e+01
1.384000000000000057e+02,3.596093750000000000e+01
1.384400000000000261e+02,3.600000000000000711e+01
1.384800000000000182e+02,3.594531250000000000e+01
1.385199999999999818e+02,3.636718750000000000e+01
1.385600000000000307e+02,3.650781250000000000e+01
1.385999999999999943e+02,3.650781250000000000e+01
1.386400000000000432e+02,3.628906250000000711e+01
1.386800000000000068e+02,3.657812500000000000e+01
1.387199999999999989e+02,3.667187500000000000e+01
1.387600000000000193e+02,3.689843750000000000e+01
1.388000000000000114e+02,3.649218750000000000e+01
1.388400000000000034e+02,3.606250000000000000e+01
1.388800000000000239e+02,3.589843750000000000e+01
1.389200000000000159e+02,3.592187500000000000e+01
1.389600000000000364e+02,3.644531250000000000e+01
1.390000000000000284e+02,3.730468750000000000e+01
1.390399999999999920e+02,3.658593750000000000e+01
1.390800000000000409e+02,3.633593750000000000e+01
1.391200000000000045e+02,3.656250000000000000e+01
1.391599999999999966e+02,3.660937500000000000e+01
1.392000000000000171e+02,3.617187500000000000e+01
1.392400000000000091e+02,3.672656250000000711e+01
1.392800000000000296e+02,3.628125000000000000e+01
1.393200000000000216e+02,3.665625000000000000e+01
1.393599999999999852e+02,3.639843750000000000e+01
1.394000000000000341e+02,3.625781250000000000e+01
1.394399999999999977e+02,3.628906250000000711e+01
1.394800000000000466e+02,3.660937500000000000e+01
1.395200000000000102e+02,3.655468750000000000e+01
1.395600000000000023e+02,3.642187500000000000e+01
1.396000000000000227e+02,3.638281250000000000e+01
1.396400000000000148e+02,3.660156250000000711e+01
1.396799999999999784e+02,3.669531250000000000e+01
1.397200000000000273e+02,3.639843750000000000e+01
1.397599999999999909e+02,3.631250000000000000e+01
1.398000000000000398e+02,3.636718750000000000e+01
1.398400000000000034e+02,3.600000000000000711e+01
1.398799999999999955e+02,3.617968750000000000e+01
1.399200000000000159e+02,3.659375000000000000e+01
1.399600000000000080e+02,3.648437500000000000e+01
1.400000000000000284e+02,3.631250000000000000e+01
1.400400000000000205e+02,3.649218750000000000e+01
1.400800000000000125e+02,3.641406250000000711e+01
1.401200000000000330e+02,3.602343750000000000e+01
1.401600000000000250e+02,3.578906250000000000e+01
1.401999999999999886e+02,3.603906250000000000e+01
1.402400000000000375e+02,3.654687500000000000e+01
1.402800000000000011e+02,3.608593750000000000e+01
1.403200000000000500e+02,3.657031250000000000e+01
1.403600000000000136e+02,3.664843750000000000e+01
1.404000000000000057e+02,3.656250000000000000e+01
1.404400000000000261e+02,3.649218750000000000e+01
1.404800000000000182e+02,3.649218750000000000e+01
1.405199999999999818e+02,3.632031250000000000e+01
1.405600000000000307e+02,3.587500000000000711e+01
1.405999999999999943e+02,3.627343750000000000e+01
1.406400000000000432e+02,3.615625000000000000e+01
1.406800000000000068e+02,3.668750000000000000e+01
1.407199999999999989e+02,3.627343750000000000e+01
1.407600000000000193e+02,3.650000000000000000e+01
1.408000000000000114e+02,3.639062500000000000e+01
1.408400000000000318e+02,3.617968750000000000e+01
1.408800000000000239e+02,3.664843750000000000e+01
1.409199999999999875e+02,3.609375000000000000e+01
1.409600000000000364e+02,3.644531250000000000e+01
1.410000000000000000e+02,3.659375000000000000e+01
1.410399999999999920e+02,3.597656250000000000e+01
1.410800000000000125e+02,3.667187500000000000e+01
1.411200000000000045e+02,3.638281250000000000e+01
1.411600000000000250e+02,3.642187500000000000e+01
1.412000000000000171e+02,3.676562500000000000e+01
1.412400000000000091e+02,3.634375000000000000e+01
1.412800000000000296e+02,3.660156250000000711e+01
1.413200000000000216e+02,3.652343750000000000e+01
1.413600000000000421e+02,3.700000000000000000e+01
1.414000000000000341e+02,3.647656250000000711e+01
1.414399999999999977e+02,3.689062500000000000e+01
1.414800000000000466e+02,3.614843750000000000e+01
1.415200000000000102e+02,3.602343750000000000e+01
1.415600000000000023e+02,3.607812500000000000e+01
1.416000000000000227e+02,3.634375000000000000e+01
1.416400000000000148e+02,3.616406250000000000e+01
1.416800000000000352e+02,3.636718750000000000e+01
1.417200000000000273e+02,3.651562500000000000e+01
1.417599999999999909e+02,3.663281250000000000e+01
1.418000000000000398e+02,3.654687500000000000e+01
1.418400000000000034e+02,3.661718750000000000e+01
1.418799999999999955e+02,3.664843750000000000e+01
1.419200000000000159e+02,3.641406250000000711e+01
1.419600000000000080e+02,3.603906250000000000e+01
1.420000000000000284e+02,3.619531250000000000e+01
1.420400000000000205e+02,3.650781250000000000e+01
1.420799999999999841e+02,3.676562500000000000e+01
1.421200000000000330e+02,3.621093750000000000e+01
1.421599999999999966e+02,3.660156250000000711e+01
1.422000000000000455e+02,3.671093750000000000e+01
1.422400000000000091e+02,3.611718750000000000e+01
1.422800000000000011e+02,3.638281250000000000e+01
1.423200000000000216e+02,3.593750000000000711e+01
1.423600000000000136e+02,3.648437500000000000e+01
1.424000000000000057e+02,3.620312500000000000e+01
1.424400000000000261e+02,3.665625000000000000e+01
1.424800000000000182e+02,3.646093750000000000e+01
1.425200000000000387e+02,3.632031250000000000e+01
1.425600000000000307e+02,3.639062500000000000e+01
1.425999999999999943e+02,3.608593750000000000e+01
1.426400000000000432e+02,3.653906250000000711e+01
1.426800000000000068e+02,3.623437500000000000e+01
1.427200000000000557e+02,3.647656250000000711e+01
1.427600000000000193e+02,3.588281250000000000e+01
1.428000000000000114e+02,3.635937500000000000e+01
1.428400000000000318e+02,3.669531250000000000e+01
1.428800000000000239e+02,3.700781250000000000e+01
1.429199999999999875e+02,3.642187500000000000e+01
1.429600000000000364e+02,3.606250000000000000e+01
1.430000000000000000e+02,3.651562500000000000e+01
1.430400000000000489e+02,3.625781250000000000e+01
1.430800000000000125e+02,3.630468750000000000e+01
1.431200000000000045e+02,3.640625000000000000e+01
1.431600000000000250e+02,3.672656250000000711e+01
1.432000000000000171e+02,3.653125000000000000e+01
1.432399999999999807e+02,3.694531250000000000e+01
1.432800000000000296e+02,3.654687500000000000e+01
1.433199999999999932e+02,3.652343750000000000e+01
1.433600000000000421e+02,3.672656250000000711e+01
1.434000000000000057e+02,3.646093750000000000e+01
1.434399999999999977e+02,3.710937500000000000e+01
1.434800000000000182e+02,3.632812500000000000e+01
1.435200000000000102e+02,3.631250000000000000e+01
1.435600000000000307e+02,3.655468750000000000e+01
1.436000000000000227e+02,3.714843750000000000e+01
1.436399999999999864e+02,3.669531250000000000e+01
1.436800000000000352e+02,3.653906250000000711e+01
1.437200000000000273e+02,3.653906250000000711e+01
1.437599999999999909e+02,3.657812500000000000e+01
1.438000000000000398e+02,3.601562500000000000e+01
1.438400000000000034e+02,3.607031250000000000e+01
1.438800000000000523e+02,3.632031250000000000e+01
1.439200000000000159e+02,3.642187500000000000e+01
1.439600000000000080e+02,3.617187500000000000e+01
1.440000000000000284e+02,3.671875000000000000e+01
1.440400000000000205e+02,3.685156250000000711e+01
1.440799999999999841e+02,3.631250000000000000e+01
1.441200000000000330e+02,3.639843750000000000e+01
1.441599999999999966e+02,3.607812500000000000e+01
1.442000000000000455e+02,3.696875000000000000e+01
1.442400000000000091e+02,3.618750000000000000e+01
1.442800000000000011e+02,3.646093750000000000e+01
1.443200000000000216e+02,3.589062500000000000e+01
1.443600000000000136e+02,3.620312500000000000e+01
1.444000000000000341e+02,3.574218750000000000e+01
1.444400000000000261e+02,3.646875000000000000e+01
1.444799999999999898e+02,3.647656250000000711e+01
1.445200000000000387e+02,3.645312500000000000e+01
1.445600000000000023e+02,3.689843750000000000e+01
1.445999999999999943e+02,3.651562500000000000e+01
1.446400000000000148e+02,3.674218750000000000e+01
1.446800000000000068e+02,3.623437500000000000e+01
1.447200000000000273e+02,3.642187500000000000e+01
1.447600000000000193e+02,3.707031250000000000e+01
1.447999999999999829e+02,3.625000000000000000e+01
1.448400000000000318e+02,3.653125000000000000e+01
1.448799999999999955e+02,3.656250000000000000e+01
1.449200000000000443e+02,3.702343750000000000e+01
1.449600000000000080e+02,3.627343750000000000e+01
1.450000000000000000e+02,3.621093750000000000e+01
1.450400000000000205e+02,3.675781250000000000e+01
1.450800000000000125e+02,3.625000000000000000e+01
1.451200000000000045e+02,3.647656250000000711e+01
1.451600000000000250e+02,3.714062500000000000e+01
1.452000000000000171e+02,3.677343750000000000e+01
1.452400000000000375e+02,3.667187500000000000e+01
1.452800000000000296e+02,3.646093750000000000e+01
1.453199999999999932e+02,3.557812500000000000e+01
1.453600000000000421e+02,3.710156250000000000e+01
1.454000000000000057e+02,3.639062500000000000e+01
1.454399999999999977e+02,3.653125000000000000e+01
1.454800000000000182e+02,3.652343750000000000e+01
1.455200000000000102e+02,3.679687500000000000e+01
1.455600000000000307e+02,3.602343750000000000e+01
1.456000000000000227e+02,3.686718750000000000e+01
1.456399999999999864e+02,3.679687500000000000e+01
1.456800000000000352e+02,3.622656250000000000e+01
1.457199999999999989e+02,3.628125000000000000e+01
1.457600000000000477e+02,3.678906250000000711e+01
1.458000000000000114e+02,3.636718750000000000e+01
1.458400000000000034e+02,3.690625000000000000e+01
1.458800000000000239e+02,3.649218750000000000e+01
1.459200000000000159e+02,3.646093750000000000e+01
1.459599999999999795e+02,3.684375000000000000e+01
1.460000000000000284e+02,3.661718750000000000e+01
1.460399999999999920e+02,3.655468750000000000e+01
1.460800000000000409e+02,3.678125000000000000e+01
1.461200000000000045e+02,3.650781250000000000e+01
1.461599999999999966e+02,3.633593750000000000e+01
1.462000000000000171e+02,3.592968750000000000e+01
1.462400000000000091e+02,3.584375000000000000e+01
1.462800000000000296e+02,3.643750000000000000e+01
1.463200000000000216e+02,3.603906250000000000e+01
1.463600000000000136e+02,3.668750000000000000e+01
1.464000000000000341e+02,3.667187500000000000e+01
1.464400000000000261e+02,3.601562500000000000e+01
1.464799999999999898e+02,3.635937500000000000e+01
1.465200000000000387e+02,3.667187500000000000e+01
1.465600000000000023e+02,3.635156250000000711e+01
1.466000000000000512e+02,3.671093750000000000e+01
1.466400000000000148e+02,3.631250000000000000e+01
1.466800000000000068e+02,3.662500000000000000e+01
1.467200000000000273e+02,3.671875000000000000e+01
1.467600000000000193e+02,3.692968750000000000e+01
1.467999999999999829e+02,3.640625000000000000e+01
1.468400000000000318e+02,3.664843750000000000e+01
1.468799999999999955e+02,3.637500000000000000e+01
1.469200000000000443e+02,3.638281250000000000e+01
1.469600000000000080e+02,3.664062500000000000e+01
1.470000000000000000e+02,3.700000000000000000e+01
1.470400000000000205e+02,3.638281250000000000e+01
1.470800000000000125e+02,3.692187500000000000e+01
1.471200000000000330e+02,3.700781250000000000e+01
1.471600000000000250e+02,3.642187500000000000e+01
1.471999999999999886e+02,3.712500000000000000e+01
1.472400000000000375e+02,3.661718750000000000e+01
1.472800000000000011e+02,3.689062500000000000e+01
1.473199999999999932e+02,3.692187500000000000e+01
1.473600000000000136e+02,3.700000000000000000e+01
1.474000000000000057e+02,3.691406250000000711e+01
1.474400000000000261e+02,3.693750000000000000e+01
1.474800000000000182e+02,3.638281250000000000e+01
1.475200000000000102e+02,3.688281250000000000e+01
1.475600000000000307e+02,3.645312500000000000e+01
1.476000000000000227e+02,3.699218750000000000e+01
1.476399999999999864e+02,3.632812500000000000e+01
1.476800000000000352e+02,3.595312500000000000e+01
1.477199999999999989e+02,3.674218750000000000e+01
1.477600000000000477e+02,3.638281250000000000e+01
1.478000000000000114e+02,3.645312500000000000e+01
1.478400000000000034e+02,3.656250000000000000e+01
1.478800000000000239e+02,3.641406250000000711e+01
1.479200000000000159e+02,3.623437500000000000e+01
1.479600000000000364e+02,3.727343750000000000e+01
1.480000000000000284e+02,3.672656250000000711e+01
1.480399999999999920e+02,3.597656250000000000e+01
1.480800000000000409e+02,3.664843750000000000e+01
1.481200000000000045e+02,3.663281250000000000e+01
1.481599999999999966e+02,3.698437500000000000e+01
1.482000000000000171e+02,3.659375000000000000e+01
1.482400000000000091e+02,3.650000000000000000e+01
1.482800000000000296e+02,3.628125000000000000e+01
1.483200000000000216e+02,3.714062500000000000e+01
1.483599999999999852e+02,3.691406250000000711e+01
1.484000000000000341e+02,3.678906250000000711e+01
1.484399999999999977e+02,3.675781250000000000e+01
1.484800000000000466e+02,3.657812500000000000e+01
1.485200000000000102e+02,3.682031250000000000e+01
1.485600000000000023e+02,3.635156250000000711e+01
1.486000000000000227e+02,3.642968750000000000e+01
1.486400000000000148e+02,3.671875000000000000e+01
1.486800000000000068e+02,3.687500000000000000e+01
1.487200000000000273e+02,3.656250000000000000e+01
1.487600000000000193e+02,3.682812500000000000e+01
1.488000000000000398e+02,3.685156250000000711e+01
1.488400000000000318e+02,3.641406250000000711e+01
1.488799999999999955e+02,3.651562500000000000e+01
1.489200000000000443e+02,3.603125000000000000e+01
1.489600000000000080e+02,3.663281250000000000e+01
1.490000000000000000e+02,3.669531250000000000e+01
1.490400000000000205e+02,3.690625000000000000e+01
1.490800000000000125e+02,3.676562500000000000e+01
1.491200000000000330e+02,3.622656250000000000e+01
1.491600000000000250e+02,3.689843750000000000e+01
1.491999999999999886e+02,3.636718750000000000e+01
1.492400000000000375e+02,3.645312500000000000e+01
1.492800000000000011e+02,3.732812500000000711e+01
1.493200000000000500e+02,3.671875000000000000e+01
1.493600000000000136e+02,3.701562500000000000e+01
1.494000000000000057e+02,3.641406250000000711e+01
1.494400000000000261e+02,3.709375000000000000e+01
1.494800000000000182e+02,3.666406250000000711e+01
1.495199999999999818e+02,3.703125000000000000e+01
1.495600000000000307e+02,3.689843750000000000e+01
1.495999999999999943e+02,3.692187500000000000e+01
1.496400000000000432e+02,3.669531250000000000e+01
1.496800000000000068e+02,3.733593750000000000e+01
1.497199999999999989e+02,3.642187500000000000e+01
1.497600000000000193e+02,3.657031250000000000e+01
1.498000000000000114e+02,3.629687500000000000e+01
1.498400000000000318e+02,3.685156250000000711e+01
1.498800000000000239e+02,3.627343750000000000e+01
1.499199999999999875e+02,3.658593750000000000e+01
1.499600000000000364e+02,3.657812500000000000e+01
1.500000000000000000e+02,3.675781250000000000e+01
1.500399999999999920e+02,3.636718750000000000e+01
1.500800000000000409e+02,3.602343750000000000e+01
1.501200000000000045e+02,3.678125000000000000e+01
1.501600000000000534e+02,3.652343750000000000e+01
1.502000000000000171e+02,3.589843750000000000e+01
1.502400000000000091e+02,3.649218750000000000e+01
1.502800000000000296e+02,3.674218750000000000e+01
1.503200000000000216e+02,3.644531250000000000e+01
1.503599999999999852e+02,3.620312500000000000e+01
1.504000000000000341e+02,3.684375000000000000e+01
1.504399999999999977e+02,3.689062500000000000e+01
1.504800000000000466e+02,3.706250000000000000e+01
1.505200000000000102e+02,3.646093750000000000e+01
1.505600000000000023e+02,3.693750000000000000e+01
1.506000000000000227e+02,3.612500000000000000e+01
1.506400000000000148e+02,3.647656250000000711e+01
1.506800000000000352e+02,3.650000000000000000e+01
1.507200000000000273e+02,3.660937500000000000e+01
1.507599999999999909e+02,3.696093750000000000e+01
1.508000000000000398e+02,3.689843750000000000e+01
1.508400000000000034e+02,3.659375000000000000e+01
1.508799999999999955e+02,3.667968750000000000e+01
1.509200000000000159e+02,3.666406250000000711e+01
1.509600000000000080e+02,3.678125000000000000e+01
1.510000000000000284e+02,3.671093750000000000e+01
1.510400000000000205e+02,3.609375000000000000e+01
1.510799999999999841e+02,3.661718750000000000e+01
1.511200000000000330e+02,3.692187500000000000e+01
1.511599999999999966e+02,3.673437500000000000e+01
1.512000000000000455e+02,3.671875000000000000e+01
1.512400000000000091e+02,3.642187500000000000e+01
1.512800000000000011e+02,3.692187500000000000e+01
1.513200000000000216e+02,3.669531250000000000e+01
1.513600000000000136e+02,3.649218750000000000e+01
1.514000000000000057e+02,3.626562500000000000e+01
1.514400000000000261e+02,3.676562500000000000e+01
1.514800000000000182e+02,3.682031250000000000e+01
1.515200000000000387e+02,3.725000000000000000e+01
1.515600000000000307e+02,3.602343750000000000e+01
1.515999999999999943e+02,3.675000000000000000e+01
1.516400000000000432e+02,3.635937500000000000e+01
1.516800000000000068e+02,3.675781250000000000e+01
1.517199999999999989e+02,3.676562500000000000e+01
1.517600000000000193e+02,3.710156250000000000e+01
1.518000000000000114e+02,3.646875000000000000e+01
1.518400000000000318e+02,3.657031250000000000e+01
1.518800000000000239e+02,3.693750000000000000e+01
1.519199999999999875e+02,3.666406250000000711e+01
1.519600000000000364e+02,3.713281250000000000e+01
1.520000000000000000e+02,3.666406250000000711e+01
1.520400000000000489e+02,3.722656250000000000e+01
1.520800000000000125e+02,3.713281250000000000e+01
1.521200000000000045e+02,3.655468750000000000e+01
1.521600000000000250e+02,3.667968750000000000e+01
1.522000000000000171e+02,3.671875000000000000e+01
1.522399999999999807e+02,3.651562500000000000e+01
1.522800000000000296e+02,3.653125000000000000e+01
1.523199999999999932e+02,3.682031250000000000e+01
1.523600000000000421e+02,3.696875000000000000e+01
1.524000000000000057e+02,3.745312500000000711e+01
1.524399999999999977e+02,3.675000000000000000e+01
1.524800000000000182e+02,3.646875000000000000e+01
1.525200000000000102e+02,3.708593750000000000e+01
1.525600000000000023e+02,3.707812500000000000e+01
1.526000000000000227e+02,3.713281250000000000e+01
1.526400000000000148e+02,3.667968750000000000e+01
1.526800000000000352e+02,3.757812500000000711e+01
1.527200000000000273e+02,3.628125000000000000e+01
1.527599999999999909e+02,3.654687500000000000e+01
1.528000000000000398e+02,3.696875000000000000e+01
1.528400000000000034e+02,3.687500000000000000e+01
1.528800000000000523e+02,3.653125000000000000e+01
1.529200000000000159e+02,3.693750000000000000e+01
1.529600000000000080e+02,3.702343750000000000e+01
1.530000000000000284e+02,3.682031250000000000e+01
1.530400000000000205e+02,3.660156250000000711e+01
1.530799999999999841e+02,3.691406250000000711e+01
1.531200000000000330e+02,3.654687500000000000e+01
1.531599999999999966e+02,3.691406250000000711e+01
1.532000000000000455e+02,3.678125000000000000e+01
1.532400000000000091e+02,3.663281250000000000e+01
1.532800000000000011e+02,3.647656250000000711e+01
1.533200000000000216e+02,3.662500000000000000e+01
1.533600000000000136e+02,3.650000000000000000e+01
1.534000000000000341e+02,3.678125000000000000e+01
1.534400000000000261e+02,3.684375000000000000e+01
1.534799999999999898e+02,3.688281250000000000e+01
1.535200000000000387e+02,3.697656250000000711e+01
1.535600000000000023e+02,3.700781250000000000e+01
1.535999999999999943e+02,3.705468750000000000e+01
1.536400000000000148e+02,3.705468750000000000e+01
1.536800000000000068e+02,3.707812500000000000e+01
1.537200000000000273e+02,3.689062500000000000e+01
1.537600000000000193e+02,3.691406250000000711e+01
1.538000000000000114e+02,3.701562500000000000e+01
1.538400000000000318e+02,3.673437500000000000e+01
1.538800000000000239e+02,3.705468750000000000e+01
1.539199999999999875e+02,3.714062500000000000e+01
1.539600000000000364e+02,3.685156250000000711e+01
1.540000000000000000e+02,3.690625000000000000e+01
1.540400000000000489e+02,3.643750000000000000e+01
1.540800000000000125e+02,3.646875000000000000e+01
1.541200000000000045e+02,3.684375000000000000e+01
1.541600000000000250e+02,3.692968750000000000e+01
1.542000000000000171e+02,3.671093750000000000e+01
1.542400000000000375e+02,3.691406250000000711e+01
1.542800000000000296e+02,3.654687500000000000e+01
1.543199999999999932e+02,3.646875000000000000e+01
1.543600000000000421e+02,3.715625000000000000e+01
1.544000000000000057e+02,3.692187500000000000e+01
1.544399999999999977e+02,3.689843750000000000e+01
1.544800000000000182e+02,3.710156250000000000e+01
1.545200000000000102e+02,3.659375000000000000e+01
1.545600000000000307e+02,3.629687500000000000e+01
1.546000000000000227e+02,3.667187500000000000e+01
1.546399999999999864e+02,3.689062500000000000e+01
1.546800000000000352e+02,3.658593750000000000e+01
1.547199999999999989e+02,3.716406250000000000e+01
1.547600000000000477e+02,3.685156250000000711e+01
1.548000000000000114e+02,3.670312500000000000e+01
1.548400000000000034e+02,3.694531250000000000e+01
1.548800000000000239e+02,3.685156250000000711e+01
1.549200000000000159e+02,3.664062500000000000e+01
1.549599999999999795e+02,3.703125000000000000e+01
1.550000000000000284e+02,3.714062500000000000e+01
1.550400000000000205e+02,3.617968750000000000e+01
1.550800000000000409e+02,3.669531250000000000e+01
1.551200000000000330e+02,3.708593750000000000e+01
1.551599999999999966e+02,3.724218750000000000e+01
1.552000000000000455e+02,3.692187500000000000e+01
1.552400000000000091e+02,3.683593750000000000e+01
1.552800000000000011e+02,3.735937500000000000e+01
1.553200000000000216e+02,3.701562500000000000e+01
1.553600000000000136e+02,3.738281250000000000e+01
1.554000000000000341e+02,3.653125000000000000e+01
1.554400000000000261e+02,3.710156250000000000e+01
1.554799999999999898e+02,3.692968750000000000e+01
1.555200000000000387e+02,3.664843750000000000e+01
1.555600000000000023e+02,3.696875000000000000e+01
1.556000000000000512e+02,3.691406250000000711e+01
1.556400000000000148e+02,3.699218750000000000e+01
1.556800000000000068e+02,3.702343750000000000e+01
1.557200000000000273e+02,3.624218750000000000e+01
1.557600000000000193e+02,3.649218750000000000e+01
1.557999999999999829e+02,3.659375000000000000e+01
1.558400000000000318e+02,3.714843750000000000e+01
1.558799999999999955e+02,3.728125000000000000e+01
1.559200000000000443e+02,3.713281250000000000e+01
1.559600000000000080e+02,3.692187500000000000e+01
1.560000000000000000e+02,3.694531250000000000e+01
1.560400000000000205e+02,3.654687500000000000e+01
1.560800000000000125e+02,3.706250000000000000e+01
1.561199999999999761e+02,3.637500000000000000e+01
1.561600000000000250e+02,3.697656250000000711e+01
1.561999999999999886e+02,3.675000000000000000e+01
1.562400000000000375e+02,3.719531250000000000e+01
1.562800000000000011e+02,3.693750000000000000e+01
1.563199999999999932e+02,3.727343750000000000e+01
1.563600000000000136e+02,3.742968750000000000e+01
1.564000000000000057e+02,3.729687500000000000e+01
1.564400000000000546e+02,3.699218750000000000e+01
1.564800000000000182e+02,3.701562500000000000e+01
1.565200000000000102e+02,3.719531250000000000e+01
1.565600000000000307e+02,3.694531250000000000e+01
1.566000000000000227e+02,3.698437500000000000e+01
1.566399999999999864e+02,3.695312500000000000e+01
1.566800000000000352e+02,3.708593750000000000e+01
1.567199999999999989e+02,3.758593750000000000e+01
1.567600000000000477e+02,3.689062500000000000e+01
1.568000000000000114e+02,3.717968750000000000e+01
1.568400000000000034e+02,3.666406250000000711e+01
1.568800000000000239e+02,3.660156250000000711e+01
1.569200000000000159e+02,3.731250000000000000e+01
1.569600000000000364e+02,3.671875000000000000e+01
1.570000000000000284e+02,3.671875000000000000e+01
1.570399999999999920e+02,3.713281250000000000e+01
1.570800000000000409e+02,3.757812500000000711e+01
1.571200000000000045e+02,3.695312500000000000e+01
1.571599999999999966e+02,3.706250000000000000e+01
1.572000000000000171e+02,3.742187500000000000e+01
1.572400000000000091e+02,3.679687500000000000e+01
1.572800000000000296e+02,3.699218750000000000e+01
1.573200000000000216e+02,3.646875000000000000e+01
1.573599999999999852e+02,3.687500000000000000e+01
1.574000000000000341e+02,3.664062500000000000e+01
1.574399999999999977e+02,3.709375000000000000e+01
1.574799999999999898e+02,3.750781250000000000e+01
1.575200000000000102e+02,3.748437500000000000e+01
1.575600000000000023e+02,3.699218750000000000e+01
1.576000000000000227e+02,3.738281250000000000e+01
1.576400000000000148e+02,3.713281250000000000e+01
1.576800000000000068e+02,3.755468750000000000e+01
1.577200000000000273e+02,3.700000000000000000e+01
1.577600000000000193e+02,3.674218750000000000e+01
1.578000000000000398e+02,3.669531250000000000e+01
1.578400000000000318e+02,3.700781250000000000e+01
1.578799999999999955e+02,3.654687500000000000e+01
1.579200000000000443e+02,3.743750000000000000e+01
1.579600000000000080e+02,3.689062500000000000e+01
1.580000000000000000e+02,3.696093750000000000e+01
1.580400000000000205e+02,3.714062500000000000e+01
1.580800000000000125e+02,3.738281250000000000e+01
1.581200000000000330e+02,3.710937500000000000e+01
1.581600000000000250e+02,3.708593750000000000e+01
1.581999999999999886e+02,3.694531250000000000e+01
1.582400000000000375e+02,3.696093750000000000e+01
1.582800000000000011e+02,3.728125000000000000e+01
1.583200000000000500e+02,3.727343750000000000e+01
1.583600000000000136e+02,3.708593750000000000e+01
1.584000000000000057e+02,3.672656250000000711e+01
1.584400000000000261e+02,3.653906250000000711e+01
1.584800000000000182e+02,3.694531250000000000e+01
1.585199999999999818e+02,3.609375000000000000e+01
1.585600000000000307e+02,3.672656250000000711e+01
1.585999999999999943e+02,3.699218750000000000e+01
1.586400000000000432e+02,3.730468750000000000e+01
1.586800000000000068e+02,3.725000000000000000e+01
1.587199999999999989e+02,3.732031250000000000e+01
1.587600000000000193e+02,3.703906250000000000e+01
1.588000000000000114e+02,3.689843750000000000e+01
1.588400000000000034e+02,3.677343750000000000e+01
1.588800000000000239e+02,3.695312500000000000e+01
1.589200000000000159e+02,3.717968750000000000e+01
1.589600000000000364e+02,3.710156250000000000e+01
1.590000000000000284e+02,3.721093750000000000e+01
1.590399999999999920e+02,3.683593750000000000e+01
1.590800000000000409e+02,3.685937500000000000e+01
1.591200000000000045e+02,3.732812500000000711e+01
1.591600000000000534e+02,3.714843750000000000e+01
1.592000000000000171e+02,3.739062500000000711e+01
1.592400000000000091e+02,3.686718750000000000e+01
1.592800000000000296e+02,3.661718750000000000e+01
1.593200000000000216e+02,3.672656250000000711e+01
1.593599999999999852e+02,3.702343750000000000e+01
1.594000000000000341e+02,3.657031250000000000e+01
1.594399999999999977e+02,3.737500000000000000e+01
1.594800000000000466e+02,3.728906250000000000e+01
1.595200000000000102e+02,3.711718750000000000e+01
1.595600000000000023e+02,3.745312500000000711e+01
1.596000000000000227e+02,3.655468750000000000e+01
1.596400000000000148e+02,3.715625000000000000e+01
1.596800000000000352e+02,3.671093750000000000e+01
1.597200000000000273e+02,3.689843750000000000e+01
1.597599999999999909e+02,3.728125000000000000e+01
1.598000000000000398e+02,3.655468750000000000e+01
1.598400000000000034e+02,3.741406250000000000e+01
1.598799999999999955e+02,3.742968750000000000e+01
1.599200000000000159e+02,3.659375000000000000e+01
1.599600000000000080e+02,3.753906250000000000e+01
1.600000000000000284e+02,3.657812500000000000e+01
1.600400000000000205e+02,3.701562500000000000e+01
1.600800000000000125e+02,3.680468750000000000e+01
1.601200000000000330e+02,3.696875000000000000e+01
1.601600000000000250e+02,3.692187500000000000e+01
1.601999999999999886e+02,3.695312500000000000e+01
1.602400000000000375e+02,3.733593750000000000e+01
1.602800000000000011e+02,3.710156250000000000e+01
1.603200000000000500e+02,3.697656250000000711e+01
1.603600000000000136e+02,3.735937500000000000e+01
1.604000000000000057e+02,3.693750000000000000e+01
1.604400000000000261e+02,3.671875000000000000e+01
1.604800000000000182e+02,3.704687500000000000e+01
1.605200000000000387e+02,3.668750000000000000e+01
1.605600000000000307e+02,3.689843750000000000e+01
1.605999999999999943e+02,3.723437500000000000e+01
1.606400000000000432e+02,3.669531250000000000e+01
1.606800000000000068e+02,3.641406250000000711e+01
1.607199999999999989e+02,3.735156250000000000e+01
1.607600000000000193e+02,3.728125000000000000e+01
1.608000000000000114e+02,3.683593750000000000e+01
1.608400000000000318e+02,3.703906250000000000e+01
1.608800000000000239e+02,3.678125000000000000e+01
1.609199999999999875e+02,3.680468750000000000e+01
1.609600000000000364e+02,3.635156250000000711e+01
1.610000000000000000e+02,3.710937500000000000e+01
1.610399999999999920e+02,3.678125000000000000e+01
1.610800000000000125e+02,3.777343750000000000e+01
1.611200000000000045e+02,3.699218750000000000e+01
1.611600000000000250e+02,3.746875000000000000e+01
1.612000000000000171e+02,3.695312500000000000e+01
1.612399999999999807e+02,3.733593750000000000e+01
1.612800000000000296e+02,3.628906250000000711e+01
1.613199999999999932e+02,3.721875000000000000e+01
1.613600000000000421e+02,3.638281250000000000e+01
1.614000000000000341e+02,3.690625000000000000e+01
1.614399999999999977e+02,3.735156250000000000e+01
1.614800000000000466e+02,3.777343750000000000e+01
1.615200000000000102e+02,3.714062500000000000e+01
1.615600000000000023e+02,3.750000000000000000e+01
1.616000000000000227e+02,3.690625000000000000e+01
1.616400000000000148e+02,3.730468750000000000e+01
1.616800000000000352e+02,3.680468750000000000e+01
1.617200000000000273e+02,3.775781250000000000e+01
1.617599999999999909e+02,3.664843750000000000e+01
1.618000000000000398e+02,3.725781250000000000e+01
1.618400000000000034e+02,3.717187500000000000e+01
1.618800000000000523e+02,3.728125000000000000e+01
1.619200000000000159e+02,3.707812500000000000e+01
1.619600000000000080e+02,3.716406250000000000e+01
1.620000000000000284e+02,3.707031250000000000e+01
1.620400000000000205e+02,3.703906250000000000e+01
1.620799999999999841e+02,3.635156250000000711e+01
1.621200000000000330e+02,3.677343750000000000e+01
1.621599999999999966e+02,3.722656250000000000e+01
1.622000000000000455e+02,3.710937500000000000e+01
1.622400000000000091e+02,3.746875000000000000e+01
1.622800000000000011e+02,3.685937500000000000e+01
1.623200000000000216e+02,3.708593750000000000e+01
1.623600000000000136e+02,3.707812500000000000e+01
1.623999999999999773e+02,3.664062500000000000e+01
1.624400000000000261e+02,3.778906250000000000e+01
1.624799999999999898e+02,3.717968750000000000e+01
1.625200000000000387e+02,3.732812500000000711e+01
1.625600000000000023e+02,3.690625000000000000e+01
1.625999999999999943e+02,3.693750000000000000e+01
1.626400000000000148e+02,3.687500000000000000e+01
1.626800000000000068e+02,3.728125000000000000e+01
1.627200000000000273e+02,3.648437500000000000e+01
1.627600000000000193e+02,3.692968750000000000e+01
1.628000000000000114e+02,3.696875000000000000e+01
1.628400000000000318e+02,3.700000000000000000e+01
1.628800000000000239e+02,3.753906250000000000e+01
1.629199999999999875e+02,3.711718750000000000e+01
1.629600000000000364e+02,3.689062500000000000e+01
1.630000000000000000e+02,3.723437500000000000e+01
1.630400000000000489e+02,3.710156250000000000e+01
1.630800000000000125e+02,3.718750000000000000e+01
1.631200000000000045e+02,3.713281250000000000e+01
1.631600000000000250e+02,3.753906250000000000e+01
1.632000000000000171e+02,3.702343750000000000e+01
1.632400000000000375e+02,3.707031250000000000e+01
1.632800000000000296e+02,3.710937500000000000e+01
1.633199999999999932e+02,3.717187500000000000e+01
1.633600000000000421e+02,3.703125000000000000e+01
1.634000000000000057e+02,3.721875000000000000e+01
1.634399999999999977e+02,3.748437500000000000e+01
1.634800000000000182e+02,3.723437500000000000e+01
1.635200000000000102e+02,3.707031250000000000e+01
1.635600000000000307e+02,3.766406250000000000e+01
1.636000000000000227e+02,3.704687500000000000e+01
1.636399999999999864e+02,3.710156250000000000e+01
1.636800000000000352e+02,3.765625000000000000e+01
1.637199999999999989e+02,3.721093750000000000e+01
1.637599999999999909e+02,3.719531250000000000e+01
1.638000000000000114e+02,3.746093750000000000e+01
1.638400000000000034e+02,3.710937500000000000e+01
1.638800000000000239e+02,3.766406250000000000e+01
1.639200000000000159e+02,3.726562500000000711e+01
1.639600000000000080e+02,3.733593750000000000e+01
1.640000000000000284e+02,3.707031250000000000e+01
1.640400000000000205e+02,3.708593750000000000e+01
1.640800000000000409e+02,3.739843750000000000e+01
1.641200000000000330e+02,3.757031250000000000e+01
1.641599999999999966e+02,3.784375000000000000e+01
1.642000000000000455e+02,3.661718750000000000e+01
1.642400000000000091e+02,3.694531250000000000e+01
1.642800000000000011e+02,3.739843750000000000e+01
1.643200000000000216e+02,3.707031250000000000e+01
1.643600000000000136e+02,3.755468750000000000e+01
1.644000000000000341e+02,3.758593750000000000e+01
1.644400000000000261e+02,3.691406250000000711e+01
1.644799999999999898e+02,3.717968750000000000e+01
1.645200000000000387e+02,3.721875000000000000e+01
1.645600000000000023e+02,3.767187500000000000e+01
1.645999999999999943e+02,3.701562500000000000e+01
1.646400000000000148e+02,3.721875000000000000e+01
1.646800000000000068e+02,3.707031250000000000e+01
1.647200000000000273e+02,3.698437500000000000e+01
1.647600000000000193e+02,3.756250000000000000e+01
1.647999999999999829e+02,3.672656250000000711e+01
1.648400000000000318e+02,3.690625000000000000e+01
1.648799999999999955e+02,3.747656250000000000e+01
1.649200000000000443e+02,3.690625000000000000e+01
1.649600000000000080e+02,3.765625000000000000e+01
1.650000000000000000e+02,3.752343750000000000e+01
1.650400000000000205e+02,3.741406250000000000e+01
1.650800000000000125e+02,3.715625000000000000e+01
1.651200000000000045e+02,3.789843750000000000e+01
1.651600000000000250e+02,3.703125000000000000e+01
1.652000000000000171e+02,3.721093750000000000e+01
1.652400000000000375e+02,3.735937500000000000e+01
1.652800000000000296e+02,3.739843750000000000e+01
1.653199999999999932e+02,3.761718750000000000e+01
1.653600000000000421e+02,3.690625000000000000e+01
1.654000000000000057e+02,3.772656250000000000e+01
1.654400000000000546e+02,3.709375000000000000e+01
1.654800000000000182e+02,3.776562500000000711e+01
1.655200000000000102e+02,3.754687500000000000e+01
1.655600000000000307e+02,3.726562500000000711e+01
1.656000000000000227e+02,3.726562500000000711e+01
1.656399999999999864e+02,3.721093750000000000e+01
1.656800000000000352e+02,3.732031250000000000e+01
1.657199999999999989e+02,3.716406250000000000e+01
1.657600000000000477e+02,3.756250000000000000e+01
1.658000000000000114e+02,3.707031250000000000e+01
1.658400000000000034e+02,3.685937500000000000e+01
1.658800000000000239e+02,3.701562500000000000e+01
1.659200000000000159e+02,3.717968750000000000e+01
1.659599999999999795e+02,3.730468750000000000e+01
1.660000000000000284e+02,3.754687500000000000e+01
1.660399999999999920e+02,3.659375000000000000e+01
1.660800000000000409e+02,3.685156250000000711e+01
1.661200000000000045e+02,3.714062500000000000e+01
1.661599999999999966e+02,3.735937500000000000e+01
1.662000000000000171e+02,3.718750000000000000e+01
1.662400000000000091e+02,3.753125000000000000e+01
1.662800000000000296e+02,3.717187500000000000e+01
1.663200000000000216e+02,3.728906250000000000e+01
1.663600000000000136e+02,3.682031250000000000e+01
1.664000000000000341e+02,3.706250000000000000e+01
1.664400000000000261e+02,3.707031250000000000e+01
1.664799999999999898e+02,3.721093750000000000e+01
1.665200000000000387e+02,3.738281250000000000e+01
1.665600000000000023e+02,3.724218750000000000e+01
1.666000000000000512e+02,3.752343750000000000e+01
1.666400000000000148e+02,3.773437500000000000e+01
1.666800000000000068e+02,3.775781250000000000e+01
1.667200000000000273e+02,3.723437500000000000e+01
1.667600000000000193e+02,3.692187500000000000e+01
1.668000000000000398e+02,3.700000000000000000e+01
1.668400000000000318e+02,3.703906250000000000e+01
1.668799999999999955e+02,3.734375000000000000e+01
1.669200000000000443e+02,3.694531250000000000e+01
1.669600000000000080e+02,3.748437500000000000e+01
1.670000000000000000e+02,3.746093750000000000e+01
1.670400000000000205e+02,3.778906250000000000e+01
1.670800000000000125e+02,3.742187500000000000e+01
1.671200000000000330e+02,3.726562500000000711e+01
1.671600000000000250e+02,3.707812500000000000e+01
1.671999999999999886e+02,3.696875000000000000e+01
1.672400000000000375e+02,3.696875000000000000e+01
1.672800000000000011e+02,3.704687500000000000e+01
1.673199999999999932e+02,3.799218750000000000e+01
1.673600000000000136e+02,3.775000000000000000e+01
1.674000000000000057e+02,3.745312500000000711e+01
1.674400000000000261e+02,3.710937500000000000e+01
1.674800000000000182e+02,3.725000000000000000e+01
1.675199999999999818e+02,3.714062500000000000e+01
1.675600000000000307e+02,3.739843750000000000e+01
1.675999999999999943e+02,3.763281250000000000e+01
1.676400000000000432e+02,3.739843750000000000e+01
1.676800000000000068e+02,3.735937500000000000e+01
1.677199999999999989e+02,3.748437500000000000e+01
1.677600000000000477e+02,3.696875000000000000e+01
1.678000000000000114e+02,3.728906250000000000e+01
1.678400000000000034e+02,3.719531250000000000e+01
1.678800000000000239e+02,3.734375000000000000e+01
1.679200000000000159e+02,3.763281250000000000e+01
1.679600000000000364e+02,3.718750000000000000e+01
1.680000000000000284e+02,3.713281250000000000e+01
1.680399999999999920e+02,3.749218750000000000e+01
1.680800000000000409e+02,3.751562500000000711e+01
1.681200000000000045e+02,3.750781250000000000e+01
1.681600000000000534e+02,3.728125000000000000e+01
1.682000000000000171e+02,3.760156250000000000e+01
1.682400000000000091e+02,3.742968750000000000e+01
1.682800000000000296e+02,3.706250000000000000e+01
1.683200000000000216e+02,3.725781250000000000e+01
1.683599999999999852e+02,3.748437500000000000e+01
1.684000000000000341e+02,3.719531250000000000e+01
1.684399999999999977e+02,3.693750000000000000e+01
1.684800000000000466e+02,3.706250000000000000e+01
1.685200000000000102e+02,3.821875000000000000e+01
1.685600000000000023e+02,3.757031250000000000e+01
1.686000000000000227e+02,3.781250000000000000e+01
1.686400000000000148e+02,3.764062500000000711e+01
1.686799999999999784e+02,3.789843750000000000e+01
1.687200000000000273e+02,3.747656250000000000e+01
1.687599999999999909e+02,3.776562500000000711e+01
1.688000000000000398e+02,3.743750000000000000e+01
1.688400000000000034e+02,3.789843750000000000e+01
1.688799999999999955e+02,3.764062500000000711e+01
1.689200000000000159e+02,3.761718750000000000e+01
1.689600000000000080e+02,3.779687500000000000e+01
1.690000000000000284e+02,3.759375000000000000e+01
1.690400000000000205e+02,3.753125000000000000e+01
1.690800000000000125e+02,3.722656250000000000e+01
1.691200000000000330e+02,3.769531250000000000e+01
1.691600000000000250e+02,3.736718750000000000e+01
1.691999999999999886e+02,3.696093750000000000e+01
1.692400000000000375e+02,3.764843750000000000e+01
1.692800000000000011e+02,3.767968750000000000e+01
1.693200000000000500e+02,3.701562500000000000e+01
1.693600000000000136e+02,3.775000000000000000e+01
1.694000000000000057e+02,3.745312500000000711e+01
1.694400000000000261e+02,3.728125000000000000e+01
1.694800000000000182e+02,3.784375000000000000e+01
1.695199999999999818e+02,3.721093750000000000e+01
1.695600000000000307e+02,3.747656250000000000e+01
1.695999999999999943e+02,3.733593750000000000e+01
1.696400000000000432e+02,3.744531250000000000e+01
1.696800000000000068e+02,3.732812500000000711e+01
1.697199999999999989e+02,3.750781250000000000e+01
1.697600000000000193e+02,3.768750000000000000e+01
1.698000000000000114e+02,3.733593750000000000e+01
1.698400000000000318e+02,3.761718750000000000e+01
1.698800000000000239e+02,3.730468750000000000e+01
1.699199999999999875e+02,3.729687500000000000e+01
1.699600000000000364e+02,3.791406250000000000e+01
1.700000000000000000e+02,3.685937500000000000e+01
1.700399999999999920e+02,3.746875000000000000e+01
1.700800000000000125e+02,3.721093750000000000e+01
1.701200000000000045e+02,3.763281250000000000e+01
1.701600000000000250e+02,3.742187500000000000e+01
1.702000000000000171e+02,3.762500000000000000e+01
1.702400000000000091e+02,3.740625000000000000e+01
1.702800000000000296e+02,3.725000000000000000e+01
1.703200000000000216e+02,3.805468750000000000e+01
1.703600000000000421e+02,3.754687500000000000e+01
1.704000000000000341e+02,3.767187500000000000e+01
1.704399999999999977e+02,3.724218750000000000e+01
1.704800000000000466e+02,3.759375000000000000e+01
1.705200000000000102e+02,3.751562500000000711e+01
1.705600000000000023e+02,3.695312500000000000e+01
1.706000000000000227e+02,3.739062500000000711e+01
1.706400000000000148e+02,3.746093750000000000e+01
1.706800000000000352e+02,3.720312500000000000e+01
1.707200000000000273e+02,3.685156250000000711e+01
1.707599999999999909e+02,3.733593750000000000e+01
1.708000000000000398e+02,3.749218750000000000e+01
1.708400000000000034e+02,3.753125000000000000e+01
1.708799999999999955e+02,3.731250000000000000e+01
1.709200000000000159e+02,3.759375000000000000e+01
1.709600000000000080e+02,3.718750000000000000e+01
1.710000000000000284e+02,3.731250000000000000e+01
1.710400000000000205e+02,3.753906250000000000e+01
1.710799999999999841e+02,3.734375000000000000e+01
1.711200000000000330e+02,3.714843750000000000e+01
1.711599999999999966e+02,3.764062500000000711e+01
1.712000000000000455e+02,3.792968750000000000e+01
1.712400000000000091e+02,3.727343750000000000e+01
1.712800000000000011e+02,3.777343750000000000e+01
1.713200000000000216e+02,3.759375000000000000e+01
1.713600000000000136e+02,3.707031250000000000e+01
1.714000000000000057e+02,3.739843750000000000e+01
1.714400000000000261e+02,3.816406250000000000e+01
1.714800000000000182e+02,3.814843750000000000e+01
1.715200000000000387e+02,3.739843750000000000e+01
1.715600000000000307e+02,3.761718750000000000e+01
1.715999999999999943e+02,3.705468750000000000e+01
1.716400000000000432e+02,3.694531250000000000e+01
1.716800000000000068e+02,3.799218750000000000e+01
1.717200000000000557e+02,3.752343750000000000e+01
1.717600000000000193e+02,3.792968750000000000e+01
1.718000000000000114e+02,3.718750000000000000e+01
1.718400000000000318e+02,3.727343750000000000e+01
1.718800000000000239e+02,3.767968750000000000e+01
1.719199999999999875e+02,3.796093750000000000e+01
1.719600000000000364e+02,3.715625000000000000e+01
1.720000000000000000e+02,3.729687500000000000e+01
1.720400000000000489e+02,3.825000000000000000e+01
1.720800000000000125e+02,3.724218750000000000e+01
1.721200000000000045e+02,3.731250000000000000e+01
1.721600000000000250e+02,3.765625000000000000e+01
1.722000000000000171e+02,3.737500000000000000e+01
1.722399999999999807e+02,3.808593750000000000e+01
1.722800000000000296e+02,3.721093750000000000e+01
1.723199999999999932e+02,3.723437500000000000e+01
1.723600000000000421e+02,3.764062500000000711e+01
1.724000000000000057e+02,3.753906250000000000e+01
1.724399999999999977e+02,3.735937500000000000e+01
1.724800000000000182e+02,3.717968750000000000e+01
1.725200000000000102e+02,3.785937500000000000e+01
1.725600000000000307e+02,3.756250000000000000e+01
1.726000000000000227e+02,3.769531250000000000e+01
1.726399999999999864e+02,3.775000000000000000e+01
1.726800000000000352e+02,3.790625000000000000e+01
1.727200000000000273e+02,3.717968750000000000e+01
1.727599999999999909e+02,3.782031250000000000e+01
1.728000000000000398e+02,3.778125000000000000e+01
1.728400000000000034e+02,3.738281250000000000e+01
1.728800000000000523e+02,3.751562500000000711e+01
1.729200000000000159e+02,3.757031250000000000e+01
1.729600000000000080e+02,3.765625000000000000e+01
1.730000000000000284e+02,3.753125000000000000e+01
1.730400000000000205e+02,3.798437500000000000e+01
1.730800000000000409e+02,3.757031250000000000e+01
1.731200000000000330e+02,3.739062500000000711e+01
1.731599999999999966e+02,3.774218750000000000e+01
1.732000000000000455e+02,3.718750000000000000e+01
1.732400000000000091e+02,3.752343750000000000e+01
1.732800000000000011e+02,3.747656250000000000e+01
1.733200000000000216e+02,3.708593750000000000e+01
1.733600000000000136e+02,3.784375000000000000e+01
1.734000000000000341e+02,3.814062500000000000e+01
1.734400000000000261e+02,3.760156250000000000e+01
1.734799999999999898e+02,3.787500000000000000e+01
1.735200000000000387e+02,3.740625000000000000e+01
1.735600000000000023e+02,3.770312500000000711e+01
1.735999999999999943e+02,3.779687500000000000e+01
1.736400000000000148e+02,3.785937500000000000e+01
1.736800000000000068e+02,3.760156250000000000e+01
1.737200000000000273e+02,3.785156250000000000e+01
1.737600000000000193e+02,3.782031250000000000e+01
1.737999999999999829e+02,3.737500000000000000e+01
1.738400000000000318e+02,3.740625000000000000e+01
1.738799999999999955e+02,3.729687500000000000e+01
1.739200000000000443e+02,3.753906250000000000e+01
1.739600000000000080e+02,3.733593750000000000e+01
1.740000000000000000e+02,3.744531250000000000e+01
1.740400000000000205e+02,3.775000000000000000e+01
1.740800000000000125e+02,3.728125000000000000e+01
1.741200000000000045e+02,3.763281250000000000e+01
1.741600000000000250e+02,3.818750000000000000e+01
1.742000000000000171e+02,3.735156250000000000e+01
1.742400000000000375e+02,3.785156250000000000e+01
1.742800000000000296e+02,3.797656250000000000e+01
1.743199999999999932e+02,3.804687500000000000e+01
1.743600000000000421e+02,3.717968750000000000e+01
1.744000000000000057e+02,3.788281250000000000e+01
1.744399999999999977e+02,3.771875000000000000e+01
1.744800000000000182e+02,3.735937500000000000e+01
1.745200000000000102e+02,3.754687500000000000e+01
1.745600000000000307e+02,3.792968750000000000e+01
1.746000000000000227e+02,3.781250000000000000e+01
1.746399999999999864e+02,3.783593750000000000e+01
1.746800000000000352e+02,3.746093750000000000e+01
1.747199999999999989e+02,3.796875000000000000e+01
1.747600000000000477e+02,3.802343750000000000e+01
1.748000000000000114e+02,3.775000000000000000e+01
1.748400000000000034e+02,3.757031250000000000e+01
1.748800000000000239e+02,3.777343750000000000e+01
1.749200000000000159e+02,3.758593750000000000e+01
1.749599999999999795e+02,3.778125000000000000e+01
1.750000000000000284e+02,3.782031250000000000e+01
1.750399999999999920e+02,3.782031250000000000e+01
1.750800000000000409e+02,3.746093750000000000e+01
1.751200000000000045e+02,3.800000000000000000e+01
1.751599999999999966e+02,3.749218750000000000e+01
1.752000000000000171e+02,3.731250000000000000e+01
1.752400000000000091e+02,3.776562500000000711e+01
1.752800000000000296e+02,3.735156250000000000e+01
1.753200000000000216e+02,3.796093750000000000e+01
1.753600000000000136e+02,3.728125000000000000e+01
1.754000000000000341e+02,3.742968750000000000e+01
1.754400000000000261e+02,3.749218750000000000e+01
1.754799999999999898e+02,3.750781250000000000e+01
1.755200000000000387e+02,3.782031250000000000e+01
1.755600000000000023e+02,3.783593750000000000e+01
1.756000000000000512e+02,3.753906250000000000e+01
1.756400000000000148e+02,3.731250000000000000e+01
1.756800000000000068e+02,3.773437500000000000e+01
1.757200000000000273e+02,3.779687500000000000e+01
1.757600000000000193e+02,3.725781250000000000e+01
1.757999999999999829e+02,3.772656250000000000e+01
1.758400000000000318e+02,3.743750000000000000e+01
1.758799999999999955e+02,3.692968750000000000e+01
1.759200000000000443e+02,3.784375000000000000e+01
1.759600000000000080e+02,3.755468750000000000e+01
1.760000000000000000e+02,3.677343750000000000e+01
1.760400000000000205e+02,3.775781250000000000e+01
1.760800000000000125e+02,3.735156250000000000e+01
1.761200000000000330e+02,3.780468750000000000e+01
1.761600000000000250e+02,3.789062500000000711e+01
1.761999999999999886e+02,3.755468750000000000e+01
1.762400000000000375e+02,3.776562500000000711e+01
1.762800000000000011e+02,3.739843750000000000e+01
1.763199999999999932e+02,3.771875000000000000e+01
1.763600000000000136e+02,3.772656250000000000e+01
1.764000000000000057e+02,3.758593750000000000e+01
1.764400000000000261e+02,3.783593750000000000e+01
1.764800000000000182e+02,3.801562500000000000e+01
1.765200000000000102e+02,3.755468750000000000e+01
1.765600000000000307e+02,3.813281250000000000e+01
1.766000000000000227e+02,3.808593750000000000e+01
1.766400000000000432e+02,3.710937500000000000e+01
1.766800000000000352e+02,3.747656250000000000e+01
1.767199999999999989e+02,3.767187500000000000e+01
1.767600000000000477e+02,3.771875000000000000e+01
1.768000000000000114e+02,3.773437500000000000e+01
1.768400000000000034e+02,3.758593750000000000e+01
1.768800000000000239e+02,3.798437500000000000e+01
1.769200000000000159e+02,3.821875000000000000e+01
1.769600000000000364e+02,3.772656250000000000e+01
1.770000000000000284e+02,3.764843750000000000e+01
1.770399999999999920e+02,3.785937500000000000e+01
1.770800000000000409e+02,3.769531250000000000e+01
1.771200000000000045e+02,3.771093750000000000e+01
1.771599999999999966e+02,3.810156250000000000e+01
1.772000000000000171e+02,3.790625000000000000e+01
1.772400000000000091e+02,3.784375000000000000e+01
1.772800000000000296e+02,3.767187500000000000e+01
1.773200000000000216e+02,3.814062500000000000e+01
1.773599999999999852e+02,3.782812500000000711e+01
1.774000000000000341e+02,3.749218750000000000e+01
1.774399999999999977e+02,3.756250000000000000e+01
1.774800000000000466e+02,3.790625000000000000e+01
1.775200000000000102e+02,3.821093750000000000e+01
1.775600000000000023e+02,3.761718750000000000e+01
1.776000000000000227e+02,3.787500000000000000e+01
1.776400000000000148e+02,3.796093750000000000e+01
1.776800000000000068e+02,3.764843750000000000e+01
1.777200000000000273e+02,3.789062500000000711e+01
1.777600000000000193e+02,3.742187500000000000e+01
1.778000000000000398e+02,3.773437500000000000e+01
1.778400000000000318e+02,3.765625000000000000e+01
1.778799999999999955e+02,3.728906250000000000e+01
1.779200000000000443e+02,3.765625000000000000e+01
1.779600000000000080e+02,3.787500000000000000e+01
1.780000000000000000e+02,3.789062500000000711e+01
1.780400000000000205e+02,3.758593750000000000e+01
1.780800000000000125e+02,3.796875000000000000e+01
1.781200000000000330e+02,3.745312500000000711e+01
1.781600000000000250e+02,3.793750000000000000e+01
1.781999999999999886e+02,3.746875000000000000e+01
1.782400000000000375e+02,3.767187500000000000e+01
1.782800000000000011e+02,3.777343750000000000e+01
1.783200000000000500e+02,3.800000000000000000e+01
1.783600000000000136e+02,3.761718750000000000e+01
1.784000000000000057e+02,3.764062500000000711e+01
1.784400000000000261e+02,3.771093750000000000e+01
1.784800000000000182e+02,3.765625000000000000e+01
1.785199999999999818e+02,3.788281250000000000e+01
1.785600000000000307e+02,3.760156250000000000e+01
1.785999999999999943e+02,3.760156250000000000e+01
1.786400000000000432e+02,3.802343750000000000e+01
1.786800000000000068e+02,3.783593750000000000e+01
1.787199999999999989e+02,3.792968750000000000e+01
1.787600000000000193e+02,3.800781250000000000e+01
1.788000000000000114e+02,3.778125000000000000e+01
1.788400000000000318e+02,3.825000000000000000e+01
1.788800000000000239e+02,3.815625000000000000e+01
1.789199999999999875e+02,3.742187500000000000e+01
1.789600000000000364e+02,3.835937500000000000e+01
1.790000000000000000e+02,3.800000000000000000e+01
1.790399999999999920e+02,3.809375000000000000e+01
1.790800000000000409e+02,3.812500000000000000e+01
1.791200000000000045e+02,3.771875000000000000e+01
1.791600000000000534e+02,3.754687500000000000e+01
1.792000000000000171e+02,3.796093750000000000e+01
1.792400000000000091e+02,3.767968750000000000e+01
1.792800000000000296e+02,3.810937500000000000e+01
1.793200000000000216e+02,3.755468750000000000e+01
1.793599999999999852e+02,3.778125000000000000e+01
1.794000000000000341e+02,3.868750000000000000e+01
1.794399999999999977e+02,3.803125000000000000e+01
1.794800000000000466e+02,3.779687500000000000e+01
1.795200000000000102e+02,3.760156250000000000e+01
1.795600000000000023e+02,3.775000000000000000e+01
1.796000000000000227e+02,3.765625000000000000e+01
1.796400000000000148e+02,3.803125000000000000e+01
1.796800000000000352e+02,3.820312500000000000e+01
1.797200000000000273e+02,3.787500000000000000e+01
1.797599999999999909e+02,3.770312500000000711e+01
1.798000000000000398e+02,3.784375000000000000e+01
1.798400000000000034e+02,3.739843750000000000e+01
1.798799999999999955e+02,3.742968750000000000e+01
1.799200000000000159e+02,3.800781250000000000e+01
1.799600000000000080e+02,3.787500000000000000e+01
1.800000000000000284e+02,3.816406250000000000e+01
1.800400000000000205e+02,3.785156250000000000e+01
1.800799999999999841e+02,3.782812500000000711e+01
1.801200000000000330e+02,3.761718750000000000e+01
1.801599999999999966e+02,3.781250000000000000e+01
1.802000000000000455e+02,3.800000000000000000e+01
1.802400000000000091e+02,3.816406250000000000e+01
1.802800000000000011e+02,3.806250000000000000e+01
1.803200000000000216e+02,3.793750000000000000e+01
1.803600000000000136e+02,3.774218750000000000e+01
1.804000000000000057e+02,3.780468750000000000e+01
1.804400000000000261e+02,3.782031250000000000e+01
1.804800000000000182e+02,3.803906250000000000e+01
1.805200000000000387e+02,3.801562500000000000e+01
1.805600000000000307e+02,3.780468750000000000e+01
1.805999999999999943e+02,3.811718750000000000e+01
1.806400000000000432e+02,3.732031250000000000e+01
1.806800000000000068e+02,3.805468750000000000e+01
1.807199999999999989e+02,3.792968750000000000e+01
1.807600000000000193e+02,3.782812500000000711e+01
1.808000000000000114e+02,3.807031250000000000e+01
1.808400000000000318e+02,3.828906250000000000e+01
1.808800000000000239e+02,3.841406250000000000e+01
1.809199999999999875e+02,3.819531250000000000e+01
1.809600000000000364e+02,3.846875000000000000e+01
1.810000000000000000e+02,3.802343750000000000e+01
1.810400000000000489e+02,3.845312500000000000e+01
1.810800000000000125e+02,3.816406250000000000e+01
1.811200000000000045e+02,3.781250000000000000e+01
1.811600000000000250e+02,3.811718750000000000e+01
1.812000000000000171e+02,3.765625000000000000e+01
1.812399999999999807e+02,3.769531250000000000e+01
1.812800000000000296e+02,3.803125000000000000e+01
1.813199999999999932e+02,3.787500000000000000e+01
1.813600000000000421e+02,3.759375000000000000e+01
1.814000000000000057e+02,3.751562500000000711e+01
1.814399999999999977e+02,3.826562500000000000e+01
1.814800000000000182e+02,3.793750000000000000e+01
1.815200000000000102e+02,3.823437500000000000e+01
1.815600000000000307e+02,3.816406250000000000e+01
1.816000000000000227e+02,3.870312500000000000e+01
1.816400000000000148e+02,3.803125000000000000e+01
1.816800000000000352e+02,3.800000000000000000e+01
1.817200000000000273e+02,3.766406250000000000e+01
1.817599999999999909e+02,3.801562500000000000e+01
1.818000000000000398e+02,3.827343750000000000e+01
1.818400000000000034e+02,3.825000000000000000e+01
1.818800000000000523e+02,3.846875000000000000e+01
1.819200000000000159e+02,3.817187500000000000e+01
1.819600000000000080e+02,3.801562500000000000e+01
1.820000000000000284e+02,3.801562500000000000e+01
1.820400000000000205e+02,3.865625000000000000e+01
1.820799999999999841e+02,3.814062500000000000e+01
1.821200000000000330e+02,3.745312500000000711e+01
1.821599999999999966e+02,3.810937500000000000e+01
1.822000000000000455e+02,3.778906250000000000e+01
1.822400000000000091e+02,3.824218750000000711e+01
1.822800000000000011e+02,3.760937500000000000e+01
1.823200000000000216e+02,3.833593750000000000e+01
1.823600000000000136e+02,3.796093750000000000e+01
1.824000000000000341e+02,3.836718750000000711e+01
1.824400000000000261e+02,3.766406250000000000e+01
1.824799999999999898e+02,3.785156250000000000e+01
1.825200000000000387e+02,3.799218750000000000e+01
1.825600000000000023e+02,3.766406250000000000e+01
1.825999999999999943e+02,3.803906250000000000e+01
1.826400000000000148e+02,3.800781250000000000e+01
1.826800000000000068e+02,3.816406250000000000e+01
1.827200000000000273e+02,3.813281250000000000e+01
1.827600000000000193e+02,3.766406250000000000e+01
1.828000000000000114e+02,3.817968750000000000e+01
1.828400000000000318e+02,3.835937500000000000e+01
1.828800000000000239e+02,3.799218750000000000e+01
1.829199999999999875e+02,3.838281250000000000e+01
1.829600000000000364e+02,3.832031250000000000e+01
1.830000000000000000e+02,3.820312500000000000e+01
1.830400000000000489e+02,3.764062500000000711e+01
1.830800000000000125e+02,3.801562500000000000e+01
1.831200000000000045e+02,3.811718750000000000e+01
1.831600000000000250e+02,3.782812500000000711e+01
1.832000000000000171e+02,3.800781250000000000e+01
1.832400000000000375e+02,3.759375000000000000e+01
1.832800000000000296e+02,3.753906250000000000e+01
1.833199999999999932e+02,3.774218750000000000e+01
1.833600000000000421e+02,3.748437500000000000e+01
1.834000000000000057e+02,3.808593750000000000e+01
1.834399999999999977e+02,3.829687500000000000e+01
1.834800000000000182e+02,3.807031250000000000e+01
1.835200000000000102e+02,3.785937500000000000e+01
1.835600000000000307e+02,3.771875000000000000e+01
1.836000000000000227e+02,3.803906250000000000e+01
1.836399999999999864e+02,3.780468750000000000e+01
1.836800000000000352e+02,3.813281250000000000e+01
1.837199999999999989e+02,3.788281250000000000e+01
1.837600000000000477e+02,3.828906250000000000e+01
1.838000000000000114e+02,3.774218750000000000e+01
1.838400000000000034e+02,3.828906250000000000e+01
1.838800000000000239e+02,3.810937500000000000e+01
1.839200000000000159e+02,3.797656250000000000e+01
1.839600000000000080e+02,3.787500000000000000e+01
1.840000000000000284e+02,3.785937500000000000e+01
1.840400000000000205e+02,3.826562500000000000e+01
1.840800000000000409e+02,3.846093750000000000e+01
1.841200000000000330e+02,3.785937500000000000e+01
1.841599999999999966e+02,3.792968750000000000e+01
1.842000000000000455e+02,3.803906250000000000e+01
1.842400000000000091e+02,3.789062500000000711e+01
1.842800000000000011e+02,3.810937500000000000e+01
1.843200000000000216e+02,3.813281250000000000e+01
1.843600000000000136e+02,3.842968750000000711e+01
1.844000000000000341e+02,3.784375000000000000e+01
1.844400000000000261e+02,3.795312500000000711e+01
1.844799999999999898e+02,3.851562500000000000e+01
1.845200000000000387e+02,3.851562500000000000e+01
1.845600000000000023e+02,3.788281250000000000e+01
1.846000000000000512e+02,3.803906250000000000e+01
1.846400000000000148e+02,3.785156250000000000e+01
1.846800000000000068e+02,3.838281250000000000e+01
1.847200000000000273e+02,3.783593750000000000e+01
1.847600000000000193e+02,3.818750000000000000e+01
1.847999999999999829e+02,3.822656250000000000e+01
1.848400000000000318e+02,3.782031250000000000e+01
1.848799999999999955e+02,3.811718750000000000e+01
1.849200000000000443e+02,3.817968750000000000e+01
1.849600000000000080e+02,3.837500000000000000e+01
1.850000000000000000e+02,3.801562500000000000e+01
1.850400000000000205e+02,3.828125000000000000e+01
1.850800000000000125e+02,3.784375000000000000e+01
1.851200000000000330e+02,3.777343750000000000e+01
1.851600000000000250e+02,3.789843750000000000e+01
1.851999999999999886e+02,3.831250000000000000e+01
1.852400000000000375e+02,3.832812500000000000e+01
1.852800000000000011e+02,3.780468750000000000e+01
1.853199999999999932e+02,3.750781250000000000e+01
1.853600000000000136e+02,3.769531250000000000e+01
1.854000000000000057e+02,3.809375000000000000e+01
1.854400000000000546e+02,3.784375000000000000e+01
1.854800000000000182e+02,3.802343750000000000e+01
1.855200000000000102e+02,3.791406250000000000e+01
1.855600000000000307e+02,3.827343750000000000e+01
1.856000000000000227e+02,3.810156250000000000e+01
1.856399999999999864e+02,3.801562500000000000e+01
1.856800000000000352e+02,3.818750000000000000e+01
1.857199999999999989e+02,3.760156250000000000e+01
1.857600000000000477e+02,3.860156250000000000e+01
1.858000000000000114e+02,3.818750000000000000e+01
1.858400000000000034e+02,3.787500000000000000e+01
1.858800000000000239e+02,3.840625000000000000e+01
1.859200000000000159e+02,3.782031250000000000e+01
1.859600000000000364e+02,3.858593750000000000e+01
1.860000000000000284e+02,3.797656250000000000e+01
1.860399999999999920e+02,3.780468750000000000e+01
1.860800000000000409e+02,3.768750000000000000e+01
1.861200000000000045e+02,3.815625000000000000e+01
1.861599999999999966e+02,3.867187500000000000e+01
1.862000000000000171e+02,3.817187500000000000e+01
1.862400000000000091e+02,3.832031250000000000e+01
1.862800000000000296e+02,3.796875000000000000e+01
1.863200000000000216e+02,3.848437500000000000e+01
1.863599999999999852e+02,3.821093750000000000e+01
1.864000000000000341e+02,3.825000000000000000e+01
1.864399999999999977e+02,3.842968750000000711e+01
1.864799999999999898e+02,3.770312500000000711e+01
1.865200000000000102e+02,3.792968750000000000e+01
1.865600000000000023e+02,3.835156250000000000e+01
1.866000000000000227e+02,3.829687500000000000e+01
1.866400000000000148e+02,3.817187500000000000e+01
1.866800000000000068e+02,3.856250000000000000e+01
1.867200000000000273e+02,3.815625000000000000e+01
1.867600000000000193e+02,3.803125000000000000e+01
1.868000000000000398e+02,3.829687500000000000e+01
1.868400000000000318e+02,3.834375000000000000e+01
1.868799999999999955e+02,3.821093750000000000e+01
1.869200000000000443e+02,3.796875000000000000e+01
1.869600000000000080e+02,3.832031250000000000e+01
1.870000000000000000e+02,3.798437500000000000e+01
1.870400000000000205e+02,3.812500000000000000e+01
1.870800000000000125e+02,3.830468750000000711e+01
1.871200000000000330e+02,3.832812500000000000e+01
1.871600000000000250e+02,3.871093750000000000e+01
1.871999999999999886e+02,3.893750000000000000e+01
1.872400000000000375e+02,3.820312500000000000e+01
1.872800000000000011e+02,3.864062500000000000e+01
1.873200000000000500e+02,3.803906250000000000e+01
1.873600000000000136e+02,3.805468750000000000e+01
1.874000000000000057e+02,3.844531250000000000e+01
1.874400000000000261e+02,3.837500000000000000e+01
1.874800000000000182e+02,3.802343750000000000e+01
1.875199999999999818e+02,3.849218750000000711e+01
1.875600000000000307e+02,3.879687500000000000e+01
1.875999999999999943e+02,3.867187500000000000e+01
1.876400000000000432e+02,3.776562500000000711e+01
1.876800000000000068e+02,3.864062500000000000e+01
1.877199999999999989e+02,3.813281250000000000e+01
1.877600000000000193e+02,3.833593750000000000e+01
1.878000000000000114e+02,3.792968750000000000e+01
1.878400000000000034e+02,3.842968750000000711e+01
1.878800000000000239e+02,3.828125000000000000e+01
1.879200000000000159e+02,3.833593750000000000e+01
1.879600000000000364e+02,3.864062500000000000e+01
1.880000000000000284e+02,3.867968750000000711e+01
1.880399999999999920e+02,3.849218750000000711e+01
1.880800000000000409e+02,3.841406250000000000e+01
1.881200000000000045e+02,3.797656250000000000e+01
1.881600000000000534e+02,3.825000000000000000e+01
1.882000000000000171e+02,3.828906250000000000e+01
1.882400000000000091e+02,3.829687500000000000e+01
1.882800000000000296e+02,3.831250000000000000e+01
1.883200000000000216e+02,3.796093750000000000e+01
1.883599999999999852e+02,3.787500000000000000e+01
1.884000000000000341e+02,3.853125000000000000e+01
1.884399999999999977e+02,3.859375000000000000e+01
1.884800000000000466e+02,3.813281250000000000e+01
1.885200000000000102e+02,3.816406250000000000e+01
1.885600000000000023e+02,3.763281250000000000e+01
1.886000000000000227e+02,3.825000000000000000e+01
1.886400000000000148e+02,3.807812500000000000e+01
1.886800000000000352e+02,3.880468750000000711e+01
1.887200000000000273e+02,3.839062500000000000e+01
1.887599999999999909e+02,3.808593750000000000e+01
1.888000000000000398e+02,3.825781250000000000e+01
1.888400000000000034e+02,3.836718750000000711e+01
1.888799999999999955e+02,3.861718750000000711e+01
1.889200000000000159e+02,3.842968750000000711e+01
1.889600000000000080e+02,3.869531250000000000e+01
1.890000000000000284e+02,3.833593750000000000e+01
1.890400000000000205e+02,3.806250000000000000e+01
1.890800000000000125e+02,3.875781250000000000e+01
1.891200000000000330e+02,3.810937500000000000e+01
1.891600000000000250e+02,3.872656250000000000e+01
1.891999999999999886e+02,3.822656250000000000e+01
1.892400000000000375e+02,3.879687500000000000e+01
1.892800000000000011e+02,3.816406250000000000e+01
1.893200000000000500e+02,3.829687500000000000e+01
1.893600000000000136e+02,3.771093750000000000e+01
1.894000000000000057e+02,3.825000000000000000e+01
1.894400000000000261e+02,3.846875000000000000e+01
1.894800000000000182e+02,3.785937500000000000e+01
1.895200000000000387e+02,3.785156250000000000e+01
1.895600000000000307e+02,3.808593750000000000e+01
1.895999999999999943e+02,3.852343750000000000e+01
1.896400000000000432e+02,3.821093750000000000e+01
1.896800000000000068e+02,3.862500000000000000e+01
1.897199999999999989e+02,3.867968750000000711e+01
1.897600000000000193e+02,3.779687500000000000e+01
1.898000000000000114e+02,3.835156250000000000e+01
1.898400000000000318e+02,3.818750000000000000e+01
1.898800000000000239e+02,3.824218750000000711e+01
1.899199999999999875e+02,3.822656250000000000e+01
1.899600000000000364e+02,3.821093750000000000e+01
1.900000000000000000e+02,3.879687500000000000e+01
1.900400000000000489e+02,3.821093750000000000e+01
1.900800000000000125e+02,3.795312500000000711e+01
1.901200000000000045e+02,3.798437500000000000e+01
1.901600000000000250e+02,3.846093750000000000e+01
1.902000000000000171e+02,3.782812500000000711e+01
1.902399999999999807e+02,3.889843750000000000e+01
1.902800000000000296e+02,3.810156250000000000e+01
1.903200000000000216e+02,3.854687500000000000e+01
1.903600000000000421e+02,3.873437500000000000e+01
1.904000000000000341e+02,3.844531250000000000e+01
1.904399999999999977e+02,3.828906250000000000e+01
1.904800000000000466e+02,3.792968750000000000e+01
1.905200000000000102e+02,3.871875000000000000e+01
1.905600000000000023e+02,3.825000000000000000e+01
1.906000000000000227e+02,3.828906250000000000e+01
1.906400000000000148e+02,3.803125000000000000e+01
1.906800000000000352e+02,3.871093750000000000e+01
1.907200000000000273e+02,3.851562500000000000e+01
1.907599999999999909e+02,3.792968750000000000e+01
1.908000000000000398e+02,3.796093750000000000e+01
1.908400000000000034e+02,3.822656250000000000e+01
1.908800000000000523e+02,3.860937500000000000e+01
1.909200000000000159e+02,3.809375000000000000e+01
1.909600000000000080e+02,3.811718750000000000e+01
1.910000000000000284e+02,3.829687500000000000e+01
1.910400000000000205e+02,3.851562500000000000e+01
1.910799999999999841e+02,3.842187500000000000e+01
1.911200000000000330e+02,3.864843750000000000e+01
1.911599999999999966e+02,3.843750000000000000e+01
1.912000000000000455e+02,3.836718750000000711e+01
1.912400000000000091e+02,3.869531250000000000e+01
1.912800000000000011e+02,3.867187500000000000e+01
1.913200000000000216e+02,3.864062500000000000e+01
1.913600000000000136e+02,3.835156250000000000e+01
1.913999999999999773e+02,3.821875000000000000e+01
1.914400000000000261e+02,3.851562500000000000e+01
1.914799999999999898e+02,3.839843750000000000e+01
1.915200000000000387e+02,3.823437500000000000e+01
1.915600000000000023e+02,3.807031250000000000e+01
1.915999999999999943e+02,3.792187500000000000e+01
1.916400000000000148e+02,3.826562500000000000e+01
1.916800000000000068e+02,3.880468750000000711e+01
1.917200000000000273e+02,3.851562500000000000e+01
1.917600000000000193e+02,3.814062500000000000e+01
1.918000000000000114e+02,3.811718750000000000e+01
1.918400000000000318e+02,3.874218750000000711e+01
1.918800000000000239e+02,3.763281250000000000e+01
1.919199999999999875e+02,3.810156250000000000e+01
1.919600000000000364e+02,3.827343750000000000e+01
1.920000000000000000e+02,3.865625000000000000e+01
1.920400000000000489e+02,3.855468750000000711e+01
1.920800000000000125e+02,3.871875000000000000e+01
1.921200000000000045e+02,3.872656250000000000e+01
1.921600000000000250e+02,3.875000000000000000e+01
1.922000000000000171e+02,3.771093750000000000e+01
1.922400000000000375e+02,3.825000000000000000e+01
1.922800000000000296e+02,3.871093750000000000e+01
1.923199999999999932e+02,3.826562500000000000e+01
1.923600000000000421e+02,3.837500000000000000e+01
1.924000000000000057e+02,3.791406250000000000e+01
1.924399999999999977e+02,3.877343750000000000e+01
1.924800000000000182e+02,3.800000000000000000e+01
1.925200000000000102e+02,3.884375000000000000e+01
1.925600000000000307e+02,3.845312500000000000e+01
1.926000000000000227e+02,3.821875000000000000e+01
1.926399999999999864e+02,3.817187500000000000e+01
1.926800000000000352e+02,3.828125000000000000e+01
1.927199999999999989e+02,3.836718750000000711e+01
1.927599999999999909e+02,3.823437500000000000e+01
1.928000000000000114e+02,3.842187500000000000e+01
1.928400000000000034e+02,3.810156250000000000e+01
1.928800000000000239e+02,3.826562500000000000e+01
1.929200000000000159e+02,3.850000000000000000e+01
1.929600000000000080e+02,3.873437500000000000e+01
1.930000000000000284e+02,3.825000000000000000e+01
1.930400000000000205e+02,3.910937500000000000e+01
1.930800000000000409e+02,3.843750000000000000e+01
1.931200000000000330e+02,3.850781250000000000e+01
1.931599999999999966e+02,3.820312500000000000e+01
1.932000000000000455e+02,3.831250000000000000e+01
1.932400000000000091e+02,3.891406250000000000e+01
1.932800000000000011e+02,3.832812500000000000e+01
1.933200000000000216e+02,3.878906250000000000e+01
1.933600000000000136e+02,3.871875000000000000e+01
1.934000000000000341e+02,3.846875000000000000e+01
1.934400000000000261e+02,3.823437500000000000e+01
1.934799999999999898e+02,3.839843750000000000e+01
1.935200000000000387e+02,3.822656250000000000e+01
1.935600000000000023e+02,3.842187500000000000e+01
1.936000000000000512e+02,3.837500000000000000e+01
1.936400000000000148e+02,3.866406250000000000e+01
1.936800000000000068e+02,3.852343750000000000e+01
1.937200000000000273e+02,3.859375000000000000e+01
1.937600000000000193e+02,3.828125000000000000e+01
1.937999999999999829e+02,3.831250000000000000e+01
1.938400000000000318e+02,3.845312500000000000e+01
1.938799999999999955e+02,3.901562500000000000e+01
1.939200000000000443e+02,3.869531250000000000e+01
1.939600000000000080e+02,3.862500000000000000e+01
1.940000000000000000e+02,3.797656250000000000e+01
1.940400000000000205e+02,3.839843750000000000e+01
1.940800000000000125e+02,3.844531250000000000e+01
1.941200000000000045e+02,3.846875000000000000e+01
1.941600000000000250e+02,3.869531250000000000e+01
1.942000000000000171e+02,3.842968750000000711e+01
1.942400000000000375e+02,3.871093750000000000e+01
1.942800000000000296e+02,3.828906250000000000e+01
1.943199999999999932e+02,3.828906250000000000e+01
1.943600000000000421e+02,3.852343750000000000e+01
1.944000000000000057e+02,3.803125000000000000e+01
1.944400000000000546e+02,3.858593750000000000e+01
1.944800000000000182e+02,3.846093750000000000e+01
1.945200000000000102e+02,3.839062500000000000e+01
1.945600000000000307e+02,3.843750000000000000e+01
1.946000000000000227e+02,3.866406250000000000e+01
1.946399999999999864e+02,3.857031250000000000e+01
1.946800000000000352e+02,3.853125000000000000e+01
1.947199999999999989e+02,3.842968750000000711e+01
1.947600000000000477e+02,3.849218750000000711e+01
1.948000000000000114e+02,3.877343750000000000e+01
1.948400000000000034e+02,3.854687500000000000e+01
1.948800000000000239e+02,3.884375000000000000e+01
1.949200000000000159e+02,3.882031250000000000e+01
1.949599999999999795e+02,3.857812500000000000e+01
1.950000000000000284e+02,3.802343750000000000e+01
1.950399999999999920e+02,3.842968750000000711e+01
1.950800000000000409e+02,3.819531250000000000e+01
1.951200000000000045e+02,3.864843750000000000e+01
1.951599999999999966e+02,3.833593750000000000e+01
1.952000000000000171e+02,3.853125000000000000e+01
1.952400000000000091e+02,3.873437500000000000e+01
1.952800000000000296e+02,3.830468750000000711e+01
1.953200000000000216e+02,3.828125000000000000e+01
1.953600000000000136e+02,3.880468750000000711e+01
1.954000000000000341e+02,3.857812500000000000e+01
1.954400000000000261e+02,3.842187500000000000e+01
1.954799999999999898e+02,3.884375000000000000e+01
1.955200000000000387e+02,3.852343750000000000e+01
1.955600000000000023e+02,3.807812500000000000e+01
1.956000000000000512e+02,3.825000000000000000e+01
1.956400000000000148e+02,3.878906250000000000e+01
1.956800000000000068e+02,3.867968750000000711e+01
1.957200000000000273e+02,3.872656250000000000e+01
1.957600000000000193e+02,3.835937500000000000e+01
1.958000000000000398e+02,3.869531250000000000e+01
1.958400000000000318e+02,3.841406250000000000e+01
1.958799999999999955e+02,3.856250000000000000e+01
1.959200000000000443e+02,3.871093750000000000e+01
1.959600000000000080e+02,3.880468750000000711e+01
1.960000000000000000e+02,3.871875000000000000e+01
1.960400000000000205e+02,3.877343750000000000e+01
1.960800000000000125e+02,3.842187500000000000e+01
1.961200000000000330e+02,3.822656250000000000e+01
1.961600000000000250e+02,3.860937500000000000e+01
1.961999999999999886e+02,3.900000000000000000e+01
1.962400000000000375e+02,3.875000000000000000e+01
1.962800000000000011e+02,3.853125000000000000e+01
1.963199999999999932e+02,3.873437500000000000e+01
1.963600000000000136e+02,3.817968750000000000e+01
1.964000000000000057e+02,3.886718750000000711e+01
1.964400000000000261e+02,3.838281250000000000e+01
1.964800000000000182e+02,3.792187500000000000e+01
1.965199999999999818e+02,3.868750000000000000e+01
1.965600000000000307e+02,3.918750000000000000e+01
1.965999999999999943e+02,3.831250000000000000e+01
1.966400000000000432e+02,3.889843750000000000e+01
1.966800000000000352e+02,3.907812500000000000e+01
1.967199999999999989e+02,3.853906250000000000e+01
1.967600000000000477e+02,3.872656250000000000e+01
1.968000000000000114e+02,3.890625000000000000e+01
1.968400000000000034e+02,3.910937500000000000e+01
1.968800000000000239e+02,3.890625000000000000e+01
1.969200000000000159e+02,3.858593750000000000e+01
1.969600000000000364e+02,3.846875000000000000e+01
1.970000000000000284e+02,3.877343750000000000e+01
1.970399999999999920e+02,3.871875000000000000e+01
1.970800000000000409e+02,3.858593750000000000e+01
1.971200000000000045e+02,3.884375000000000000e+01
1.971600000000000534e+02,3.842968750000000711e+01
1.972000000000000171e+02,3.839843750000000000e+01
1.972400000000000091e+02,3.787500000000000000e+01
1.972800000000000296e+02,3.876562500000000000e+01
1.973200000000000216e+02,3.858593750000000000e+01
1.973599999999999852e+02,3.902343750000000000e+01
1.974000000000000341e+02,3.892187500000000000e+01
1.974399999999999977e+02,3.900781250000000000e+01
1.974800000000000466e+02,3.863281250000000000e+01
1.975200000000000102e+02,3.824218750000000711e+01
1.975600000000000023e+02,3.884375000000000000e+01
1.976000000000000227e+02,3.857031250000000000e+01
1.976400000000000148e+02,3.892187500000000000e+01
1.976799999999999784e+02,3.850000000000000000e+01
1.977200000000000273e+02,3.925000000000000000e+01
1.977599999999999909e+02,3.853906250000000000e+01
1.978000000000000398e+02,3.864843750000000000e+01
1.978400000000000034e+02,3.848437500000000000e+01
1.978799999999999955e+02,3.935156250000000000e+01
1.979200000000000159e+02,3.870312500000000000e+01
1.979600000000000080e+02,3.840625000000000000e+01
1.980000000000000284e+02,3.874218750000000711e+01
1.980400000000000205e+02,3.828125000000000000e+01
1.980800000000000125e+02,3.926562500000000000e+01
1.981200000000000330e+02,3.830468750000000711e+01
1.981600000000000250e+02,3.888281250000000000e+01
1.981999999999999886e+02,3.878906250000000000e+01
1.982400000000000375e+02,3.897656250000000000e+01
1.982800000000000011e+02,3.852343750000000000e+01
1.983200000000000500e+02,3.885156250000000000e+01
1.983600000000000136e+02,3.852343750000000000e+01
1.984000000000000057e+02,3.853906250000000000e+01
1.984400000000000261e+02,3.839062500000000000e+01
1.984800000000000182e+02,3.883593750000000000e+01
1.985200000000000387e+02,3.838281250000000000e+01
1.985600000000000307e+02,3.862500000000000000e+01
1.985999999999999943e+02,3.848437500000000000e+01
1.986400000000000432e+02,3.899218750000000711e+01
1.986800000000000068e+02,3.800781250000000000e+01
1.987199999999999989e+02,3.826562500000000000e+01
1.987600000000000193e+02,3.906250000000000000e+01
1.988000000000000114e+02,3.862500000000000000e+01
1.988400000000000318e+02,3.857812500000000000e+01
1.988800000000000239e+02,3.857812500000000000e+01
1.989199999999999875e+02,3.817187500000000000e+01
1.989600000000000364e+02,3.892187500000000000e+01
1.990000000000000000e+02,3.875000000000000000e+01
1.990399999999999920e+02,3.907031250000000000e+01
1.990800000000000125e+02,3.857031250000000000e+01
1.991200000000000045e+02,3.818750000000000000e+01
1.991600000000000250e+02,3.850781250000000000e+01
1.992000000000000171e+02,3.861718750000000711e+01
1.992400000000000091e+02,3.878906250000000000e+01
1.992800000000000296e+02,3.896875000000000000e+01
1.993200000000000216e+02,3.892187500000000000e+01
1.993600000000000421e+02,3.909375000000000000e+01
1.994000000000000341e+02,3.861718750000000711e+01
1.994399999999999977e+02,3.862500000000000000e+01
1.994800000000000466e+02,3.839843750000000000e+01
1.995200000000000102e+02,3.889843750000000000e+01
1.995600000000000023e+02,3.821875000000000000e+01
1.996000000000000227e+02,3.869531250000000000e+01
1.996400000000000148e+02,3.817187500000000000e+01
1.996800000000000352e+02,3.881250000000000000e+01
1.997200000000000273e+02,3.900781250000000000e+01
1.997599999999999909e+02,3.877343750000000000e+01
1.998000000000000398e+02,3.861718750000000711e+01
1.998400000000000034e+02,3.895312500000000000e+01
1.998799999999999955e+02,3.928906250000000000e+01
1.999200000000000159e+02,3.842968750000000711e+01
1.999600000000000080e+02,3.878906250000000000e+01
2.000000000000000284e+02,3.886718750000000711e+01
2.000400000000000205e+02,3.854687500000000000e+01
2.000799999999999841e+02,3.911718750000000000e+01
2.001200000000000330e+02,3.848437500000000000e+01
2.001599999999999966e+02,3.847656250000000000e+01
2.002000000000000455e+02,3.871875000000000000e+01
2.002400000000000091e+02,3.872656250000000000e+01
2.002800000000000011e+02,3.846093750000000000e+01
2.003200000000000216e+02,3.847656250000000000e+01
2.003600000000000136e+02,3.872656250000000000e+01
2.004000000000000057e+02,3.825781250000000000e+01
2.004400000000000261e+02,3.912500000000000000e+01
2.004800000000000182e+02,3.865625000000000000e+01
2.005200000000000387e+02,3.817187500000000000e+01
2.005600000000000307e+02,3.847656250000000000e+01
2.005999999999999943e+02,3.914062500000000000e+01
2.006400000000000432e+02,3.861718750000000711e+01
2.006800000000000068e+02,3.908593750000000000e+01
2.007200000000000557e+02,3.885937500000000000e+01
2.007600000000000193e+02,3.877343750000000000e+01
2.008000000000000114e+02,3.925781250000000000e+01
2.008400000000000318e+02,3.900000000000000000e+01
2.008800000000000239e+02,3.859375000000000000e+01
2.009199999999999875e+02,3.886718750000000711e+01
2.009600000000000364e+02,3.847656250000000000e+01
2.010000000000000000e+02,3.833593750000000000e+01
2.010400000000000489e+02,3.947656250000000000e+01
2.010800000000000125e+02,3.892187500000000000e+01
2.011200000000000045e+02,3.908593750000000000e+01
2.011600000000000250e+02,3.864062500000000000e+01
2.012000000000000171e+02,3.851562500000000000e+01
2.012399999999999807e+02,3.897656250000000000e+01
2.012800000000000296e+02,3.908593750000000000e+01
2.013199999999999932e+02,3.918750000000000000e+01
2.013600000000000421e+02,3.907031250000000000e+01
2.014000000000000057e+02,3.882031250000000000e+01
2.014399999999999977e+02,3.867187500000000000e+01
2.014800000000000182e+02,3.949218750000000000e+01
2.015200000000000102e+02,3.887500000000000000e+01
2.015600000000000307e+02,3.859375000000000000e+01
2.016000000000000227e+02,3.915625000000000000e+01
2.016400000000000148e+02,3.871875000000000000e+01
2.016800000000000352e+02,3.842187500000000000e+01
2.017200000000000273e+02,3.850000000000000000e+01
2.017599999999999909e+02,3.860937500000000000e+01
2.018000000000000398e+02,3.914062500000000000e+01
2.018400000000000034e+02,3.875000000000000000e+01
2.018800000000000523e+02,3.955468750000000000e+01
2.019200000000000159e+02,3.904687500000000000e+01
2.019600000000000080e+02,3.910937500000000000e+01
2.020000000000000284e+02,3.910937500000000000e+01
2.020400000000000205e+02,3.852343750000000000e+01
2.020800000000000409e+02,3.872656250000000000e+01
2.021200000000000330e+02,3.921875000000000711e+01
2.021599999999999966e+02,3.938281250000000000e+01
2.022000000000000455e+02,3.917968750000000000e+01
2.022400000000000091e+02,3.817968750000000000e+01
2.022800000000000011e+02,3.838281250000000000e+01
2.023200000000000216e+02,3.864843750000000000e+01
2.023600000000000136e+02,3.890625000000000000e+01
2.024000000000000341e+02,3.892968750000000711e+01
2.024400000000000261e+02,3.935156250000000000e+01
2.024799999999999898e+02,3.906250000000000000e+01
2.025200000000000387e+02,3.914843750000000000e+01
2.025600000000000023e+02,3.935937500000000000e+01
2.025999999999999943e+02,3.894531250000000000e+01
2.026400000000000148e+02,3.859375000000000000e+01
2.026800000000000068e+02,3.917187500000000000e+01
2.027200000000000273e+02,3.898437500000000000e+01
2.027600000000000193e+02,3.864062500000000000e+01
2.027999999999999829e+02,3.864062500000000000e+01
2.028400000000000318e+02,3.872656250000000000e+01
2.028799999999999955e+02,3.917187500000000000e+01
2.029200000000000443e+02,3.895312500000000000e+01
2.029600000000000080e+02,3.852343750000000000e+01
2.030000000000000000e+02,3.855468750000000711e+01
2.030400000000000489e+02,3.922656250000000000e+01
2.030800000000000125e+02,3.879687500000000000e+01
2.031200000000000045e+02,3.864843750000000000e+01
2.031600000000000250e+02,3.946875000000000711e+01
2.032000000000000171e+02,3.926562500000000000e+01
2.032400000000000375e+02,3.885937500000000000e+01
2.032800000000000296e+02,3.933593750000000000e+01
2.033199999999999932e+02,3.896875000000000000e+01
2.033600000000000421e+02,3.888281250000000000e+01
2.034000000000000057e+02,3.879687500000000000e+01
2.034399999999999977e+02,3.943750000000000000e+01
2.034800000000000182e+02,3.884375000000000000e+01
2.035200000000000102e+02,3.908593750000000000e+01
2.035600000000000307e+02,3.906250000000000000e+01
2.036000000000000227e+02,3.946093750000000000e+01
2.036399999999999864e+02,3.837500000000000000e+01
2.036800000000000352e+02,3.887500000000000000e+01
2.037199999999999989e+02,3.883593750000000000e+01
2.037600000000000477e+02,3.889062500000000000e+01
2.038000000000000114e+02,3.907031250000000000e+01
2.038400000000000034e+02,3.930468750000000000e+01
2.038800000000000239e+02,3.830468750000000711e+01
2.039200000000000159e+02,3.878906250000000000e+01
2.039599999999999795e+02,3.891406250000000000e+01
2.040000000000000284e+02,3.888281250000000000e+01
2.040399999999999920e+02,3.935937500000000000e+01
2.040800000000000409e+02,3.855468750000000711e+01
2.041200000000000045e+02,3.925000000000000000e+01
2.041599999999999966e+02,3.924218750000000000e+01
2.042000000000000171e+02,3.922656250000000000e+01
2.042400000000000091e+02,3.894531250000000000e+01
2.042800000000000296e+02,3.885937500000000000e+01
2.043200000000000216e+02,3.869531250000000000e+01
2.043600000000000136e+02,3.882812500000000000e+01
2.044000000000000341e+02,3.806250000000000000e+01
2.044400000000000261e+02,3.896093750000000000e+01
2.044799999999999898e+02,3.897656250000000000e+01
2.045200000000000387e+02,3.855468750000000711e+01
2.045600000000000023e+02,3.913281250000000000e+01
2.046000000000000512e+02,3.917187500000000000e+01
2.046400000000000148e+02,3.894531250000000000e+01
2.046800000000000068e+02,3.858593750000000000e+01
2.047200000000000273e+02,3.960156250000000000e+01
2.047600000000000193e+02,3.882031250000000000e+01
2.047999999999999829e+02,3.949218750000000000e+01
2.048400000000000318e+02,3.925781250000000000e+01
2.048799999999999955e+02,3.896875000000000000e+01
2.049200000000000443e+02,3.912500000000000000e+01
2.049600000000000080e+02,3.873437500000000000e+01
2.050000000000000000e+02,3.903125000000000000e+01
2.050400000000000205e+02,3.941406250000000000e+01
2.050800000000000125e+02,3.899218750000000711e+01
2.051200000000000330e+02,3.914843750000000000e+01
2.051600000000000250e+02,3.894531250000000000e+01
2.051999999999999886e+02,3.870312500000000000e+01
2.052400000000000375e+02,3.907031250000000000e+01
2.052800000000000011e+02,3.935937500000000000e+01
2.053199999999999932e+02,3.857031250000000000e+01
2.053600000000000136e+02,3.857812500000000000e+01
2.054000000000000057e+02,3.904687500000000000e+01
2.054400000000000261e+02,3.931250000000000000e+01
2.054800000000000182e+02,3.953125000000000711e+01
2.055200000000000102e+02,3.935156250000000000e+01
2.055600000000000307e+02,3.866406250000000000e+01
2.056000000000000227e+02,3.885937500000000000e+01
2.056400000000000432e+02,3.898437500000000000e+01
2.056800000000000352e+02,3.923437500000000000e+01
2.057199999999999989e+02,3.903906250000000000e+01
2.057600000000000477e+02,3.867968750000000711e+01
2.058000000000000114e+02,3.920312500000000000e+01
2.058400000000000034e+02,3.900781250000000000e+01
2.058800000000000239e+02,3.871093750000000000e+01
2.059200000000000159e+02,3.960156250000000000e+01
2.059600000000000364e+02,3.832031250000000000e+01
2.060000000000000284e+02,3.916406250000000000e+01
2.060399999999999920e+02,3.900781250000000000e+01
2.060800000000000409e+02,3.910937500000000000e+01
2.061200000000000045e+02,3.899218750000000711e+01
2.061599999999999966e+02,3.988281250000000000e+01
2.062000000000000171e+02,3.953125000000000711e+01
2.062400000000000091e+02,3.884375000000000000e+01
2.062800000000000296e+02,3.888281250000000000e+01
2.063200000000000216e+02,3.896875000000000000e+01
2.063599999999999852e+02,3.928906250000000000e+01
2.064000000000000341e+02,3.900000000000000000e+01
2.064399999999999977e+02,3.899218750000000711e+01
2.064800000000000466e+02,3.832812500000000000e+01
2.065200000000000102e+02,3.935156250000000000e+01
2.065600000000000023e+02,3.906250000000000000e+01
2.066000000000000227e+02,3.888281250000000000e+01
2.066400000000000148e+02,3.903125000000000000e+01
2.066800000000000068e+02,3.860156250000000000e+01
2.067200000000000273e+02,3.859375000000000000e+01
2.067600000000000193e+02,3.897656250000000000e+01
2.068000000000000398e+02,3.932031250000000000e+01
2.068400000000000318e+02,3.901562500000000000e+01
2.068799999999999955e+02,3.934375000000000711e+01
2.069200000000000443e+02,3.857812500000000000e+01
2.069600000000000080e+02,3.922656250000000000e+01
2.070000000000000568e+02,3.914843750000000000e+01
2.070400000000000205e+02,3.867968750000000711e+01
2.070800000000000125e+02,3.857812500000000000e+01
2.071200000000000330e+02,3.937500000000000000e+01
2.071600000000000250e+02,3.949218750000000000e+01
2.071999999999999886e+02,3.893750000000000000e+01
2.072400000000000375e+02,3.902343750000000000e+01
2.072800000000000011e+02,3.928906250000000000e+01
2.073200000000000500e+02,3.903906250000000000e+01
2.073600000000000136e+02,3.947656250000000000e+01
2.074000000000000057e+02,3.865625000000000000e+01
2.074400000000000261e+02,3.875781250000000000e+01
2.074800000000000182e+02,3.891406250000000000e+01
2.075199999999999818e+02,3.969531250000000000e+01
2.075600000000000307e+02,3.946875000000000711e+01
2.075999999999999943e+02,3.953906250000000000e+01
2.076400000000000432e+02,3.944531250000000000e+01
2.076800000000000068e+02,3.915625000000000000e+01
2.077199999999999989e+02,3.930468750000000000e+01
2.077600000000000193e+02,3.932031250000000000e+01
2.078000000000000114e+02,3.899218750000000711e+01
2.078400000000000318e+02,3.889843750000000000e+01
2.078800000000000239e+02,3.910937500000000000e+01
2.079199999999999875e+02,3.877343750000000000e+01
2.079600000000000364e+02,3.896093750000000000e+01
2.080000000000000284e+02,3.928125000000000711e+01
2.080399999999999920e+02,3.880468750000000711e+01
2.080800000000000409e+02,3.939843750000000000e+01
2.081200000000000045e+02,3.988281250000000000e+01
2.081600000000000534e+02,3.894531250000000000e+01
2.082000000000000171e+02,3.934375000000000711e+01
2.082400000000000091e+02,3.938281250000000000e+01
2.082800000000000296e+02,3.915625000000000000e+01
2.083200000000000216e+02,3.874218750000000711e+01
2.083599999999999852e+02,3.904687500000000000e+01
2.084000000000000341e+02,3.900781250000000000e+01
2.084399999999999977e+02,3.916406250000000000e+01
2.084800000000000466e+02,3.872656250000000000e+01
2.085200000000000102e+02,3.888281250000000000e+01
2.085600000000000023e+02,3.915625000000000000e+01
2.086000000000000227e+02,3.891406250000000000e+01
2.086400000000000148e+02,3.941406250000000000e+01
2.086800000000000352e+02,3.860937500000000000e+01
2.087200000000000273e+02,3.896875000000000000e+01
2.087599999999999909e+02,3.880468750000000711e+01
2.088000000000000398e+02,3.903906250000000000e+01
2.088400000000000034e+02,3.947656250000000000e+01
2.088799999999999955e+02,3.923437500000000000e+01
2.089200000000000159e+02,3.940625000000000711e+01
2.089600000000000080e+02,3.960156250000000000e+01
2.090000000000000284e+02,3.914062500000000000e+01
2.090400000000000205e+02,3.914843750000000000e+01
2.090799999999999841e+02,3.905468750000000000e+01
2.091200000000000330e+02,3.936718750000000000e+01
2.091599999999999966e+02,3.932812500000000000e+01
2.092000000000000455e+02,3.914843750000000000e+01
2.092400000000000091e+02,3.951562500000000000e+01
2.092800000000000011e+02,3.858593750000000000e+01
2.093200000000000216e+02,3.939843750000000000e+01
2.093600000000000136e+02,3.918750000000000000e+01
2.094000000000000057e+02,3.913281250000000000e+01
2.094400000000000261e+02,3.932812500000000000e+01
2.094800000000000182e+02,3.968750000000000000e+01
2.095200000000000387e+02,3.932812500000000000e+01
2.095600000000000307e+02,3.959375000000000711e+01
2.095999999999999943e+02,3.840625000000000000e+01
2.096400000000000432e+02,3.913281250000000000e+01
2.096800000000000068e+02,3.975781250000000000e+01
2.097199999999999989e+02,3.950000000000000000e+01
2.097600000000000193e+02,3.910937500000000000e+01
2.098000000000000114e+02,3.921875000000000711e+01
2.098400000000000318e+02,3.896093750000000000e+01
2.098800000000000239e+02,3.955468750000000000e+01
2.099199999999999875e+02,3.920312500000000000e+01
2.099600000000000364e+02,3.948437500000000000e+01
2.100000000000000000e+02,3.921875000000000711e+01
2.100400000000000489e+02,3.917968750000000000e+01
2.100800000000000125e+02,3.989843750000000000e+01
2.101200000000000045e+02,3.892968750000000711e+01
2.101600000000000250e+02,3.875781250000000000e+01
2.102000000000000171e+02,3.925781250000000000e+01
2.102399999999999807e+02,3.937500000000000000e+01
2.102800000000000296e+02,3.899218750000000711e+01
2.103199999999999932e+02,3.923437500000000000e+01
2.103600000000000421e+02,3.886718750000000711e+01
2.104000000000000057e+02,3.920312500000000000e+01
2.104399999999999977e+02,3.957812500000000000e+01
2.104800000000000182e+02,3.919531250000000000e+01
2.105200000000000102e+02,3.959375000000000711e+01
2.105600000000000307e+02,3.923437500000000000e+01
2.106000000000000227e+02,3.968750000000000000e+01
2.106400000000000148e+02,3.944531250000000000e+01
2.106800000000000352e+02,3.907812500000000000e+01
2.107200000000000273e+02,3.950781250000000000e+01
2.107599999999999909e+02,3.894531250000000000e+01
2.108000000000000398e+02,3.885156250000000000e+01
2.108400000000000034e+02,3.905468750000000000e+01
2.108800000000000523e+02,3.952343750000000000e+01
2.109200000000000159e+02,3.942968750000000000e+01
2.109600000000000080e+02,3.917968750000000000e+01
2.110000000000000284e+02,3.926562500000000000e+01
2.110400000000000205e+02,3.915625000000000000e+01
2.110799999999999841e+02,3.891406250000000000e+01
2.111200000000000330e+02,3.902343750000000000e+01
2.111599999999999966e+02,3.953906250000000000e+01
2.112000000000000455e+02,3.921875000000000711e+01
2.112400000000000091e+02,3.935156250000000000e+01
2.112800000000000011e+02,3.942187500000000000e+01
2.113200000000000216e+02,3.978906250000000000e+01
2.113600000000000136e+02,3.941406250000000000e+01
2.114000000000000341e+02,3.922656250000000000e+01
2.114400000000000261e+02,3.926562500000000000e+01
2.114799999999999898e+02,3.906250000000000000e+01
2.115200000000000387e+02,3.962500000000000000e+01
2.115600000000000023e+02,3.914062500000000000e+01
2.115999999999999943e+02,3.925781250000000000e+01
2.116400000000000148e+02,3.931250000000000000e+01
2.116800000000000068e+02,3.906250000000000000e+01
2.117200000000000273e+02,3.928906250000000000e+01
2.117600000000000193e+02,3.913281250000000000e+01
2.118000000000000114e+02,3.978906250000000000e+01
2.118400000000000318e+02,3.928125000000000711e+01
2.118800000000000239e+02,3.896093750000000000e+01
2.119200000000000443e+02,3.943750000000000000e+01
2.119600000000000364e+02,3.926562500000000000e+01
2.120000000000000000e+02,3.957031250000000000e+01
2.120400000000000489e+02,3.972656250000000000e+01
2.120800000000000125e+02,3.927343750000000000e+01
2.121200000000000045e+02,3.917187500000000000e+01
2.121600000000000250e+02,3.918750000000000000e+01
2.122000000000000171e+02,3.964062500000000000e+01
2.122400000000000375e+02,3.932031250000000000e+01
2.122800000000000296e+02,3.890625000000000000e+01
2.123199999999999932e+02,3.881250000000000000e+01
2.123600000000000421e+02,3.942968750000000000e+01
2.124000000000000057e+02,3.883593750000000000e+01
2.124399999999999977e+02,3.940625000000000711e+01
2.124800000000000182e+02,3.968750000000000000e+01
2.125200000000000102e+02,3.972656250000000000e+01
2.125600000000000307e+02,3.958593750000000000e+01
2.126000000000000227e+02,3.853125000000000000e+01
2.126399999999999864e+02,3.878125000000000000e+01
2.126800000000000352e+02,3.940625000000000711e+01
2.127199999999999989e+02,3.945312500000000000e+01
2.127600000000000477e+02,3.928125000000000711e+01
2.128000000000000114e+02,3.914062500000000000e+01
2.128400000000000034e+02,3.962500000000000000e+01
2.128800000000000239e+02,3.987500000000000000e+01
2.129200000000000159e+02,3.932812500000000000e+01
2.129600000000000080e+02,3.946093750000000000e+01
2.130000000000000284e+02,3.894531250000000000e+01
2.130400000000000205e+02,3.932812500000000000e+01
2.130800000000000409e+02,3.905468750000000000e+01
2.131200000000000330e+02,3.926562500000000000e+01
2.131599999999999966e+02,3.946875000000000711e+01
2.132000000000000455e+02,3.924218750000000000e+01
2.132400000000000091e+02,3.910156250000000000e+01
2.132800000000000011e+02,3.953906250000000000e+01
2.133200000000000216e+02,3.921093750000000000e+01
2.133600000000000136e+02,3.906250000000000000e+01
2.134000000000000341e+02,3.917187500000000000e+01
2.134400000000000261e+02,3.922656250000000000e+01
2.134799999999999898e+02,3.984375000000000711e+01
2.135200000000000387e+02,3.913281250000000000e+01
2.135600000000000023e+02,3.971875000000000711e+01
2.136000000000000512e+02,3.984375000000000711e+01
2.136400000000000148e+02,3.925781250000000000e+01
2.136800000000000068e+02,3.910156250000000000e+01
2.137200000000000273e+02,3.924218750000000000e+01
2.137600000000000193e+02,3.944531250000000000e+01
2.137999999999999829e+02,3.981250000000000000e+01
2.138400000000000318e+02,3.968750000000000000e+01
2.138799999999999955e+02,3.932812500000000000e+01
2.139200000000000443e+02,3.924218750000000000e+01
2.139600000000000080e+02,3.884375000000000000e+01
2.140000000000000000e+02,3.987500000000000000e+01
2.140400000000000205e+02,3.923437500000000000e+01
2.140800000000000125e+02,3.939843750000000000e+01
2.141200000000000330e+02,3.946093750000000000e+01
2.141600000000000250e+02,3.939843750000000000e+01
2.141999999999999886e+02,3.918750000000000000e+01
2.142400000000000375e+02,3.921875000000000711e+01
2.142800000000000011e+02,3.903125000000000000e+01
2.143199999999999932e+02,3.908593750000000000e+01
2.143600000000000421e+02,3.974218750000000000e+01
2.144000000000000057e+02,3.919531250000000000e+01
2.144400000000000546e+02,3.918750000000000000e+01
2.144800000000000182e+02,3.934375000000000711e+01
2.145200000000000102e+02,3.958593750000000000e+01
2.145600000000000307e+02,3.928906250000000000e+01
2.146000000000000227e+02,3.976562500000000000e+01
2.146399999999999864e+02,3.913281250000000000e+01
2.146800000000000352e+02,3.908593750000000000e+01
2.147199999999999989e+02,3.932031250000000000e+01
2.147600000000000477e+02,3.890625000000000000e+01
2.148000000000000114e+02,3.933593750000000000e+01
2.148400000000000034e+02,3.989062500000000000e+01
2.148800000000000239e+02,3.969531250000000000e+01
2.149200000000000159e+02,3.892968750000000711e+01
2.149600000000000364e+02,3.934375000000000711e+01
2.150000000000000284e+02,3.976562500000000000e+01
2.150399999999999920e+02,3.968750000000000000e+01
2.150800000000000409e+02,3.909375000000000000e+01
2.151200000000000045e+02,3.937500000000000000e+01
2.151599999999999966e+02,3.942187500000000000e+01
2.152000000000000171e+02,3.964843750000000000e+01
2.152400000000000091e+02,3.833593750000000000e+01
2.152800000000000296e+02,3.914843750000000000e+01
2.153200000000000216e+02,3.935937500000000000e+01
2.153599999999999852e+02,3.900781250000000000e+01
2.154000000000000341e+02,3.967187500000000000e+01
2.154399999999999977e+02,3.954687500000000000e+01
2.154800000000000466e+02,3.963281250000000000e+01
2.155200000000000102e+02,3.956250000000000000e+01
2.155600000000000023e+02,3.932031250000000000e+01
2.156000000000000227e+02,3.953125000000000711e+01
2.156400000000000148e+02,3.957812500000000000e+01
2.156800000000000068e+02,3.978906250000000000e+01
2.157200000000000273e+02,3.924218750000000000e+01
2.157600000000000193e+02,3.950000000000000000e+01
2.158000000000000398e+02,3.976562500000000000e+01
2.158400000000000318e+02,3.951562500000000000e+01
2.158799999999999955e+02,3.964062500000000000e+01
2.159200000000000443e+02,3.936718750000000000e+01
2.159600000000000080e+02,3.890625000000000000e+01
2.160000000000000000e+02,3.918750000000000000e+01
2.160400000000000205e+02,3.957031250000000000e+01
2.160800000000000125e+02,3.958593750000000000e+01
2.161200000000000330e+02,3.937500000000000000e+01
2.161600000000000250e+02,3.918750000000000000e+01
2.161999999999999886e+02,3.978125000000000711e+01
2.162400000000000375e+02,3.933593750000000000e+01
2.162800000000000011e+02,3.907812500000000000e+01
2.163200000000000500e+02,3.916406250000000000e+01
2.163600000000000136e+02,3.944531250000000000e+01
2.164000000000000057e+02,3.929687500000000000e+01
2.164400000000000261e+02,3.912500000000000000e+01
2.164800000000000182e+02,3.890625000000000000e+01
2.165199999999999818e+02,3.962500000000000000e+01
2.165600000000000307e+02,3.909375000000000000e+01
2.165999999999999943e+02,3.942187500000000000e+01
2.166400000000000432e+02,3.971093750000000000e+01
2.166800000000000068e+02,3.925000000000000000e+01
2.167199999999999989e+02,3.941406250000000000e+01
2.167600000000000193e+02,3.956250000000000000e+01
2.168000000000000114e+02,3.950000000000000000e+01
2.168400000000000034e+02,3.919531250000000000e+01
2.168800000000000239e+02,3.969531250000000000e+01
2.169200000000000159e+02,3.975000000000000000e+01
2.169600000000000364e+02,3.928125000000000711e+01
2.170000000000000284e+02,3.940625000000000711e+01
2.170399999999999920e+02,3.973437500000000000e+01
2.170800000000000409e+02,3.911718750000000000e+01
2.171200000000000045e+02,3.935156250000000000e+01
2.171600000000000534e+02,3.969531250000000000e+01
2.172000000000000171e+02,3.928906250000000000e+01
2.172400000000000091e+02,3.920312500000000000e+01
2.172800000000000296e+02,3.939843750000000000e+01
2.173200000000000216e+02,3.941406250000000000e+01
2.173599999999999852e+02,3.959375000000000711e+01
2.174000000000000341e+02,3.975781250000000000e+01
2.174399999999999977e+02,3.971875000000000711e+01
2.174800000000000466e+02,3.958593750000000000e+01
2.175200000000000102e+02,3.959375000000000711e+01
2.175600000000000023e+02,3.935156250000000000e+01
2.176000000000000227e+02,3.950781250000000000e+01
2.176400000000000148e+02,3.975781250000000000e+01
2.176800000000000352e+02,3.997656250000000000e+01
2.177200000000000273e+02,3.950781250000000000e+01
2.177599999999999909e+02,3.917968750000000000e+01
2.178000000000000398e+02,3.987500000000000000e+01
2.178400000000000034e+02,3.922656250000000000e+01
2.178799999999999955e+02,4.014843750000000000e+01
2.179200000000000159e+02,3.947656250000000000e+01
2.179600000000000080e+02,3.897656250000000000e+01
2.180000000000000284e+02,3.954687500000000000e+01
2.180400000000000205e+02,3.978906250000000000e+01
2.180800000000000125e+02,3.901562500000000000e+01
2.181200000000000330e+02,3.964062500000000000e+01
2.181600000000000250e+02,3.942187500000000000e+01
2.181999999999999886e+02,3.983593750000000000e+01
2.182400000000000375e+02,4.000000000000000000e+01
2.182800000000000011e+02,3.947656250000000000e+01
2.183200000000000500e+02,3.982031250000000000e+01
2.183600000000000136e+02,3.986718750000000000e+01
2.184000000000000057e+02,3.921875000000000711e+01
2.184400000000000261e+02,3.958593750000000000e+01
2.184800000000000182e+02,4.038281250000000711e+01
2.185200000000000387e+02,3.987500000000000000e+01
2.185600000000000307e+02,3.929687500000000000e+01
2.185999999999999943e+02,3.975000000000000000e+01
2.186400000000000432e+02,3.965625000000000711e+01
2.186800000000000068e+02,3.917187500000000000e+01
2.187199999999999989e+02,3.976562500000000000e+01
2.187600000000000193e+02,3.939062500000000000e+01
2.188000000000000114e+02,3.920312500000000000e+01
2.188400000000000318e+02,3.954687500000000000e+01
2.188800000000000239e+02,3.978906250000000000e+01
2.189199999999999875e+02,3.976562500000000000e+01
2.189600000000000364e+02,3.960156250000000000e+01
2.190000000000000000e+02,4.008593750000000000e+01
2.190400000000000489e+02,3.963281250000000000e+01
2.190800000000000125e+02,3.977343750000000000e+01
2.191200000000000045e+02,3.982812500000000000e+01
2.191600000000000250e+02,3.957812500000000000e+01
2.192000000000000171e+02,3.975000000000000000e+01
2.192399999999999807e+02,3.954687500000000000e+01
2.192800000000000296e+02,4.025000000000000000e+01
2.193200000000000216e+02,3.991406250000000000e+01
2.193600000000000421e+02,3.944531250000000000e+01
2.194000000000000341e+02,3.968750000000000000e+01
2.194399999999999977e+02,3.964843750000000000e+01
2.194800000000000466e+02,3.928125000000000711e+01
2.195200000000000102e+02,3.984375000000000711e+01
2.195600000000000023e+02,3.936718750000000000e+01
2.196000000000000227e+02,3.970312500000000000e+01
2.196400000000000148e+02,3.960937500000000000e+01
2.196800000000000352e+02,3.967968750000000000e+01
2.197200000000000273e+02,3.925000000000000000e+01
2.197599999999999909e+02,4.002343750000000000e+01
2.198000000000000398e+02,3.959375000000000711e+01
2.198400000000000034e+02,4.009375000000000000e+01
2.198800000000000523e+02,3.967968750000000000e+01
2.199200000000000159e+02,3.996093750000000000e+01
2.199600000000000080e+02,4.047656250000000000e+01
2.200000000000000284e+02,3.911718750000000000e+01
2.200400000000000205e+02,3.959375000000000711e+01
2.200799999999999841e+02,3.989843750000000000e+01
2.201200000000000330e+02,3.972656250000000000e+01
2.201599999999999966e+02,3.931250000000000000e+01
2.202000000000000455e+02,3.978125000000000711e+01
2.202400000000000091e+02,3.914843750000000000e+01
2.202800000000000011e+02,3.985937500000000000e+01
2.203200000000000216e+02,3.951562500000000000e+01
2.203600000000000136e+02,3.982031250000000000e+01
2.204000000000000341e+02,3.974218750000000000e+01
2.204400000000000261e+02,3.934375000000000711e+01
2.204799999999999898e+02,3.943750000000000000e+01
2.205200000000000387e+02,3.950000000000000000e+01
2.205600000000000023e+02,3.958593750000000000e+01
2.205999999999999943e+02,4.005468750000000000e+01
2.206400000000000148e+02,3.958593750000000000e+01
2.206800000000000068e+02,3.957031250000000000e+01
2.207200000000000557e+02,3.982031250000000000e+01
2.207600000000000193e+02,3.986718750000000000e+01
2.208000000000000114e+02,3.943750000000000000e+01
2.208400000000000318e+02,3.943750000000000000e+01
2.208800000000000239e+02,3.990625000000000711e+01
2.209199999999999875e+02,4.010937500000000000e+01
2.209600000000000364e+02,3.971875000000000711e+01
2.210000000000000000e+02,3.984375000000000711e+01
2.210400000000000489e+02,3.917968750000000000e+01
2.210800000000000125e+02,3.952343750000000000e+01
2.211200000000000045e+02,3.921875000000000711e+01
2.211600000000000250e+02,3.961718750000000000e+01
2.212000000000000171e+02,3.939843750000000000e+01
2.212400000000000375e+02,3.967968750000000000e+01
2.212800000000000296e+02,3.978906250000000000e+01
2.213199999999999932e+02,3.932031250000000000e+01
2.213600000000000421e+02,3.975781250000000000e+01
2.214000000000000057e+02,3.987500000000000000e+01
2.214399999999999977e+02,3.953906250000000000e+01
2.214800000000000182e+02,3.940625000000000711e+01
2.215200000000000102e+02,3.982812500000000000e+01
2.215600000000000307e+02,3.984375000000000711e+01
2.216000000000000227e+02,3.986718750000000000e+01
2.216399999999999864e+02,3.985937500000000000e+01
2.216800000000000352e+02,3.965625000000000711e+01
2.217199999999999989e+02,3.940625000000000711e+01
2.217599999999999909e+02,3.975000000000000000e+01
2.218000000000000114e+02,3.954687500000000000e+01
2.218400000000000034e+02,4.016406250000000000e+01
2.218800000000000239e+02,3.982812500000000000e+01
2.219200000000000159e+02,3.991406250000000000e+01
2.219600000000000080e+02,3.982031250000000000e+01
2.220000000000000284e+02,3.950781250000000000e+01
2.220400000000000205e+02,3.975000000000000000e+01
2.220800000000000409e+02,3.934375000000000711e+01
2.221200000000000330e+02,4.004687500000000000e+01
2.221599999999999966e+02,3.922656250000000000e+01
2.222000000000000455e+02,4.022656250000000000e+01
2.222400000000000091e+02,3.946875000000000711e+01
2.222800000000000011e+02,3.924218750000000000e+01
2.223200000000000216e+02,3.947656250000000000e+01
2.223600000000000136e+02,3.971093750000000000e+01
2.224000000000000341e+02,4.000000000000000000e+01
2.224400000000000261e+02,3.987500000000000000e+01
2.224799999999999898e+02,3.981250000000000000e+01
2.225200000000000387e+02,3.928906250000000000e+01
2.225600000000000023e+02,3.978906250000000000e+01
2.226000000000000512e+02,3.964843750000000000e+01
2.226400000000000148e+02,3.967187500000000000e+01
2.226800000000000068e+02,3.963281250000000000e+01
2.227200000000000273e+02,3.947656250000000000e+01
2.227600000000000193e+02,3.975781250000000000e+01
2.227999999999999829e+02,3.978906250000000000e+01
2.228400000000000318e+02,3.970312500000000000e+01
2.228799999999999955e+02,3.940625000000000711e+01
2.229200000000000443e+02,3.964843750000000000e+01
2.229600000000000080e+02,3.947656250000000000e+01
2.230000000000000000e+02,3.979687500000000000e+01
2.230400000000000205e+02,3.987500000000000000e+01
2.230800000000000125e+02,3.997656250000000000e+01
2.231200000000000045e+02,4.047656250000000000e+01
2.231600000000000250e+02,3.992187500000000000e+01
2.232000000000000171e+02,3.983593750000000000e+01
2.232400000000000375e+02,4.007812500000000000e+01
2.232800000000000296e+02,3.991406250000000000e+01
2.233199999999999932e+02,3.978906250000000000e+01
2.233600000000000421e+02,3.961718750000000000e+01
2.234000000000000057e+02,3.955468750000000000e+01
2.234400000000000546e+02,3.990625000000000711e+01
2.234800000000000182e+02,3.933593750000000000e+01
2.235200000000000102e+02,3.975000000000000000e+01
2.235600000000000307e+02,4.000000000000000000e+01
2.236000000000000227e+02,3.973437500000000000e+01
2.236399999999999864e+02,3.933593750000000000e+01
2.236800000000000352e+02,4.013281250000000000e+01
2.237199999999999989e+02,3.996875000000000711e+01
2.237600000000000477e+02,4.032031250000000711e+01
2.238000000000000114e+02,3.989843750000000000e+01
2.238400000000000034e+02,3.985156250000000000e+01
2.238800000000000239e+02,3.975000000000000000e+01
2.239200000000000159e+02,3.996093750000000000e+01
2.239600000000000364e+02,4.028906250000000000e+01
2.240000000000000284e+02,3.949218750000000000e+01
2.240399999999999920e+02,3.945312500000000000e+01
2.240800000000000409e+02,3.958593750000000000e+01
2.241200000000000045e+02,3.984375000000000711e+01
2.241599999999999966e+02,3.971093750000000000e+01
2.242000000000000171e+02,3.945312500000000000e+01
2.242400000000000091e+02,3.931250000000000000e+01
2.242800000000000296e+02,4.007031250000000000e+01
2.243200000000000216e+02,3.946875000000000711e+01
2.243600000000000136e+02,3.998437500000000000e+01
2.244000000000000341e+02,4.016406250000000000e+01
2.244400000000000261e+02,3.976562500000000000e+01
2.244799999999999898e+02,3.974218750000000000e+01
2.245200000000000387e+02,3.971875000000000711e+01
2.245600000000000023e+02,3.955468750000000000e+01
2.246000000000000512e+02,3.984375000000000711e+01
2.246400000000000148e+02,3.958593750000000000e+01
2.246800000000000068e+02,3.985156250000000000e+01
2.247200000000000273e+02,4.015625000000000000e+01
2.247600000000000193e+02,3.964062500000000000e+01
2.248000000000000398e+02,3.981250000000000000e+01
2.248400000000000318e+02,4.008593750000000000e+01
2.248799999999999955e+02,3.943750000000000000e+01
2.249200000000000443e+02,3.998437500000000000e+01
2.249600000000000080e+02,3.987500000000000000e+01
2.250000000000000000e+02,3.978906250000000000e+01
2.250400000000000205e+02,3.922656250000000000e+01
2.250800000000000125e+02,4.003906250000000000e+01
2.251200000000000330e+02,4.002343750000000000e+01
2.251600000000000250e+02,4.014062500000000000e+01
2.251999999999999886e+02,3.965625000000000711e+01
2.252400000000000375e+02,4.000000000000000000e+01
2.252800000000000011e+02,3.969531250000000000e+01
2.253199999999999932e+02,3.931250000000000000e+01
2.253600000000000136e+02,3.984375000000000711e+01
2.254000000000000057e+02,3.983593750000000000e+01
2.254400000000000261e+02,3.942187500000000000e+01
2.254800000000000182e+02,3.996093750000000000e+01
2.255199999999999818e+02,3.963281250000000000e+01
2.255600000000000307e+02,3.996093750000000000e+01
2.255999999999999943e+02,3.987500000000000000e+01
2.256400000000000432e+02,4.003125000000000000e+01
2.256800000000000352e+02,4.004687500000000000e+01
2.257199999999999989e+02,3.985937500000000000e+01
2.257600000000000477e+02,3.996093750000000000e+01
2.258000000000000114e+02,4.028125000000000000e+01
2.258400000000000034e+02,3.971093750000000000e+01
2.258800000000000239e+02,3.953125000000000711e+01
2.259200000000000159e+02,4.006250000000000000e+01
2.259600000000000364e+02,3.968750000000000000e+01
2.260000000000000284e+02,4.000781250000000000e+01
2.260399999999999920e+02,3.996875000000000711e+01
2.260800000000000409e+02,4.038281250000000711e+01
2.261200000000000045e+02,3.951562500000000000e+01
2.261600000000000534e+02,3.957031250000000000e+01
2.262000000000000171e+02,3.997656250000000000e+01
2.262400000000000091e+02,4.058593750000000000e+01
2.262800000000000296e+02,4.020312500000000000e+01
2.263200000000000216e+02,4.004687500000000000e+01
2.263599999999999852e+02,3.985156250000000000e+01
2.264000000000000341e+02,3.992968750000000000e+01
2.264399999999999977e+02,4.016406250000000000e+01
2.264800000000000466e+02,4.022656250000000000e+01
2.265200000000000102e+02,3.939062500000000000e+01
2.265600000000000023e+02,3.996093750000000000e+01
2.266000000000000227e+02,4.030468750000000000e+01
2.266400000000000148e+02,4.004687500000000000e+01
2.266799999999999784e+02,3.947656250000000000e+01
2.267200000000000273e+02,3.977343750000000000e+01
2.267599999999999909e+02,4.009375000000000000e+01
2.268000000000000398e+02,3.985937500000000000e+01
2.268400000000000034e+02,4.007031250000000000e+01
2.268799999999999955e+02,3.980468750000000000e+01
2.269200000000000159e+02,3.973437500000000000e+01
2.269600000000000080e+02,3.970312500000000000e+01
2.270000000000000284e+02,4.003906250000000000e+01
2.270400000000000205e+02,3.992968750000000000e+01
2.270800000000000125e+02,3.989843750000000000e+01
2.271200000000000330e+02,4.034375000000000000e+01
2.271600000000000250e+02,4.057812500000000000e+01
2.271999999999999886e+02,4.003906250000000000e+01
2.272400000000000375e+02,4.004687500000000000e+01
2.272800000000000011e+02,3.999218750000000000e+01
2.273200000000000500e+02,3.975781250000000000e+01
2.273600000000000136e+02,4.044531250000000711e+01
2.274000000000000057e+02,3.981250000000000000e+01
2.274400000000000261e+02,3.988281250000000000e+01
2.274800000000000182e+02,4.014062500000000000e+01
2.275200000000000387e+02,4.018750000000000000e+01
2.275600000000000307e+02,4.033593750000000000e+01
2.275999999999999943e+02,3.992968750000000000e+01
2.276400000000000432e+02,4.024218750000000000e+01
2.276800000000000068e+02,3.978125000000000711e+01
2.277199999999999989e+02,4.045312500000000000e+01
2.277600000000000193e+02,4.051562500000000000e+01
2.278000000000000114e+02,4.019531250000000711e+01
2.278400000000000318e+02,4.050000000000000000e+01
2.278800000000000239e+02,4.004687500000000000e+01
2.279199999999999875e+02,3.993750000000000000e+01
2.279600000000000364e+02,3.984375000000000711e+01
2.280000000000000000e+02,3.992187500000000000e+01
2.280399999999999920e+02,3.969531250000000000e+01
2.280800000000000125e+02,3.989062500000000000e+01
2.281200000000000045e+02,3.972656250000000000e+01
2.281600000000000250e+02,3.964062500000000000e+01
2.282000000000000171e+02,4.019531250000000711e+01
2.282400000000000091e+02,4.028125000000000000e+01
2.282800000000000296e+02,4.019531250000000711e+01
2.283200000000000216e+02,4.014062500000000000e+01
2.283600000000000421e+02,3.971093750000000000e+01
2.284000000000000341e+02,4.004687500000000000e+01
2.284399999999999977e+02,3.984375000000000711e+01
2.284800000000000466e+02,3.995312500000000000e+01
2.285200000000000102e+02,4.055468750000000000e+01
2.285600000000000023e+02,4.008593750000000000e+01
2.286000000000000227e+02,3.993750000000000000e+01
2.286400000000000148e+02,3.966406250000000000e+01
2.286800000000000352e+02,3.997656250000000000e+01
2.287200000000000273e+02,3.981250000000000000e+01
2.287599999999999909e+02,4.007812500000000000e+01
2.288000000000000398e+02,3.959375000000000711e+01
2.288400000000000034e+02,4.033593750000000000e+01
2.288800000000000523e+02,3.980468750000000000e+01
2.289200000000000159e+02,4.038281250000000711e+01
2.289600000000000080e+02,3.989062500000000000e+01
2.290000000000000284e+02,4.024218750000000000e+01
2.290400000000000205e+02,4.009375000000000000e+01
2.290799999999999841e+02,3.932031250000000000e+01
2.291200000000000330e+02,4.044531250000000711e+01
2.291599999999999966e+02,3.949218750000000000e+01
2.292000000000000455e+02,4.005468750000000000e+01
2.292400000000000091e+02,3.946093750000000000e+01
2.292800000000000011e+02,3.926562500000000000e+01
2.293200000000000216e+02,4.057812500000000000e+01
2.293600000000000136e+02,4.032031250000000711e+01
2.294000000000000057e+02,4.010937500000000000e+01
2.294400000000000261e+02,3.992187500000000000e+01
2.294800000000000182e+02,3.961718750000000000e+01
2.295200000000000387e+02,3.989062500000000000e+01
2.295600000000000307e+02,4.005468750000000000e+01
2.295999999999999943e+02,3.999218750000000000e+01
2.296400000000000432e+02,3.984375000000000711e+01
2.296800000000000068e+02,3.975781250000000000e+01
2.297200000000000557e+02,4.000000000000000000e+01
2.297600000000000193e+02,4.003125000000000000e+01
2.298000000000000114e+02,3.988281250000000000e+01
2.298400000000000318e+02,4.065625000000000000e+01
2.298800000000000239e+02,4.024218750000000000e+01
2.299199999999999875e+02,3.994531250000000000e+01
2.299600000000000364e+02,4.008593750000000000e+01
2.300000000000000000e+02,3.989843750000000000e+01
2.300400000000000489e+02,3.983593750000000000e+01
2.300800000000000125e+02,4.014843750000000000e+01
2.301200000000000045e+02,4.015625000000000000e+01
2.301600000000000250e+02,3.978125000000000711e+01
2.302000000000000171e+02,3.998437500000000000e+01
2.302399999999999807e+02,3.931250000000000000e+01
2.302800000000000296e+02,4.031250000000000000e+01
2.303199999999999932e+02,4.023437500000000000e+01
2.303600000000000421e+02,3.982812500000000000e+01
2.304000000000000057e+02,3.979687500000000000e+01
2.304399999999999977e+02,3.992968750000000000e+01
2.304800000000000182e+02,4.014843750000000000e+01
2.305200000000000102e+02,3.966406250000000000e+01
2.305600000000000307e+02,3.956250000000000000e+01
2.306000000000000227e+02,3.980468750000000000e+01
2.306400000000000148e+02,3.937500000000000000e+01
2.306800000000000352e+02,4.007812500000000000e+01
2.307200000000000273e+02,4.009375000000000000e+01
2.307599999999999909e+02,4.003906250000000000e+01
2.308000000000000398e+02,4.039843750000000000e+01
2.308400000000000034e+02,4.001562500000000000e+01
2.308800000000000523e+02,3.971875000000000711e+01
2.309200000000000159e+02,4.005468750000000000e+01
2.309600000000000080e+02,3.972656250000000000e+01
2.310000000000000284e+02,3.996875000000000711e+01
2.310400000000000205e+02,3.995312500000000000e+01
2.310800000000000409e+02,3.987500000000000000e+01
2.311200000000000330e+02,4.027343750000000000e+01
2.311599999999999966e+02,3.973437500000000000e+01
2.312000000000000455e+02,3.929687500000000000e+01
2.312400000000000091e+02,3.996875000000000711e+01
2.312800000000000011e+02,4.014062500000000000e+01
2.313200000000000216e+02,4.007812500000000000e+01
2.313600000000000136e+02,3.974218750000000000e+01
2.314000000000000341e+02,3.981250000000000000e+01
2.314400000000000261e+02,4.032812500000000000e+01
2.314799999999999898e+02,4.014843750000000000e+01
2.315200000000000387e+02,3.976562500000000000e+01
2.315600000000000023e+02,4.051562500000000000e+01
2.315999999999999943e+02,3.992968750000000000e+01
2.316400000000000148e+02,4.057031250000000711e+01
2.316800000000000068e+02,4.028906250000000000e+01
2.317200000000000273e+02,4.023437500000000000e+01
2.317600000000000193e+02,4.050000000000000000e+01
2.317999999999999829e+02,3.959375000000000711e+01
2.318400000000000318e+02,4.001562500000000000e+01
2.318799999999999955e+02,4.059375000000000000e+01
2.319200000000000443e+02,4.003906250000000000e+01
2.319600000000000080e+02,3.972656250000000000e+01
2.320000000000000000e+02,4.024218750000000000e+01
2.320400000000000489e+02,3.950781250000000000e+01
2.320800000000000125e+02,3.953906250000000000e+01
2.321200000000000045e+02,4.014062500000000000e+01
2.321600000000000250e+02,4.019531250000000711e+01
2.322000000000000171e+02,4.010937500000000000e+01
2.322400000000000375e+02,3.960156250000000000e+01
2.322800000000000296e+02,3.932031250000000000e+01
2.323199999999999932e+02,3.973437500000000000e+01
2.323600000000000421e+02,3.985156250000000000e+01
2.324000000000000057e+02,3.990625000000000711e+01
2.324400000000000546e+02,4.026562500000000000e+01
2.324800000000000182e+02,4.032812500000000000e+01
2.325200000000000102e+02,3.979687500000000000e+01
2.325600000000000307e+02,4.039062500000000000e+01
2.326000000000000227e+02,4.038281250000000711e+01
2.326399999999999864e+02,4.003906250000000000e+01
2.326800000000000352e+02,3.975000000000000000e+01
2.327199999999999989e+02,4.028125000000000000e+01
2.327600000000000477e+02,3.953906250000000000e+01
2.328000000000000114e+02,3.984375000000000711e+01
2.328400000000000034e+02,4.039843750000000000e+01
2.328800000000000239e+02,4.019531250000000711e+01
2.329200000000000159e+02,4.024218750000000000e+01
2.329599999999999795e+02,4.013281250000000000e+01
2.330000000000000284e+02,4.039843750000000000e+01
2.330399999999999920e+02,3.986718750000000000e+01
2.330800000000000409e+02,4.057031250000000711e+01
2.331200000000000045e+02,4.019531250000000711e+01
2.331599999999999966e+02,4.021875000000000000e+01
2.332000000000000171e+02,4.013281250000000000e+01
2.332400000000000091e+02,4.014062500000000000e+01
2.332800000000000296e+02,4.014062500000000000e+01
2.333200000000000216e+02,3.971093750000000000e+01
2.333600000000000136e+02,3.996093750000000000e+01
2.334000000000000341e+02,4.004687500000000000e+01
2.334400000000000261e+02,4.003125000000000000e+01
2.334799999999999898e+02,4.039062500000000000e+01
2.335200000000000387e+02,4.046093750000000000e+01
2.335600000000000023e+02,4.052343750000000000e+01
2.336000000000000512e+02,4.010937500000000000e+01
2.336400000000000148e+02,4.031250000000000000e+01
2.336800000000000068e+02,4.039062500000000000e+01
2.337200000000000273e+02,4.044531250000000711e+01
2.337600000000000193e+02,4.026562500000000000e+01
2.337999999999999829e+02,3.975000000000000000e+01
2.338400000000000318e+02,4.046875000000000000e+01
2.338799999999999955e+02,4.000781250000000000e+01
2.339200000000000443e+02,4.006250000000000000e+01
2.339600000000000080e+02,4.007031250000000000e+01
2.340000000000000000e+02,4.029687500000000000e+01
2.340400000000000205e+02,4.042968750000000000e+01
2.340800000000000125e+02,4.012500000000000000e+01
2.341200000000000330e+02,3.992968750000000000e+01
2.341600000000000250e+02,4.018750000000000000e+01
2.341999999999999886e+02,4.075000000000000000e+01
2.342400000000000375e+02,3.977343750000000000e+01
2.342800000000000011e+02,3.981250000000000000e+01
2.343199999999999932e+02,4.014843750000000000e+01
2.343600000000000136e+02,4.047656250000000000e+01
2.344000000000000057e+02,4.072656250000000000e+01
2.344400000000000261e+02,4.030468750000000000e+01
2.344800000000000182e+02,4.075000000000000000e+01
2.345200000000000102e+02,4.069531250000000711e+01
2.345600000000000307e+02,4.017187500000000000e+01
2.346000000000000227e+02,3.995312500000000000e+01
2.346400000000000432e+02,4.025000000000000000e+01
2.346800000000000352e+02,3.960156250000000000e+01
2.347199999999999989e+02,4.008593750000000000e+01
2.347600000000000477e+02,4.003125000000000000e+01
2.348000000000000114e+02,4.055468750000000000e+01
2.348400000000000034e+02,4.042968750000000000e+01
2.348800000000000239e+02,4.047656250000000000e+01
2.349200000000000159e+02,4.012500000000000000e+01
2.349600000000000364e+02,4.019531250000000711e+01
2.350000000000000284e+02,4.031250000000000000e+01
2.350399999999999920e+02,4.071875000000000000e+01
2.350800000000000409e+02,4.031250000000000000e+01
2.351200000000000045e+02,4.060156250000000000e+01
2.351599999999999966e+02,4.069531250000000711e+01
2.352000000000000171e+02,4.032812500000000000e+01
2.352400000000000091e+02,4.007031250000000000e+01
2.352800000000000296e+02,3.997656250000000000e+01
2.353200000000000216e+02,4.014843750000000000e+01
2.353599999999999852e+02,4.046093750000000000e+01
2.354000000000000341e+02,4.040625000000000000e+01
2.354399999999999977e+02,4.039062500000000000e+01
2.354800000000000466e+02,4.072656250000000000e+01
2.355200000000000102e+02,4.100000000000000000e+01
2.355600000000000023e+02,4.017187500000000000e+01
2.356000000000000227e+02,4.043750000000000000e+01
2.356400000000000148e+02,4.057812500000000000e+01
2.356800000000000068e+02,4.046875000000000000e+01
2.357200000000000273e+02,4.025000000000000000e+01
2.357600000000000193e+02,4.042968750000000000e+01
2.358000000000000398e+02,4.070312500000000000e+01
2.358400000000000318e+02,4.053125000000000000e+01
2.358799999999999955e+02,4.011718750000000000e+01
2.359200000000000443e+02,4.077343750000000000e+01
2.359600000000000080e+02,4.062500000000000000e+01
2.360000000000000568e+02,4.014062500000000000e+01
2.360400000000000205e+02,3.956250000000000000e+01
2.360800000000000125e+02,3.958593750000000000e+01
2.361200000000000330e+02,4.045312500000000000e+01
2.361600000000000250e+02,4.019531250000000711e+01
2.361999999999999886e+02,4.021875000000000000e+01
2.362400000000000375e+02,4.049218750000000000e+01
2.362800000000000011e+02,4.037500000000000000e+01
2.363200000000000500e+02,4.029687500000000000e+01
2.363600000000000136e+02,4.031250000000000000e+01
2.364000000000000057e+02,4.082812500000000000e+01
2.364400000000000261e+02,4.003906250000000000e+01
2.364800000000000182e+02,4.053906250000000000e+01
2.365199999999999818e+02,4.057812500000000000e+01
2.365600000000000307e+02,4.013281250000000000e+01
2.365999999999999943e+02,4.020312500000000000e+01
2.366400000000000432e+02,4.053125000000000000e+01
2.366800000000000068e+02,4.051562500000000000e+01
2.367199999999999989e+02,4.033593750000000000e+01
2.367600000000000193e+02,4.108593750000000000e+01
2.368000000000000114e+02,4.084375000000000000e+01
2.368400000000000318e+02,4.023437500000000000e+01
2.368800000000000239e+02,4.035156250000000000e+01
2.369199999999999875e+02,4.025781250000000711e+01
2.369600000000000364e+02,4.020312500000000000e+01
2.370000000000000284e+02,4.035156250000000000e+01
2.370399999999999920e+02,4.051562500000000000e+01
2.370800000000000409e+02,4.033593750000000000e+01
2.371200000000000045e+02,4.035937500000000000e+01
2.371600000000000534e+02,4.014843750000000000e+01
2.372000000000000171e+02,3.975781250000000000e+01
2.372400000000000091e+02,4.020312500000000000e+01
2.372800000000000296e+02,4.071093750000000000e+01
2.373200000000000216e+02,4.022656250000000000e+01
2.373600000000000421e+02,4.082031250000000711e+01
2.374000000000000341e+02,4.039062500000000000e+01
2.374399999999999977e+02,4.031250000000000000e+01
2.374800000000000466e+02,4.006250000000000000e+01
2.375200000000000102e+02,4.025781250000000711e+01
2.375600000000000023e+02,4.028125000000000000e+01
2.376000000000000227e+02,4.009375000000000000e+01
2.376400000000000148e+02,4.023437500000000000e+01
2.376800000000000352e+02,4.081250000000000000e+01
2.377200000000000273e+02,3.964062500000000000e+01
2.377599999999999909e+02,4.061718750000000000e+01
2.378000000000000398e+02,4.043750000000000000e+01
2.378400000000000034e+02,4.053906250000000000e+01
2.378799999999999955e+02,4.020312500000000000e+01
2.379200000000000159e+02,3.992187500000000000e+01
2.379600000000000080e+02,3.978906250000000000e+01
2.380000000000000284e+02,4.075781250000000711e+01
2.380400000000000205e+02,4.016406250000000000e+01
2.380799999999999841e+02,4.080468750000000000e+01
2.381200000000000330e+02,4.081250000000000000e+01
2.381599999999999966e+02,4.007812500000000000e+01
2.382000000000000455e+02,4.056250000000000000e+01
2.382400000000000091e+02,4.053125000000000000e+01
2.382800000000000011e+02,4.014843750000000000e+01
2.383200000000000216e+02,4.044531250000000711e+01
2.383600000000000136e+02,4.002343750000000000e+01
2.384000000000000057e+02,4.022656250000000000e+01
2.384400000000000261e+02,4.026562500000000000e+01
2.384800000000000182e+02,4.046093750000000000e+01
2.385200000000000387e+02,4.021875000000000000e+01
2.385600000000000307e+02,4.003906250000000000e+01
2.385999999999999943e+02,4.001562500000000000e+01
2.386400000000000432e+02,4.082812500000000000e+01
2.386800000000000068e+02,4.000000000000000000e+01
2.387199999999999989e+02,4.044531250000000711e+01
2.387600000000000193e+02,4.032812500000000000e+01
2.388000000000000114e+02,4.042968750000000000e+01
2.388400000000000318e+02,4.034375000000000000e+01
2.388800000000000239e+02,4.054687500000000000e+01
2.389199999999999875e+02,4.019531250000000711e+01
2.389600000000000364e+02,4.037500000000000000e+01
2.390000000000000000e+02,4.053906250000000000e+01
2.390400000000000489e+02,4.008593750000000000e+01
2.390800000000000125e+02,4.033593750000000000e+01
2.391200000000000045e+02,3.974218750000000000e+01
2.391600000000000250e+02,4.103906250000000000e+01
2.392000000000000171e+02,4.058593750000000000e+01
2.392399999999999807e+02,4.033593750000000000e+01
2.392800000000000296e+02,4.042968750000000000e+01
2.393199999999999932e+02,3.982812500000000000e+01
2.393600000000000421e+02,4.021093750000000000e+01
2.394000000000000057e+02,4.035156250000000000e+01
2.394399999999999977e+02,4.042187500000000000e+01
2.394800000000000182e+02,4.033593750000000000e+01
2.395200000000000102e+02,4.088281250000000711e+01
2.395600000000000307e+02,4.079687500000000000e+01
2.396000000000000227e+02,4.031250000000000000e+01
2.396400000000000148e+02,4.049218750000000000e+01
2.396800000000000352e+02,4.042968750000000000e+01
2.397200000000000273e+02,3.985156250000000000e+01
2.397599999999999909e+02,4.045312500000000000e+01
2.398000000000000398e+02,4.076562500000000000e+01
2.398400000000000034e+02,4.023437500000000000e+01
2.398800000000000523e+02,4.071875000000000000e+01
2.399200000000000159e+02,4.092187500000000000e+01
2.399600000000000080e+02,4.092968750000000000e+01
2.400000000000000284e+02,4.002343750000000000e+01
2.400400000000000205e+02,4.042968750000000000e+01
2.400799999999999841e+02,4.010156250000000000e+01
2.401200000000000330e+02,4.014062500000000000e+01
2.401599999999999966e+02,4.028906250000000000e+01
2.402000000000000455e+02,4.052343750000000000e+01
2.402400000000000091e+02,4.046875000000000000e+01
2.402800000000000011e+02,4.092968750000000000e+01
2.403200000000000216e+02,4.067968750000000000e+01
2.403600000000000136e+02,4.071093750000000000e+01
2.404000000000000341e+02,4.031250000000000000e+01
2.404400000000000261e+02,4.012500000000000000e+01
2.404799999999999898e+02,4.018750000000000000e+01
2.405200000000000387e+02,4.050781250000000711e+01
2.405600000000000023e+02,4.049218750000000000e+01
2.405999999999999943e+02,4.009375000000000000e+01
2.406400000000000148e+02,4.067187500000000000e+01
2.406800000000000068e+02,4.070312500000000000e+01
2.407200000000000273e+02,4.042968750000000000e+01
2.407600000000000193e+02,4.085156250000000000e+01
2.408000000000000114e+02,4.035937500000000000e+01
2.408400000000000318e+02,4.062500000000000000e+01
2.408800000000000239e+02,3.999218750000000000e+01
2.409200000000000443e+02,4.055468750000000000e+01
2.409600000000000364e+02,4.026562500000000000e+01
2.410000000000000000e+02,4.069531250000000711e+01
2.410400000000000489e+02,4.014843750000000000e+01
2.410800000000000125e+02,4.053906250000000000e+01
2.411200000000000045e+02,4.096875000000000000e+01
2.411600000000000250e+02,4.064843750000000000e+01
2.412000000000000171e+02,3.991406250000000000e+01
2.412400000000000375e+02,4.017968750000000000e+01
2.412800000000000296e+02,3.998437500000000000e+01
2.413199999999999932e+02,4.057031250000000711e+01
2.413600000000000421e+02,4.028125000000000000e+01
2.414000000000000057e+02,4.116406250000000000e+01
2.414399999999999977e+02,4.074218750000000000e+01
2.414800000000000182e+02,4.079687500000000000e+01
2.415200000000000102e+02,4.036718750000000000e+01
2.415600000000000307e+02,4.060937500000000000e+01
2.416000000000000227e+02,4.045312500000000000e+01
2.416399999999999864e+02,4.096875000000000000e+01
2.416800000000000352e+02,4.046093750000000000e+01
2.417199999999999989e+02,4.032031250000000711e+01
2.417600000000000477e+02,4.112500000000000000e+01
2.418000000000000114e+02,4.068750000000000000e+01
2.418400000000000034e+02,4.019531250000000711e+01
2.418800000000000239e+02,4.057812500000000000e+01
2.419200000000000159e+02,4.063281250000000711e+01
2.419600000000000080e+02,4.023437500000000000e+01
2.420000000000000284e+02,4.051562500000000000e+01
2.420400000000000205e+02,4.056250000000000000e+01
2.420800000000000409e+02,4.071875000000000000e+01
2.421200000000000330e+02,4.075000000000000000e+01
2.421599999999999966e+02,4.068750000000000000e+01
2.422000000000000455e+02,4.051562500000000000e+01
2.422400000000000091e+02,4.040625000000000000e+01
2.422800000000000011e+02,4.059375000000000000e+01
2.423200000000000216e+02,4.067187500000000000e+01
2.423600000000000136e+02,4.028125000000000000e+01
2.424000000000000341e+02,4.072656250000000000e+01
2.424400000000000261e+02,4.134375000000000000e+01
2.424799999999999898e+02,4.061718750000000000e+01
2.425200000000000387e+02,4.046093750000000000e+01
2.425600000000000023e+02,4.023437500000000000e+01
2.426000000000000512e+02,4.014062500000000000e+01
2.426400000000000148e+02,4.044531250000000711e+01
2.426800000000000068e+02,4.060937500000000000e+01
2.427200000000000273e+02,4.042187500000000000e+01
2.427600000000000193e+02,4.029687500000000000e+01
2.427999999999999829e+02,4.075781250000000711e+01
2.428400000000000318e+02,4.038281250000000711e+01
2.428799999999999955e+02,4.034375000000000000e+01
2.429200000000000443e+02,4.027343750000000000e+01
2.429600000000000080e+02,4.020312500000000000e+01
2.430000000000000000e+02,4.099218750000000000e+01
2.430400000000000205e+02,4.117968750000000000e+01
2.430800000000000125e+02,4.055468750000000000e+01
2.431200000000000330e+02,4.035937500000000000e+01
2.431600000000000250e+02,4.071875000000000000e+01
2.431999999999999886e+02,4.032812500000000000e+01
2.432400000000000375e+02,3.996093750000000000e+01
2.432800000000000011e+02,4.032812500000000000e+01
2.433199999999999932e+02,4.080468750000000000e+01
2.433600000000000421e+02,4.031250000000000000e+01
2.434000000000000057e+02,4.035156250000000000e+01
2.434400000000000546e+02,4.058593750000000000e+01
2.434800000000000182e+02,4.024218750000000000e+01
2.435200000000000102e+02,4.052343750000000000e+01
2.435600000000000307e+02,4.092968750000000000e+01
2.436000000000000227e+02,4.104687500000000000e+01
2.436399999999999864e+02,4.032031250000000711e+01
2.436800000000000352e+02,4.065625000000000000e+01
2.437199999999999989e+02,4.067968750000000000e+01
2.437600000000000477e+02,4.030468750000000000e+01
2.438000000000000114e+02,4.022656250000000000e+01
2.438400000000000034e+02,4.075000000000000000e+01
2.438800000000000239e+02,4.078906250000000000e+01
2.439200000000000159e+02,4.017187500000000000e+01
2.439600000000000364e+02,4.019531250000000711e+01
2.440000000000000284e+02,3.975000000000000000e+01
2.440399999999999920e+02,4.070312500000000000e+01
2.440800000000000409e+02,4.048437500000000000e+01
2.441200000000000045e+02,4.061718750000000000e+01
2.441599999999999966e+02,4.129687500000000711e+01
2.442000000000000171e+02,4.036718750000000000e+01
2.442400000000000091e+02,4.054687500000000000e+01
2.442800000000000296e+02,4.072656250000000000e+01
2.443200000000000216e+02,4.088281250000000711e+01
2.443599999999999852e+02,4.078906250000000000e+01
2.444000000000000341e+02,4.062500000000000000e+01
2.444399999999999977e+02,4.003125000000000000e+01
2.444800000000000466e+02,4.083593750000000000e+01
2.445200000000000102e+02,4.024218750000000000e+01
2.445600000000000023e+02,4.035937500000000000e+01
2.446000000000000227e+02,4.040625000000000000e+01
2.446400000000000148e+02,4.070312500000000000e+01
2.446800000000000068e+02,4.022656250000000000e+01
2.447200000000000273e+02,4.055468750000000000e+01
2.447600000000000193e+02,4.022656250000000000e+01
2.448000000000000398e+02,4.057812500000000000e+01
2.448400000000000318e+02,4.065625000000000000e+01
2.448799999999999955e+02,4.103906250000000000e+01
2.449200000000000443e+02,4.015625000000000000e+01
2.449600000000000080e+02,4.049218750000000000e+01
2.450000000000000000e+02,4.074218750000000000e+01
2.450400000000000205e+02,4.053906250000000000e+01
2.450800000000000125e+02,4.057812500000000000e+01
2.451200000000000330e+02,4.035937500000000000e+01
2.451600000000000250e+02,4.081250000000000000e+01
2.451999999999999886e+02,4.017968750000000000e+01
2.452400000000000375e+02,4.024218750000000000e+01
2.452800000000000011e+02,4.084375000000000000e+01
2.453200000000000500e+02,4.062500000000000000e+01
2.453600000000000136e+02,4.028125000000000000e+01
2.454000000000000057e+02,4.073437500000000000e+01
2.454400000000000261e+02,4.025000000000000000e+01
2.454800000000000182e+02,4.065625000000000000e+01
2.455199999999999818e+02,4.124218750000000000e+01
2.455600000000000307e+02,4.028125000000000000e+01
2.455999999999999943e+02,4.046093750000000000e+01
2.456400000000000432e+02,4.019531250000000711e+01
2.456800000000000068e+02,4.093750000000000000e+01
2.457199999999999989e+02,4.083593750000000000e+01
2.457600000000000193e+02,4.089843750000000000e+01
2.458000000000000114e+02,4.080468750000000000e+01
2.458400000000000318e+02,4.088281250000000711e+01
2.458800000000000239e+02,4.033593750000000000e+01
2.459200000000000159e+02,4.061718750000000000e+01
2.459600000000000364e+02,4.087500000000000000e+01
2.460000000000000284e+02,4.088281250000000711e+01
2.460399999999999920e+02,4.086718750000000000e+01
2.460800000000000409e+02,4.008593750000000000e+01
2.461200000000000045e+02,4.078125000000000000e+01
2.461600000000000534e+02,4.059375000000000000e+01
2.462000000000000171e+02,4.014843750000000000e+01
2.462400000000000091e+02,4.089843750000000000e+01
2.462800000000000296e+02,4.080468750000000000e+01
2.463200000000000216e+02,4.109375000000000000e+01
2.463599999999999852e+02,4.045312500000000000e+01
2.464000000000000341e+02,4.063281250000000711e+01
2.464399999999999977e+02,4.053125000000000000e+01
2.464800000000000466e+02,4.032812500000000000e+01
2.465200000000000102e+02,4.069531250000000711e+01
2.465600000000000023e+02,4.097656250000000000e+01
2.466000000000000227e+02,4.074218750000000000e+01
2.466400000000000148e+02,4.100000000000000000e+01
2.466800000000000352e+02,4.082031250000000711e+01
2.467200000000000273e+02,4.100781250000000000e+01
2.467599999999999909e+02,4.067187500000000000e+01
2.468000000000000398e+02,4.087500000000000000e+01
2.468400000000000034e+02,4.030468750000000000e+01
2.468799999999999955e+02,4.078125000000000000e+01
2.469200000000000159e+02,4.019531250000000711e+01
2.469600000000000080e+02,4.033593750000000000e+01
2.470000000000000284e+02,4.071093750000000000e+01
2.470400000000000205e+02,4.057031250000000711e+01
2.470800000000000125e+02,4.067968750000000000e+01
2.471200000000000330e+02,4.068750000000000000e+01
2.471600000000000250e+02,4.036718750000000000e+01
2.471999999999999886e+02,4.116406250000000000e+01
2.472400000000000375e+02,4.053906250000000000e+01
2.472800000000000011e+02,4.050000000000000000e+01
2.473200000000000500e+02,4.077343750000000000e+01
2.473600000000000136e+02,4.049218750000000000e+01
2.474000000000000057e+02,4.105468750000000000e+01
2.474400000000000261e+02,4.033593750000000000e+01
2.474800000000000182e+02,4.117187500000000711e+01
2.475200000000000387e+02,4.036718750000000000e+01
2.475600000000000307e+02,4.066406250000000000e+01
2.475999999999999943e+02,4.055468750000000000e+01
2.476400000000000432e+02,4.020312500000000000e+01
2.476800000000000068e+02,4.059375000000000000e+01
2.477199999999999989e+02,4.127343750000000000e+01
2.477600000000000193e+02,4.022656250000000000e+01
2.478000000000000114e+02,4.107031250000000000e+01
2.478400000000000318e+02,4.075781250000000711e+01
2.478800000000000239e+02,4.110156250000000000e+01
2.479199999999999875e+02,4.063281250000000711e+01
2.479600000000000364e+02,4.071875000000000000e+01
2.480000000000000000e+02,4.106250000000000000e+01
2.480400000000000489e+02,4.089843750000000000e+01
2.480800000000000125e+02,4.057031250000000711e+01
2.481200000000000045e+02,4.037500000000000000e+01
2.481600000000000250e+02,4.073437500000000000e+01
2.482000000000000171e+02,4.090625000000000000e+01
2.482400000000000091e+02,4.040625000000000000e+01
2.482800000000000296e+02,4.035156250000000000e+01
2.483200000000000216e+02,4.095312500000000000e+01
2.483600000000000421e+02,4.092187500000000000e+01
2.484000000000000341e+02,4.042187500000000000e+01
2.484399999999999977e+02,4.105468750000000000e+01
2.484800000000000466e+02,4.135156250000000000e+01
2.485200000000000102e+02,4.050000000000000000e+01
2.485600000000000023e+02,4.077343750000000000e+01
2.486000000000000227e+02,4.089843750000000000e+01
2.486400000000000148e+02,4.020312500000000000e+01
2.486800000000000352e+02,4.088281250000000711e+01
2.487200000000000273e+02,4.067968750000000000e+01
2.487599999999999909e+02,4.088281250000000711e+01
2.488000000000000398e+02,4.046093750000000000e+01
2.488400000000000034e+02,4.082812500000000000e+01
2.488800000000000523e+02,4.039843750000000000e+01
2.489200000000000159e+02,4.081250000000000000e+01
2.489600000000000080e+02,4.070312500000000000e+01
2.490000000000000284e+02,4.114062500000000000e+01
2.490400000000000205e+02,4.084375000000000000e+01
2.490799999999999841e+02,4.087500000000000000e+01
2.491200000000000330e+02,4.042968750000000000e+01
2.491599999999999966e+02,4.075781250000000711e+01
2.492000000000000455e+02,4.027343750000000000e+01
2.492400000000000091e+02,4.071875000000000000e+01
2.492800000000000011e+02,4.105468750000000000e+01
2.493200000000000216e+02,4.111718750000000000e+01
2.493600000000000136e+02,4.050781250000000711e+01
2.494000000000000341e+02,4.108593750000000000e+01
2.494400000000000261e+02,4.062500000000000000e+01
2.494799999999999898e+02,4.071875000000000000e+01
2.495200000000000387e+02,4.090625000000000000e+01
2.495600000000000023e+02,4.165625000000000000e+01
2.495999999999999943e+02,4.096093750000000000e+01
2.496400000000000148e+02,4.102343750000000000e+01
2.496800000000000068e+02,4.089843750000000000e+01
2.497200000000000557e+02,4.035156250000000000e+01
2.497600000000000193e+02,4.050000000000000000e+01
2.498000000000000114e+02,4.071093750000000000e+01
2.498400000000000318e+02,4.066406250000000000e+01
2.498800000000000239e+02,4.083593750000000000e+01
2.499199999999999875e+02,4.064062500000000000e+01
2.499600000000000364e+02,4.073437500000000000e+01
2.500000000000000000e+02,4.115625000000000000e+01
2.500400000000000489e+02,4.086718750000000000e+01
2.500800000000000125e+02,4.129687500000000711e+01
2.501200000000000045e+02,4.139062500000000000e+01
2.501600000000000250e+02,4.112500000000000000e+01
2.502000000000000171e+02,4.101562500000000000e+01
2.502400000000000375e+02,4.122656250000000000e+01
2.502800000000000296e+02,4.096093750000000000e+01
2.503199999999999932e+02,4.138281250000000000e+01
2.503600000000000421e+02,4.092187500000000000e+01
2.504000000000000057e+02,4.083593750000000000e+01
2.504399999999999977e+02,4.072656250000000000e+01
2.504800000000000182e+02,4.120312500000000000e+01
2.505200000000000102e+02,4.114843750000000000e+01
2.505600000000000307e+02,4.098437500000000000e+01
2.506000000000000227e+02,4.041406250000000000e+01
2.506399999999999864e+02,4.072656250000000000e+01
2.506800000000000352e+02,4.039062500000000000e+01
2.507199999999999989e+02,4.065625000000000000e+01
2.507600000000000477e+02,4.157812500000000000e+01
2.508000000000000114e+02,4.084375000000000000e+01
2.508400000000000034e+02,4.068750000000000000e+01
2.508800000000000239e+02,4.047656250000000000e+01
2.509200000000000159e+02,4.082812500000000000e+01
2.509600000000000080e+02,4.085156250000000000e+01
2.510000000000000284e+02,4.082031250000000711e+01
2.510400000000000205e+02,4.058593750000000000e+01
2.510800000000000409e+02,4.082812500000000000e+01
2.511200000000000330e+02,4.100781250000000000e+01
2.511599999999999966e+02,4.071875000000000000e+01
2.512000000000000455e+02,4.014062500000000000e+01
2.512400000000000091e+02,4.089843750000000000e+01
2.512800000000000011e+02,4.076562500000000000e+01
2.513200000000000216e+02,4.081250000000000000e+01
2.513600000000000136e+02,4.096093750000000000e+01
2.514000000000000341e+02,4.058593750000000000e+01
2.514400000000000261e+02,4.111718750000000000e+01
2.514799999999999898e+02,4.039843750000000000e+01
2.515200000000000387e+02,4.083593750000000000e+01
2.515600000000000023e+02,4.064843750000000000e+01
2.516000000000000512e+02,4.060156250000000000e+01
2.516400000000000148e+02,4.060937500000000000e+01
2.516800000000000068e+02,4.113281250000000000e+01
2.517200000000000273e+02,4.060156250000000000e+01
2.517600000000000193e+02,4.111718750000000000e+01
2.517999999999999829e+02,4.067187500000000000e+01
2.518400000000000318e+02,4.096093750000000000e+01
2.518799999999999955e+02,4.052343750000000000e+01
2.519200000000000443e+02,4.025781250000000711e+01
2.519600000000000080e+02,4.063281250000000711e+01
2.520000000000000000e+02,4.116406250000000000e+01
2.520400000000000205e+02,4.128906250000000000e+01
2.520800000000000125e+02,4.147656250000000000e+01
2.521200000000000045e+02,4.102343750000000000e+01
2.521600000000000250e+02,4.106250000000000000e+01
2.522000000000000171e+02,4.058593750000000000e+01
2.522400000000000375e+02,4.098437500000000000e+01
2.522800000000000296e+02,4.082031250000000711e+01
2.523199999999999932e+02,4.089062500000000000e+01
2.523600000000000421e+02,4.065625000000000000e+01
2.524000000000000057e+02,4.069531250000000711e+01
2.524400000000000546e+02,4.099218750000000000e+01
2.524800000000000182e+02,4.050781250000000711e+01
2.525200000000000102e+02,4.077343750000000000e+01
2.525600000000000307e+02,4.125781250000000000e+01
2.526000000000000227e+02,4.096093750000000000e+01
2.526399999999999864e+02,4.129687500000000711e+01
2.526800000000000352e+02,4.091406250000000000e+01
2.527199999999999989e+02,4.122656250000000000e+01
2.527600000000000477e+02,4.070312500000000000e+01
2.528000000000000114e+02,4.110156250000000000e+01
2.528400000000000034e+02,4.057812500000000000e+01
2.528800000000000239e+02,4.137500000000000000e+01
2.529200000000000159e+02,4.074218750000000000e+01
2.529600000000000364e+02,4.085156250000000000e+01
2.530000000000000284e+02,4.072656250000000000e+01
2.530399999999999920e+02,4.046093750000000000e+01
2.530800000000000409e+02,4.155468750000000000e+01
2.531200000000000045e+02,4.129687500000000711e+01
2.531599999999999966e+02,4.098437500000000000e+01
2.532000000000000171e+02,4.125000000000000000e+01
2.532400000000000091e+02,4.071093750000000000e+01
2.532800000000000296e+02,4.082031250000000711e+01
2.533200000000000216e+02,4.039062500000000000e+01
2.533600000000000136e+02,4.100000000000000000e+01
2.534000000000000341e+02,4.028906250000000000e+01
2.534400000000000261e+02,4.089843750000000000e+01
2.534799999999999898e+02,4.061718750000000000e+01
2.535200000000000387e+02,4.167187500000000711e+01
2.535600000000000023e+02,4.082031250000000711e+01
2.536000000000000512e+02,4.125000000000000000e+01
2.536400000000000148e+02,4.081250000000000000e+01
2.536800000000000068e+02,4.046093750000000000e+01
2.537200000000000273e+02,4.048437500000000000e+01
2.537600000000000193e+02,4.088281250000000711e+01
2.538000000000000398e+02,4.082031250000000711e+01
2.538400000000000318e+02,4.079687500000000000e+01
2.538799999999999955e+02,4.110937500000000000e+01
2.539200000000000443e+02,4.121875000000000000e+01
2.539600000000000080e+02,4.095312500000000000e+01
2.540000000000000000e+02,4.078125000000000000e+01
2.540400000000000205e+02,4.092968750000000000e+01
2.540800000000000125e+02,4.115625000000000000e+01
2.541200000000000330e+02,4.106250000000000000e+01
2.541600000000000250e+02,4.095312500000000000e+01
2.541999999999999886e+02,4.103125000000000000e+01
2.542400000000000375e+02,4.124218750000000000e+01
2.542800000000000011e+02,4.138281250000000000e+01
2.543200000000000500e+02,4.094531250000000711e+01
2.543600000000000136e+02,4.085156250000000000e+01
2.544000000000000057e+02,4.053906250000000000e+01
2.544400000000000261e+02,4.104687500000000000e+01
2.544800000000000182e+02,4.100781250000000000e+01
2.545199999999999818e+02,4.080468750000000000e+01
2.545600000000000307e+02,4.075000000000000000e+01
2.546000000000000227e+02,4.089062500000000000e+01
2.546400000000000432e+02,4.066406250000000000e+01
2.546800000000000352e+02,4.117968750000000000e+01
2.547199999999999989e+02,4.089843750000000000e+01
2.547600000000000477e+02,4.060156250000000000e+01
2.548000000000000114e+02,4.073437500000000000e+01
2.548400000000000034e+02,4.107031250000000000e+01
2.548800000000000239e+02,4.120312500000000000e+01
2.549200000000000159e+02,4.096875000000000000e+01
2.549600000000000364e+02,4.102343750000000000e+01
2.550000000000000284e+02,4.107812500000000000e+01
2.550399999999999920e+02,4.067968750000000000e+01
2.550800000000000409e+02,4.092968750000000000e+01
2.551200000000000045e+02,4.105468750000000000e+01
2.551600000000000534e+02,4.085937500000000000e+01
2.552000000000000171e+02,4.119531250000000000e+01
2.552400000000000091e+02,4.109375000000000000e+01
2.552800000000000296e+02,4.142968750000000000e+01
2.553200000000000216e+02,4.093750000000000000e+01
2.553599999999999852e+02,4.103125000000000000e+01
2.554000000000000341e+02,4.101562500000000000e+01
2.554399999999999977e+02,4.107812500000000000e+01
2.554800000000000466e+02,4.147656250000000000e+01
2.555200000000000102e+02,4.088281250000000711e+01
2.555600000000000023e+02,4.082031250000000711e+01
2.556000000000000227e+02,4.046875000000000000e+01
2.556400000000000148e+02,4.127343750000000000e+01
2.556799999999999784e+02,4.085937500000000000e+01
2.557200000000000273e+02,4.051562500000000000e+01
2.557599999999999909e+02,4.074218750000000000e+01
2.558000000000000398e+02,4.096093750000000000e+01
2.558400000000000034e+02,4.087500000000000000e+01
2.558799999999999955e+02,4.106250000000000000e+01
2.559200000000000159e+02,4.102343750000000000e+01
2.559600000000000080e+02,4.060937500000000000e+01
2.560000000000000568e+02,4.099218750000000000e+01
2.560400000000000205e+02,4.079687500000000000e+01
2.560799999999999841e+02,4.100000000000000000e+01
2.561200000000000614e+02,4.128125000000000000e+01
2.561600000000000250e+02,4.074218750000000000e+01
2.561999999999999886e+02,4.099218750000000000e+01
2.562400000000000091e+02,4.096875000000000000e+01
2.562800000000000296e+02,4.111718750000000000e+01
2.563200000000000500e+02,4.092968750000000000e+01
2.563600000000000136e+02,4.092187500000000000e+01
2.563999999999999773e+02,4.086718750000000000e+01
2.564400000000000546e+02,4.070312500000000000e+01
2.564800000000000182e+02,4.107031250000000000e+01
2.565200000000000387e+02,4.114062500000000000e+01
2.565600000000000023e+02,4.095312500000000000e+01
2.566000000000000227e+02,4.100000000000000000e+01
2.566400000000000432e+02,4.123437500000000711e+01
2.566800000000000068e+02,4.138281250000000000e+01
2.567199999999999704e+02,4.075000000000000000e+01
2.567600000000000477e+02,4.106250000000000000e+01
2.568000000000000114e+02,4.096093750000000000e+01
2.568400000000000318e+02,4.155468750000000000e+01
2.568799999999999955e+02,4.150000000000000000e+01
2.569200000000000159e+02,4.162500000000000000e+01
2.569600000000000364e+02,4.133593750000000000e+01
2.570000000000000000e+02,4.092187500000000000e+01
2.570399999999999636e+02,4.099218750000000000e+01
2.570800000000000409e+02,4.096875000000000000e+01
2.571200000000000045e+02,4.049218750000000000e+01
2.571600000000000250e+02,4.094531250000000711e+01
2.572000000000000455e+02,4.116406250000000000e+01
2.572400000000000091e+02,4.103125000000000000e+01
2.572800000000000296e+02,4.160937500000000711e+01
2.573199999999999932e+02,4.125781250000000000e+01
2.573600000000000705e+02,4.072656250000000000e+01
2.574000000000000341e+02,4.110937500000000000e+01
2.574399999999999977e+02,4.136718750000000000e+01
2.574800000000000182e+02,4.165625000000000000e+01
2.575200000000000387e+02,4.063281250000000711e+01
2.575600000000000023e+02,4.103906250000000000e+01
2.576000000000000227e+02,4.161718750000000000e+01
2.576399999999999864e+02,4.131250000000000000e+01
2.576800000000000637e+02,4.098437500000000000e+01
2.577200000000000273e+02,4.110156250000000000e+01
2.577599999999999909e+02,4.103906250000000000e+01
2.578000000000000114e+02,4.121093750000000000e+01
2.578400000000000318e+02,4.094531250000000711e+01
2.578800000000000523e+02,4.122656250000000000e+01
2.579200000000000159e+02,4.119531250000000000e+01
2.579599999999999795e+02,4.114062500000000000e+01
2.580000000000000568e+02,4.100781250000000000e+01
2.580400000000000205e+02,4.118750000000000000e+01
2.580799999999999841e+02,4.133593750000000000e+01
2.581200000000000045e+02,4.116406250000000000e+01
2.581600000000000250e+02,4.114062500000000000e+01
2.582000000000000455e+02,4.092968750000000000e+01
2.582400000000000091e+02,4.064062500000000000e+01
2.582799999999999727e+02,4.156250000000000000e+01
2.583200000000000500e+02,4.078906250000000000e+01
2.583600000000000136e+02,4.101562500000000000e+01
2.583999999999999773e+02,4.174218750000000000e+01
2.584399999999999977e+02,4.122656250000000000e+01
2.584800000000000182e+02,4.139062500000000000e+01
2.585200000000000387e+02,4.113281250000000000e+01
2.585600000000000023e+02,4.118750000000000000e+01
2.586000000000000227e+02,4.097656250000000000e+01
2.586400000000000432e+02,4.100781250000000000e+01
2.586800000000000068e+02,4.096093750000000000e+01
2.587200000000000273e+02,4.132031250000000000e+01
2.587600000000000477e+02,4.159375000000000000e+01
2.588000000000000114e+02,4.089062500000000000e+01
2.588400000000000318e+02,4.168750000000000000e+01
2.588799999999999955e+02,4.154687500000000711e+01
2.589200000000000159e+02,4.098437500000000000e+01
2.589600000000000364e+02,4.110156250000000000e+01
2.590000000000000000e+02,4.091406250000000000e+01
2.590400000000000205e+02,4.135156250000000000e+01
2.590800000000000409e+02,4.082031250000000711e+01
2.591200000000000045e+02,4.078125000000000000e+01
2.591600000000000250e+02,4.135937500000000711e+01
2.591999999999999886e+02,4.096875000000000000e+01
2.592400000000000659e+02,4.128906250000000000e+01
2.592800000000000296e+02,4.132031250000000000e+01
2.593199999999999932e+02,4.182812500000000000e+01
2.593600000000000136e+02,4.132812500000000000e+01
2.594000000000000341e+02,4.120312500000000000e+01
2.594399999999999977e+02,4.135937500000000711e+01
2.594800000000000182e+02,4.149218750000000000e+01
2.595199999999999818e+02,4.069531250000000711e+01
2.595600000000000591e+02,4.079687500000000000e+01
2.596000000000000227e+02,4.100000000000000000e+01
2.596399999999999864e+02,4.133593750000000000e+01
2.596800000000000068e+02,4.164062500000000000e+01
2.597200000000000273e+02,4.106250000000000000e+01
2.597599999999999909e+02,4.131250000000000000e+01
2.598000000000000114e+02,4.078906250000000000e+01
2.598400000000000318e+02,4.100781250000000000e+01
2.598800000000000523e+02,4.162500000000000000e+01
2.599200000000000159e+02,4.110937500000000000e+01
2.599599999999999795e+02,4.125781250000000000e+01
2.600000000000000568e+02,4.146093750000000000e+01
2.600400000000000205e+02,4.100781250000000000e+01
2.600800000000000409e+02,4.128125000000000000e+01
2.601200000000000045e+02,4.094531250000000711e+01
2.601600000000000250e+02,4.132812500000000000e+01
2.602000000000000455e+02,4.142187500000000711e+01
2.602400000000000091e+02,4.152343750000000000e+01
2.602799999999999727e+02,4.106250000000000000e+01
2.603200000000000500e+02,4.133593750000000000e+01
2.603600000000000136e+02,4.135937500000000711e+01
2.604000000000000341e+02,4.119531250000000000e+01
2.604399999999999977e+02,4.085156250000000000e+01
2.604800000000000182e+02,4.121875000000000000e+01
2.605200000000000387e+02,4.132812500000000000e+01
2.605600000000000023e+02,4.083593750000000000e+01
2.605999999999999659e+02,4.119531250000000000e+01
2.606400000000000432e+02,4.085937500000000000e+01
2.606800000000000068e+02,4.132031250000000000e+01
2.607200000000000273e+02,4.128906250000000000e+01
2.607599999999999909e+02,4.120312500000000000e+01
2.608000000000000114e+02,4.128125000000000000e+01
2.608400000000000318e+02,4.107812500000000000e+01
2.608799999999999955e+02,4.099218750000000000e+01
2.609200000000000159e+02,4.131250000000000000e+01
2.609600000000000364e+02,4.142187500000000711e+01
2.610000000000000000e+02,4.161718750000000000e+01
2.610400000000000205e+02,4.068750000000000000e+01
2.610800000000000409e+02,4.091406250000000000e+01
2.611200000000000045e+02,4.106250000000000000e+01
2.611600000000000250e+02,4.104687500000000000e+01
2.611999999999999886e+02,4.150000000000000000e+01
2.612400000000000659e+02,4.123437500000000711e+01
2.612800000000000296e+02,4.132812500000000000e+01
2.613199999999999932e+02,4.125781250000000000e+01
2.613600000000000136e+02,4.150000000000000000e+01
2.614000000000000341e+02,4.142187500000000711e+01
2.614400000000000546e+02,4.167968750000000000e+01
2.614800000000000182e+02,4.116406250000000000e+01
2.615199999999999818e+02,4.122656250000000000e+01
2.615600000000000591e+02,4.136718750000000000e+01
2.616000000000000227e+02,4.076562500000000000e+01
2.616399999999999864e+02,4.098437500000000000e+01
2.616800000000000068e+02,4.159375000000000000e+01
2.617200000000000273e+02,4.119531250000000000e+01
2.617600000000000477e+02,4.110156250000000000e+01
2.618000000000000114e+02,4.079687500000000000e+01
2.618399999999999750e+02,4.137500000000000000e+01
2.618800000000000523e+02,4.092187500000000000e+01
2.619200000000000159e+02,4.103125000000000000e+01
2.619599999999999795e+02,4.103906250000000000e+01
2.620000000000000000e+02,4.109375000000000000e+01
2.620400000000000205e+02,4.160156250000000000e+01
2.620800000000000409e+02,4.092187500000000000e+01
2.621200000000000045e+02,4.130468750000000000e+01
2.621600000000000250e+02,4.112500000000000000e+01
2.622000000000000455e+02,4.132031250000000000e+01
2.622400000000000091e+02,4.119531250000000000e+01
2.622800000000000296e+02,4.157031250000000000e+01
2.623200000000000500e+02,4.131250000000000000e+01
2.623600000000000136e+02,4.129687500000000711e+01
2.624000000000000341e+02,4.142968750000000000e+01
2.624399999999999977e+02,4.100000000000000000e+01
2.624800000000000182e+02,4.093750000000000000e+01
2.625200000000000387e+02,4.130468750000000000e+01
2.625600000000000023e+02,4.079687500000000000e+01
2.626000000000000227e+02,4.134375000000000000e+01
2.626400000000000432e+02,4.175000000000000000e+01
2.626800000000000068e+02,4.126562500000000000e+01
2.627200000000000273e+02,4.178125000000000000e+01
2.627599999999999909e+02,4.072656250000000000e+01
2.628000000000000682e+02,4.171875000000000000e+01
2.628400000000000318e+02,4.124218750000000000e+01
2.628799999999999955e+02,4.050000000000000000e+01
2.629200000000000159e+02,4.121875000000000000e+01
2.629600000000000364e+02,4.127343750000000000e+01
2.630000000000000000e+02,4.108593750000000000e+01
2.630400000000000205e+02,4.121875000000000000e+01
2.630799999999999841e+02,4.112500000000000000e+01
2.631200000000000614e+02,4.125000000000000000e+01
2.631600000000000250e+02,4.106250000000000000e+01
2.631999999999999886e+02,4.128906250000000000e+01
2.632400000000000091e+02,4.125000000000000000e+01
2.632800000000000296e+02,4.123437500000000711e+01
2.633199999999999932e+02,4.164062500000000000e+01
2.633600000000000136e+02,4.097656250000000000e+01
2.633999999999999773e+02,4.158593750000000000e+01
2.634400000000000546e+02,4.123437500000000711e+01
2.634800000000000182e+02,4.157812500000000000e+01
2.635199999999999818e+02,4.182812500000000000e+01
2.635600000000000591e+02,4.145312500000000000e+01
2.636000000000000227e+02,4.077343750000000000e+01
2.636400000000000432e+02,4.085937500000000000e+01
2.636800000000000068e+02,4.061718750000000000e+01
2.637200000000000273e+02,4.116406250000000000e+01
2.637600000000000477e+02,4.148437500000000711e+01
2.638000000000000114e+02,4.156250000000000000e+01
2.638399999999999750e+02,4.139062500000000000e+01
2.638800000000000523e+02,4.118750000000000000e+01
2.639200000000000159e+02,4.148437500000000711e+01
2.639600000000000364e+02,4.131250000000000000e+01
2.640000000000000000e+02,4.164843750000000000e+01
2.640400000000000205e+02,4.103125000000000000e+01
2.640800000000000409e+02,4.118750000000000000e+01
2.641200000000000045e+02,4.161718750000000000e+01
2.641599999999999682e+02,4.128125000000000000e+01
2.642000000000000455e+02,4.190625000000000000e+01
2.642400000000000091e+02,4.128906250000000000e+01
2.642800000000000296e+02,4.128125000000000000e+01
2.643199999999999932e+02,4.145312500000000000e+01
2.643600000000000136e+02,4.070312500000000000e+01
2.644000000000000341e+02,4.120312500000000000e+01
2.644399999999999977e+02,4.132812500000000000e+01
2.644800000000000182e+02,4.086718750000000000e+01
2.645200000000000387e+02,4.135937500000000711e+01
2.645600000000000023e+02,4.118750000000000000e+01
2.646000000000000227e+02,4.164062500000000000e+01
2.646399999999999864e+02,4.135937500000000711e+01
2.646800000000000068e+02,4.160937500000000711e+01
2.647200000000000273e+02,4.106250000000000000e+01
2.647599999999999909e+02,4.157031250000000000e+01
2.648000000000000114e+02,4.116406250000000000e+01
2.648400000000000318e+02,4.160156250000000000e+01
2.648799999999999955e+02,4.118750000000000000e+01
2.649200000000000159e+02,4.138281250000000000e+01
2.649600000000000364e+02,4.112500000000000000e+01
2.650000000000000568e+02,4.113281250000000000e+01
2.650400000000000205e+02,4.093750000000000000e+01
2.650799999999999841e+02,4.116406250000000000e+01
2.651200000000000614e+02,4.157031250000000000e+01
2.651600000000000250e+02,4.160937500000000711e+01
2.651999999999999886e+02,4.134375000000000000e+01
2.652400000000000091e+02,4.119531250000000000e+01
2.652800000000000296e+02,4.106250000000000000e+01
2.653200000000000500e+02,4.166406250000000000e+01
2.653600000000000136e+02,4.174218750000000000e+01
2.653999999999999773e+02,4.153125000000000000e+01
2.654400000000000546e+02,4.179687500000000711e+01
2.654800000000000182e+02,4.085156250000000000e+01
2.655199999999999818e+02,4.103125000000000000e+01
2.655600000000000023e+02,4.117968750000000000e+01
2.656000000000000227e+02,4.160156250000000000e+01
2.656400000000000432e+02,4.159375000000000000e+01
2.656800000000000068e+02,4.090625000000000000e+01
2.657199999999999704e+02,4.143750000000000000e+01
2.657600000000000477e+02,4.131250000000000000e+01
2.658000000000000114e+02,4.125000000000000000e+01
2.658400000000000318e+02,4.137500000000000000e+01
2.658799999999999955e+02,4.139843750000000000e+01
2.659200000000000159e+02,4.137500000000000000e+01
2.659600000000000364e+02,4.128906250000000000e+01
2.660000000000000000e+02,4.155468750000000000e+01
2.660400000000000205e+02,4.137500000000000000e+01
2.660800000000000409e+02,4.192187500000000711e+01
2.661200000000000045e+02,4.085156250000000000e+01
2.661600000000000250e+02,4.185937500000000711e+01
2.662000000000000455e+02,4.192968750000000000e+01
2.662400000000000091e+02,4.175000000000000000e+01
2.662800000000000296e+02,4.135937500000000711e+01
2.663199999999999932e+02,4.147656250000000000e+01
2.663600000000000705e+02,4.122656250000000000e+01
2.664000000000000341e+02,4.101562500000000000e+01
2.664399999999999977e+02,4.100781250000000000e+01
2.664800000000000182e+02,4.180468750000000000e+01
2.665200000000000387e+02,4.121875000000000000e+01
2.665600000000000023e+02,4.086718750000000000e+01
2.666000000000000227e+02,4.151562500000000000e+01
2.666399999999999864e+02,4.146093750000000000e+01
2.666800000000000637e+02,4.117187500000000711e+01
2.667200000000000273e+02,4.125000000000000000e+01
2.667599999999999909e+02,4.170312500000000000e+01
2.668000000000000114e+02,4.151562500000000000e+01
2.668400000000000318e+02,4.114843750000000000e+01
2.668799999999999955e+02,4.193750000000000000e+01
2.669200000000000159e+02,4.139843750000000000e+01
2.669599999999999795e+02,4.152343750000000000e+01
2.670000000000000568e+02,4.089062500000000000e+01
2.670400000000000205e+02,4.129687500000000711e+01
2.670799999999999841e+02,4.128906250000000000e+01
2.671200000000000045e+02,4.132812500000000000e+01
2.671600000000000250e+02,4.163281250000000000e+01
2.672000000000000455e+02,4.163281250000000000e+01
2.672400000000000091e+02,4.127343750000000000e+01
2.672800000000000296e+02,4.182812500000000000e+01
2.673200000000000500e+02,4.155468750000000000e+01
2.673600000000000136e+02,4.161718750000000000e+01
2.673999999999999773e+02,4.127343750000000000e+01
2.674400000000000546e+02,4.132812500000000000e+01
2.674800000000000182e+02,4.134375000000000000e+01
2.675200000000000387e+02,4.185156250000000000e+01
2.675600000000000023e+02,4.113281250000000000e+01
2.676000000000000227e+02,4.107812500000000000e+01
2.676400000000000432e+02,4.167968750000000000e+01
2.676800000000000068e+02,4.160156250000000000e+01
2.677200000000000273e+02,4.130468750000000000e+01
2.677600000000000477e+02,4.110937500000000000e+01
2.678000000000000114e+02,4.139843750000000000e+01
2.678400000000000318e+02,4.117968750000000000e+01
2.678799999999999955e+02,4.099218750000000000e+01
2.679200000000000159e+02,4.184375000000000000e+01
2.679600000000000364e+02,4.125000000000000000e+01
2.680000000000000000e+02,4.160156250000000000e+01
2.680400000000000205e+02,4.171093750000000000e+01
2.680800000000000409e+02,4.184375000000000000e+01
2.681200000000000045e+02,4.153906250000000000e+01
2.681600000000000250e+02,4.165625000000000000e+01
2.681999999999999886e+02,4.157812500000000000e+01
2.682400000000000091e+02,4.135937500000000711e+01
2.682800000000000296e+02,4.170312500000000000e+01
2.683199999999999932e+02,4.133593750000000000e+01
2.683600000000000136e+02,4.150781250000000000e+01
2.684000000000000341e+02,4.204687500000000000e+01
2.684399999999999977e+02,4.168750000000000000e+01
2.684800000000000182e+02,4.142968750000000000e+01
2.685200000000000387e+02,4.143750000000000000e+01
2.685600000000000591e+02,4.091406250000000000e+01
2.686000000000000227e+02,4.164062500000000000e+01
2.686399999999999864e+02,4.093750000000000000e+01
2.686800000000000637e+02,4.176562500000000000e+01
2.687200000000000273e+02,4.164843750000000000e+01
2.687599999999999909e+02,4.197656250000000000e+01
2.688000000000000114e+02,4.199218750000000000e+01
2.688400000000000318e+02,4.103125000000000000e+01
2.688800000000000523e+02,4.085937500000000000e+01
2.689200000000000159e+02,4.171875000000000000e+01
2.689599999999999795e+02,4.117968750000000000e+01
2.690000000000000568e+02,4.121093750000000000e+01
2.690400000000000205e+02,4.158593750000000000e+01
2.690799999999999841e+02,4.138281250000000000e+01
2.691200000000000045e+02,4.185156250000000000e+01
2.691600000000000250e+02,4.253125000000000000e+01
2.692000000000000455e+02,4.200000000000000000e+01
2.692400000000000091e+02,4.104687500000000000e+01
2.692799999999999727e+02,4.146093750000000000e+01
2.693200000000000500e+02,4.113281250000000000e+01
2.693600000000000136e+02,4.185937500000000711e+01
2.694000000000000341e+02,4.156250000000000000e+01
2.694399999999999977e+02,4.174218750000000000e+01
2.694800000000000182e+02,4.106250000000000000e+01
2.695200000000000387e+02,4.156250000000000000e+01
2.695600000000000023e+02,4.144531250000000000e+01
2.695999999999999659e+02,4.132812500000000000e+01
2.696400000000000432e+02,4.224218750000000000e+01
2.696800000000000068e+02,4.143750000000000000e+01
2.697200000000000273e+02,4.122656250000000000e+01
2.697599999999999909e+02,4.174218750000000000e+01
2.698000000000000114e+02,4.210937500000000000e+01
2.698400000000000318e+02,4.103125000000000000e+01
2.698799999999999955e+02,4.150781250000000000e+01
2.699200000000000728e+02,4.138281250000000000e+01
2.699600000000000364e+02,4.125000000000000000e+01
2.700000000000000000e+02,4.127343750000000000e+01
2.700400000000000205e+02,4.160156250000000000e+01
2.700800000000000409e+02,4.184375000000000000e+01
2.701200000000000045e+02,4.156250000000000000e+01
2.701600000000000250e+02,4.175781250000000000e+01
2.701999999999999886e+02,4.096093750000000000e+01
2.702400000000000659e+02,4.117187500000000711e+01
2.702800000000000296e+02,4.199218750000000000e+01
2.703199999999999932e+02,4.175000000000000000e+01
2.703600000000000136e+02,4.153125000000000000e+01
2.704000000000000341e+02,4.185156250000000000e+01
2.704399999999999977e+02,4.160937500000000711e+01
2.704800000000000182e+02,4.103906250000000000e+01
2.705199999999999818e+02,4.190625000000000000e+01
2.705600000000000591e+02,4.147656250000000000e+01
2.706000000000000227e+02,4.124218750000000000e+01
2.706399999999999864e+02,4.180468750000000000e+01
2.706800000000000068e+02,4.135156250000000000e+01
2.707200000000000273e+02,4.160937500000000711e+01
2.707600000000000477e+02,4.147656250000000000e+01
2.708000000000000114e+02,4.142187500000000711e+01
2.708399999999999750e+02,4.148437500000000711e+01
2.708800000000000523e+02,4.169531250000000000e+01
2.709200000000000159e+02,4.125000000000000000e+01
2.709599999999999795e+02,4.114843750000000000e+01
2.710000000000000000e+02,4.100000000000000000e+01
2.710400000000000205e+02,4.172656250000000000e+01
2.710800000000000409e+02,4.166406250000000000e+01
2.711200000000000045e+02,4.146093750000000000e+01
2.711600000000000250e+02,4.227343750000000711e+01
2.712000000000000455e+02,4.172656250000000000e+01
2.712400000000000091e+02,4.212500000000000000e+01
2.712800000000000296e+02,4.185937500000000711e+01
2.713200000000000500e+02,4.128906250000000000e+01
2.713600000000000136e+02,4.129687500000000711e+01
2.714000000000000341e+02,4.140625000000000000e+01
2.714399999999999977e+02,4.135937500000000711e+01
2.714800000000000182e+02,4.186718750000000000e+01
2.715200000000000387e+02,4.189062500000000000e+01
2.715600000000000023e+02,4.139062500000000000e+01
2.716000000000000227e+02,4.169531250000000000e+01
2.716400000000000432e+02,4.203906250000000000e+01
2.716800000000000068e+02,4.112500000000000000e+01
2.717200000000000273e+02,4.125781250000000000e+01
2.717599999999999909e+02,4.136718750000000000e+01
2.718000000000000114e+02,4.170312500000000000e+01
2.718400000000000318e+02,4.100000000000000000e+01
2.718799999999999955e+02,4.147656250000000000e+01
2.719200000000000159e+02,4.175781250000000000e+01
2.719600000000000364e+02,4.218750000000000000e+01
2.720000000000000000e+02,4.192968750000000000e+01
2.720400000000000205e+02,4.149218750000000000e+01
2.720799999999999841e+02,4.189843750000000000e+01
2.721200000000000614e+02,4.200781250000000000e+01
2.721600000000000250e+02,4.127343750000000000e+01
2.721999999999999886e+02,4.192187500000000711e+01
2.722400000000000091e+02,4.153125000000000000e+01
2.722800000000000296e+02,4.154687500000000711e+01
2.723199999999999932e+02,4.146093750000000000e+01
2.723600000000000136e+02,4.180468750000000000e+01
2.724000000000000341e+02,4.135156250000000000e+01
2.724400000000000546e+02,4.174218750000000000e+01
2.724800000000000182e+02,4.134375000000000000e+01
2.725199999999999818e+02,4.226562500000000000e+01
2.725600000000000591e+02,4.117187500000000711e+01
2.726000000000000227e+02,4.150000000000000000e+01
2.726399999999999864e+02,4.172656250000000000e+01
2.726800000000000068e+02,4.197656250000000000e+01
2.727200000000000273e+02,4.141406250000000000e+01
2.727600000000000477e+02,4.150000000000000000e+01
2.728000000000000114e+02,4.143750000000000000e+01
2.728399999999999750e+02,4.178125000000000000e+01
2.728800000000000523e+02,4.179687500000000711e+01
2.729200000000000159e+02,4.165625000000000000e+01
2.729600000000000364e+02,4.179687500000000711e+01
2.730000000000000000e+02,4.192968750000000000e+01
2.730400000000000205e+02,4.115625000000000000e+01
2.730800000000000409e+02,4.144531250000000000e+01
2.731200000000000045e+02,4.152343750000000000e+01
2.731599999999999682e+02,4.154687500000000711e+01
2.732000000000000455e+02,4.171875000000000000e+01
2.732400000000000091e+02,4.217968750000000000e+01
2.732800000000000296e+02,4.192968750000000000e+01
2.733199999999999932e+02,4.171875000000000000e+01
2.733600000000000136e+02,4.199218750000000000e+01
2.734000000000000341e+02,4.145312500000000000e+01
2.734399999999999977e+02,4.135937500000000711e+01
2.734800000000000182e+02,4.200781250000000000e+01
2.735200000000000387e+02,4.131250000000000000e+01
2.735600000000000023e+02,4.162500000000000000e+01
2.736000000000000227e+02,4.138281250000000000e+01
2.736400000000000432e+02,4.174218750000000000e+01
2.736800000000000068e+02,4.172656250000000000e+01
2.737200000000000273e+02,4.213281250000000000e+01
2.737599999999999909e+02,4.168750000000000000e+01
2.738000000000000682e+02,4.140625000000000000e+01
2.738400000000000318e+02,4.163281250000000000e+01
2.738799999999999955e+02,4.160937500000000711e+01
2.739200000000000159e+02,4.153906250000000000e+01
2.739600000000000364e+02,4.207031250000000000e+01
2.740000000000000000e+02,4.205468750000000000e+01
2.740400000000000205e+02,4.166406250000000000e+01
2.740799999999999841e+02,4.184375000000000000e+01
2.741200000000000614e+02,4.182031250000000000e+01
2.741600000000000250e+02,4.152343750000000000e+01
2.741999999999999886e+02,4.127343750000000000e+01
2.742400000000000091e+02,4.164062500000000000e+01
2.742800000000000296e+02,4.198437500000000711e+01
2.743200000000000500e+02,4.202343750000000000e+01
2.743600000000000136e+02,4.190625000000000000e+01
2.743999999999999773e+02,4.179687500000000711e+01
2.744400000000000546e+02,4.185156250000000000e+01
2.744800000000000182e+02,4.171093750000000000e+01
2.745199999999999818e+02,4.148437500000000711e+01
2.745600000000000023e+02,4.200781250000000000e+01
2.746000000000000227e+02,4.171093750000000000e+01
2.746400000000000432e+02,4.214062500000000000e+01
2.746800000000000068e+02,4.225781250000000000e+01
2.747200000000000273e+02,4.179687500000000711e+01
2.747600000000000477e+02,4.142968750000000000e+01
2.748000000000000114e+02,4.180468750000000000e+01
2.748400000000000318e+02,4.207031250000000000e+01
2.748800000000000523e+02,4.186718750000000000e+01
2.749200000000000159e+02,4.171093750000000000e+01
2.749600000000000364e+02,4.181250000000000000e+01
2.750000000000000000e+02,4.129687500000000711e+01
2.750400000000000205e+02,4.184375000000000000e+01
2.750800000000000409e+02,4.175000000000000000e+01
2.751200000000000045e+02,4.186718750000000000e+01
2.751600000000000250e+02,4.157031250000000000e+01
2.752000000000000455e+02,4.235937500000000000e+01
2.752400000000000091e+02,4.132031250000000000e+01
2.752800000000000296e+02,4.221875000000000000e+01
2.753199999999999932e+02,4.150000000000000000e+01
2.753600000000000136e+02,4.159375000000000000e+01
2.754000000000000341e+02,4.178125000000000000e+01
2.754399999999999977e+02,4.151562500000000000e+01
2.754800000000000182e+02,4.147656250000000000e+01
2.755200000000000387e+02,4.224218750000000000e+01
2.755600000000000023e+02,4.181250000000000000e+01
2.756000000000000227e+02,4.194531250000000000e+01
2.756399999999999864e+02,4.136718750000000000e+01
2.756800000000000637e+02,4.111718750000000000e+01
2.757200000000000273e+02,4.157812500000000000e+01
2.757599999999999909e+02,4.175781250000000000e+01
2.758000000000000114e+02,4.129687500000000711e+01
2.758400000000000318e+02,4.189843750000000000e+01
2.758799999999999955e+02,4.185937500000000711e+01
2.759200000000000159e+02,4.131250000000000000e+01
2.759599999999999795e+02,4.173437500000000711e+01
2.760000000000000568e+02,4.200781250000000000e+01
2.760400000000000205e+02,4.182031250000000000e+01
2.760799999999999841e+02,4.182031250000000000e+01
2.761200000000000045e+02,4.177343750000000000e+01
2.761600000000000250e+02,4.214843750000000711e+01
2.762000000000000455e+02,4.207031250000000000e+01
2.762400000000000091e+02,4.183593750000000000e+01
2.762800000000000296e+02,4.161718750000000000e+01
2.763200000000000500e+02,4.142968750000000000e+01
2.763600000000000136e+02,4.152343750000000000e+01
2.763999999999999773e+02,4.188281250000000000e+01
2.764400000000000546e+02,4.160937500000000711e+01
2.764800000000000182e+02,4.174218750000000000e+01
2.765200000000000387e+02,4.232812500000000000e+01
2.765600000000000023e+02,4.180468750000000000e+01
2.766000000000000227e+02,4.170312500000000000e+01
2.766400000000000432e+02,4.214062500000000000e+01
2.766800000000000068e+02,4.200000000000000000e+01
2.767199999999999704e+02,4.182031250000000000e+01
2.767600000000000477e+02,4.163281250000000000e+01
2.768000000000000114e+02,4.163281250000000000e+01
2.768400000000000318e+02,4.182812500000000000e+01
2.768799999999999955e+02,4.128906250000000000e+01
2.769200000000000159e+02,4.170312500000000000e+01
2.769600000000000364e+02,4.175000000000000000e+01
2.770000000000000000e+02,4.199218750000000000e+01
2.770400000000000205e+02,4.192187500000000711e+01
2.770800000000000409e+02,4.142187500000000711e+01
2.771200000000000045e+02,4.143750000000000000e+01
2.771600000000000250e+02,4.156250000000000000e+01
2.771999999999999886e+02,4.182031250000000000e+01
2.772400000000000091e+02,4.123437500000000711e+01
2.772800000000000296e+02,4.165625000000000000e+01
2.773199999999999932e+02,4.151562500000000000e+01
2.773600000000000136e+02,4.218750000000000000e+01
2.774000000000000341e+02,4.175781250000000000e+01
2.774399999999999977e+02,4.179687500000000711e+01
2.774800000000000182e+02,4.220312500000000000e+01
2.775200000000000387e+02,4.214062500000000000e+01
2.775600000000000023e+02,4.170312500000000000e+01
2.776000000000000227e+02,4.142187500000000711e+01
2.776399999999999864e+02,4.151562500000000000e+01
2.776800000000000637e+02,4.196093750000000000e+01
2.777200000000000273e+02,4.225781250000000000e+01
2.777599999999999909e+02,4.175781250000000000e+01
2.778000000000000114e+02,4.178906250000000000e+01
2.778400000000000318e+02,4.165625000000000000e+01
2.778800000000000523e+02,4.156250000000000000e+01
2.779200000000000159e+02,4.199218750000000000e+01
2.779599999999999795e+02,4.207812500000000000e+01
2.780000000000000568e+02,4.213281250000000000e+01
2.780400000000000205e+02,4.180468750000000000e+01
2.780799999999999841e+02,4.202343750000000000e+01
2.781200000000000045e+02,4.150781250000000000e+01
2.781600000000000250e+02,4.181250000000000000e+01
2.782000000000000455e+02,4.210937500000000000e+01
2.782400000000000091e+02,4.250781250000000000e+01
2.782799999999999727e+02,4.132031250000000000e+01
2.783200000000000500e+02,4.133593750000000000e+01
2.783600000000000136e+02,4.175000000000000000e+01
2.784000000000000341e+02,4.199218750000000000e+01
2.784399999999999977e+02,4.179687500000000711e+01
2.784800000000000182e+02,4.184375000000000000e+01
2.785200000000000387e+02,4.175000000000000000e+01
2.785600000000000023e+02,4.202343750000000000e+01
2.786000000000000227e+02,4.196875000000000000e+01
2.786400000000000432e+02,4.169531250000000000e+01
2.786800000000000068e+02,4.171093750000000000e+01
2.787200000000000273e+02,4.133593750000000000e+01
2.787600000000000477e+02,4.192187500000000711e+01
2.788000000000000114e+02,4.153125000000000000e+01
2.788400000000000318e+02,4.190625000000000000e+01
2.788799999999999955e+02,4.189062500000000000e+01
2.789200000000000159e+02,4.117968750000000000e+01
2.789600000000000364e+02,4.197656250000000000e+01
2.790000000000000000e+02,4.214843750000000711e+01
2.790400000000000205e+02,4.213281250000000000e+01
2.790800000000000409e+02,4.200000000000000000e+01
2.791200000000000045e+02,4.180468750000000000e+01
2.791600000000000250e+02,4.167187500000000711e+01
2.791999999999999886e+02,4.178906250000000000e+01
2.792400000000000659e+02,4.179687500000000711e+01
2.792800000000000296e+02,4.203125000000000000e+01
2.793199999999999932e+02,4.193750000000000000e+01
2.793600000000000136e+02,4.208593750000000000e+01
2.794000000000000341e+02,4.211718750000000000e+01
2.794399999999999977e+02,4.152343750000000000e+01
2.794800000000000182e+02,4.157031250000000000e+01
2.795199999999999818e+02,4.175781250000000000e+01
2.795600000000000591e+02,4.203125000000000000e+01
2.796000000000000227e+02,4.153125000000000000e+01
2.796399999999999864e+02,4.169531250000000000e+01
2.796800000000000068e+02,4.172656250000000000e+01
2.797200000000000273e+02,4.221875000000000000e+01
2.797600000000000477e+02,4.185937500000000711e+01
2.798000000000000114e+02,4.221093750000000711e+01
2.798400000000000318e+02,4.157812500000000000e+01
2.798800000000000523e+02,4.162500000000000000e+01
2.799200000000000159e+02,4.183593750000000000e+01
2.799599999999999795e+02,4.142187500000000711e+01
